1.,http://product.dangdang.com/23555428.html,郑渊洁给孩子的励志书,郑渊洁,2014-09-15,天津人民出版社,64240条评论
2.,http://product.dangdang.com/23305535.html,刘墉给孩子的成长书,刘墉,2013-07-29,接力出版社,133434条评论
3.,http://product.dangdang.com/23668468.html,做最富足的自己（歪歪兔财商教育童话，全10册）,歪歪兔关键期早教项目组,2015-05-01,海豚出版社,66644条评论
4.,http://product.dangdang.com/23628957.html,允许我流三滴泪系列（套装共5册）,赵静,2015-02-01,河北少年儿童出版社,63970条评论
5.,http://product.dangdang.com/23232077.html,妈妈，钱是什么？（全6册）,格里・贝利,2013-04-01,贵州教育出版社,42102条评论
6.,http://product.dangdang.com/23977156.html,毕淑敏给孩子的心灵成长书（全6册）,毕淑敏,2016-06-01,广西师范大学出版社,29746条评论
7.,http://product.dangdang.com/23925181.html,绽放自我――歪歪兔生命教育童话（培养孩子独立思考的能力）,吉葡乐,2016-05-01,海豚出版社,25087条评论
8.,http://product.dangdang.com/23464270.html,刘墉给孩子的成长书(第二辑，共5册),刘墉,2014-06-01,接力出版社,29708条评论
9.,http://product.dangdang.com/22468968.html,写给孩子的哲学启蒙书（全六册）,拉贝,2011-07-01,广西师范大学出版社,55791条评论
10.,http://product.dangdang.com/23827532.html,挫折万岁（全6册）,宫川比吕,2015-12-01,长江少年儿童出版社,13417条评论
11.,http://product.dangdang.com/23308528.html,人生第一课 写给孩子的哲学书（全7册）,伯瑞茨,2013-08-01,湖南少儿出版社,22377条评论
12.,http://product.dangdang.com/23547030.html,永远的小太阳（林良美文书坊，共七册）,林良,2014-08-01,福建少年儿童出版社,10242条评论
13.,http://product.dangdang.com/24004288.html,小狗钱钱套装（全两册）,博多・舍费尔,2014-03-01,四川少儿出版社,35542条评论
14.,http://product.dangdang.com/23588255.html,好习惯攻略：郑渊洁分享给孩子和家长的好习惯书,郑渊洁,2014-11-01,天津人民出版社,45478条评论
15.,http://product.dangdang.com/23696777.html,爱上哲学（共10册）,严・马尔尚,2015-06-01,浙江少年儿童出版社,9637条评论
16.,http://product.dangdang.com/24004241.html,小狗钱钱,博多・舍费尔,2004-03-01,四川少儿出版社,42874条评论
17.,http://product.dangdang.com/23732069.html,郑渊洁给孩子的励志书（美绘版）全10册,郑渊洁,2015-06-01,天津人民出版社,9398条评论
18.,http://product.dangdang.com/23797284.html,萨默励志・品德故事,卡尔・萨默,2015-10-01,接力出版社,9946条评论
19.,http://product.dangdang.com/23376717.html,爱.成长芭比公主励志小说  （全8册）,美国美泰公司,2013-12-01,湖北少儿出版社,15318条评论
20.,http://product.dangdang.com/24167985.html,管好自己就能飞（全3册）,吴牧天,2017-01-01,接力出版社,8335条评论
21.,http://product.dangdang.com/23735425.html,孩子，先别急着吃棉花糖+孩子，假如你吃了棉花糖,乔辛迪波沙达,2015-07-01,青岛出版社,30767条评论
22.,http://product.dangdang.com/20093876.html,为你自己读书,肖卫,2007-12-01,中国华侨,120527条评论
23.,http://product.dangdang.com/23295894.html,诺贝尔奖获得者与儿童对话（三版）,施蒂克尔,2013-07-01,生活.读书.新知三联书店,37562条评论
24.,http://product.dangdang.com/25155746.html,殷健灵：致渴望长大的你（套装全4册）,殷健灵,2017-09-01,国家开放大学出版社,6887条评论
25.,http://product.dangdang.com/25168921.html,儿童财商绘本(全10册),袋鼠妈妈,2017-08-31,金盾出版社,5524条评论
26.,http://product.dangdang.com/23743429.html,我的第一本时尚养成书 优雅小淑女,魏晓曦,2015-08-01,浙江少年儿童出版社,14235条评论
27.,http://product.dangdang.com/23298807.html,致未来的你――给女孩的十五封信,殷健灵,2013-07-01,青岛出版社,55142条评论
28.,http://product.dangdang.com/22813019.html,女孩百科,全英信,2012-07-01,江西科学技术出版社,15409条评论
29.,http://product.dangdang.com/23931834.html,棉花糖少年励志三书-美国潜能激发大师波沙达写给少年的励志书,乔辛,2016-04-01,青岛出版社,8215条评论
30.,http://product.dangdang.com/23915694.html,致未来的你――给男孩的十五封信,徐鲁,2016-03-15,青岛出版社,32607条评论
31.,http://product.dangdang.com/22567457.html,孩子，先别急着吃棉花糖 升级版,乔辛.迪.波沙达,2011-12-01,青岛出版社,103775条评论
32.,http://product.dangdang.com/23425930.html,小狗钱钱2,博多・舍弗尔,2014-03-01,四川少儿出版社,27710条评论
33.,http://product.dangdang.com/23922540.html,勇敢男孩的梦想之书（全6册）,殷健灵,2016-04-01,湖南少年儿童出版社,1726条评论
34.,http://product.dangdang.com/25085464.html,允许我流三滴泪系列 第二季,赵静,2017-05-01,河北少年儿童出版社,2929条评论
35.,http://product.dangdang.com/20952984.html,我的第一套成长秘籍（全6册）,格里・贝莉,2010-08-01,贵州教育出版社,13215条评论
36.,http://product.dangdang.com/23641253.html,皮皮鲁的点铁成金术,郑渊洁,2015-02-01,天津人民出版社,4221条评论
37.,http://product.dangdang.com/25122577.html,儿童自我成长小百科（全六套）,迪尔克・康纳茨,2017-08-17,四川人民出版社,323条评论
38.,http://product.dangdang.com/22925431.html,爱哭鬼小隼,河合隼雄,2012-12-04,浙江人民出版社,17554条评论
39.,http://product.dangdang.com/23759176.html,《你好，十年后的我》+《致未来的你――给女孩的十五封信》,殷健灵,2015-09-30,青岛出版社,7210条评论
40.,http://product.dangdang.com/23648351.html,写给孩子的哲学启蒙书（7-8卷）,碧姬拉贝,2015-02-01,广西师范大学出版社,9021条评论
41.,http://product.dangdang.com/22912580.html,少年特种兵第三辑・海岛特种战系列（全4册）,张永军,2012-11-15,中国少年儿童出版社,11949条评论
42.,http://product.dangdang.com/24043962.html,青少年财商・商业天才与伟大创意,西班牙SOL,2016-09-01,阳光出版社,1533条评论
43.,http://product.dangdang.com/23737914.html,致成长中的你――十五封青春书简――2015中国好书,殷健灵,2015-07-01,长江文艺出版社,16010条评论
44.,http://product.dangdang.com/24105956.html,男孩百科：打造超级学霸，人气男孩的成长书（套装共8册）,彭凡,2017-01-01,化学工业出版社,1518条评论
45.,http://product.dangdang.com/23969034.html,哈佛凌晨四点半少年版（套装共5册）,韦秀英,2016-05-01,河北少年儿童出版社,6420条评论
46.,http://product.dangdang.com/23997052.html,做内心强大的自己―自信力培养系列（全8册）,恐龙小Q儿童教育中心,2016-06-01,五洲传播出版社,4048条评论
47.,http://product.dangdang.com/24187504.html,学会交朋友（全5册）,莫妮卡・菲莉皮娜,2017-03-01,中国青年出版社,2326条评论
48.,http://product.dangdang.com/23858979.html,最棒的成长（套装共6册）,赵静,2016-03-01,河北少年儿童出版社,1858条评论
49.,http://product.dangdang.com/22472872.html,快乐儿童的7个习惯,柯维,2011-08-01,南海出版公司,34756条评论
50.,http://product.dangdang.com/23798451.html,美国心理学会儿童情绪管理丛书（共6册）,唐许布纳,2015-09-01,新星出版社,2082条评论
51.,http://product.dangdang.com/23507278.html,女孩百科（套装共8册）,彭凡,2014-06-01,化学工业出版社,1363条评论
52.,http://product.dangdang.com/25094481.html,萨默励志・品德故事,卡尔・萨默,2015-10-01,接力出版社,1746条评论
53.,http://product.dangdang.com/23480985.html,管好自己就能飞+自觉可以练出来（全2册）,吴牧天,2014-06-01,接力出版社,10339条评论
54.,http://product.dangdang.com/21049509.html,做个有出息的女孩（第二版）,党博,2011-04-01,中国纺织出版社,44724条评论
55.,http://product.dangdang.com/23196066.html,管好自己就能飞,吴牧天,2013-03-01,接力出版社,53043条评论
56.,http://product.dangdang.com/23915695.html,99℃――孩子，做更好的自己,乔辛,2016-03-01,青岛出版社,9558条评论
57.,http://product.dangdang.com/23851396.html,周末与爱丽丝聊天系列（套装共5册）,程玮,2016-01-20,,2262条评论
58.,http://product.dangdang.com/23735395.html,孩子，假如你吃了棉花糖,波沙达,2015-08-10,青岛出版社,10382条评论
59.,http://product.dangdang.com/23326257.html,最好的我（套装共6册）,刘祥和,2013-08-01,北京日报出版社（原同心出版社）,4757条评论
60.,http://product.dangdang.com/24101841.html,周末与爱丽丝聊天（套装共6册）,程玮,2017-01-01,五洲传播出版社,2059条评论
61.,http://product.dangdang.com/23737175.html,天天励志小说馆（草原上的小木屋+贝茜成长的奥秘+太阳溪农场的丽贝卡+波莉安娜/曹文轩、常新港、沈石溪联袂推荐/获纽伯瑞儿童文学奖银奖/美国图书馆协会推荐童书奖/励志经典、畅销百年，永远的温暖与感动）,劳拉・怀尔德,2015-05-01,天天出版社有限责任公司,2364条评论
62.,http://product.dangdang.com/23591336.html,唐浩明评点曾国藩家书（青少版）,唐浩明,2014-10-01,湖南少年儿童出版社,3773条评论
63.,http://product.dangdang.com/20818330.html,儿童心灵成长自助宝典（套装共10册）,金珉政,2010-01-01,江苏少年儿童出版社,4389条评论
64.,http://product.dangdang.com/25069497.html,快乐儿童的7个习惯,肖恩・柯维,2017-05-01,南海出版公司,13732条评论
65.,http://product.dangdang.com/23702651.html,儿童财商教育绘本・经济原理（全5册）,金民政,2015-06-01,地震出版社,2263条评论
66.,http://product.dangdang.com/23702652.html,儿童财商教育绘本・消费（全5册）培养高财商，打造黄金未来！,李永庆,2015-06-01,地震出版社,2171条评论
67.,http://product.dangdang.com/23384810.html,金麦田品格教育精品阅读・第1辑（套装全6册）,李文英,2013-12-01,安徽少年儿童出版社,4042条评论
68.,http://product.dangdang.com/23382241.html,懂事的男孩有出息：13岁之前男孩一定要懂的61件事（漫画版）,李志敏,2014-01-01,中国纺织出版社,17649条评论
69.,http://product.dangdang.com/24028631.html,孩子，你该如何自我保护――方法学家给孩子的安全管理秘籍,吴甘霖,2016-09-01,接力出版社,3919条评论
70.,http://product.dangdang.com/22938007.html,《成长的要素》（共8本）,帕米拉・埃斯普兰德,2012-11-01,河北少年儿童出版社,22555条评论
71.,http://product.dangdang.com/23382242.html,懂事的女孩有出息：13岁之前女孩一定要懂的61件事（漫画版）,张若兰,2014-01-01,中国纺织出版社,9884条评论
72.,http://product.dangdang.com/23834886.html,天真的问题-信说当下儿童的烦恼(套装共5册）,赵静,2016-01-01,河北少年儿童出版社,1912条评论
73.,http://product.dangdang.com/23394040.html,我要成为了不起的男孩(全4册),张丽丽,2013-12-12,北京教育出版社,3175条评论
74.,http://product.dangdang.com/24011204.html,学习哪有那么难,王金战,2016-07-01,四川少儿出版社,1993条评论
75.,http://product.dangdang.com/23192485.html,今年，我们小升初,陈盈颖,2013-03-01,中国青年出版社,9476条评论
76.,http://product.dangdang.com/23596969.html,小学生行为习惯养成读本（全12册）,李相培,2014-10-01,中国少年儿童出版社,1130条评论
77.,http://product.dangdang.com/24014698.html,神奇蔬菜店――学会自我管理的情商魔法书,朱京姬,2016-09-01,青岛出版社,2534条评论
78.,http://product.dangdang.com/23344788.html,小小少年・少年励志小说馆（全六册）,法国,2013-09-26,湖北少儿出版社,5082条评论
79.,http://product.dangdang.com/23468542.html,富爸爸穷爸爸少儿彩图版,罗伯特,2014-06-01,四川少儿出版社,3670条评论
80.,http://product.dangdang.com/24028630.html,“方法学家教孩子自我管理” (共3册）管好自己就能飞+自觉可以练出来+孩子，你该如何自我保护,吴甘霖,2016-09-01,接力出版社,696条评论
81.,http://product.dangdang.com/24039942.html,唤醒儿童学习力,林薇,2016-08-01,五洲传播出版社,2148条评论
82.,http://product.dangdang.com/23930760.html,青少年励志故事系列：别让不好意思害了你+不用妈妈唠叨我也能做好等(套装共4册),何易,2016-01-01,北方妇女儿童出版社,819条评论
83.,http://product.dangdang.com/23812149.html,如果生气不见了,图恩特勒根,2015-12-01,贵州人民出版社,3414条评论
84.,http://product.dangdang.com/23809225.html,童年哲学,加雷斯B马修斯,2015-10-01,生活・读书・新知三联书店,2265条评论
85.,http://product.dangdang.com/21049508.html,做个有出息的男孩（第二版）,党博,2011-04-01,中国纺织出版社,10564条评论
86.,http://product.dangdang.com/23461614.html,走进公主的世界――迪士尼公主闪亮明星档案（童趣出品）,童趣出版有限公司,2014-05-01,人民邮电出版社,2339条评论
87.,http://product.dangdang.com/23851399.html,周末与爱丽丝聊天・米兰的秘密花园,程玮,2016-01-20,云南出版集团公司 晨光出版社,8045条评论
88.,http://product.dangdang.com/23836872.html,小学生好习惯系列-我的时间管理习惯没问题！,崔先圭,2016-01-01,现代出版社,26054条评论
89.,http://product.dangdang.com/24043988.html,我该怎么办？：美国小学生欢迎的防欺凌情景绘本,帕梅拉,2016-08-01,煤炭工业出版社,690条评论
90.,http://product.dangdang.com/24165456.html,管好自己就能飞3：做成长的主人,吴牧天,2017-01-01,接力出版社,1642条评论
91.,http://product.dangdang.com/23669407.html,金麦田品格教育精品阅读（第二辑 套装共6册）,毛咪,2015-04-01,安徽少年儿童出版社,1076条评论
92.,http://product.dangdang.com/24106529.html,做自信自律的更好自己（全六册）（经典的青少年心理自助励志读本！做自立自强自信自律的更好自己！）,禹南,2016-10-01,天地出版社,331条评论
93.,http://product.dangdang.com/21110162.html,小主持人语言能力训练 初级 修订版,郭洋,2011-06-01,湖南科技出版社,4079条评论
94.,http://product.dangdang.com/23602854.html,罗克为什么不是狼心狗肺,郑渊洁,2014-11-01,天津人民出版社,1493条评论
95.,http://product.dangdang.com/24106528.html,做自立自强的更好自己（全六册）（经典的青少年心理自助励志读本！做自立自强自信自律的更好自己！）,禹南,2016-10-01,天地出版社,286条评论
96.,http://product.dangdang.com/23809226.html,与儿童对话,加雷斯B马修斯,2015-10-01,生活・读书・新知三联书店,2579条评论
97.,http://product.dangdang.com/23394041.html,我要成为最优秀的女孩(全4册),张丽丽,2013-12-05,北京教育出版社,1139条评论
98.,http://product.dangdang.com/23479875.html,管好自己就能飞2：自觉可以练出来,吴牧天,2014-06-01,接力出版社,6079条评论
99.,http://product.dangdang.com/23905784.html,金麦田习惯养成精品阅读 第一辑（我的时间去哪儿了+写作文不再靠爸妈+专心才能干大事等，套装共6册）,儿童文学研究会,2016-02-01,安徽少年儿童出版社,616条评论
100.,http://product.dangdang.com/24011205.html,英才是家庭造就的,王金战,2016-07-01,四川少儿出版社,1214条评论
101.,http://product.dangdang.com/23809224.html,哲学与幼童（修订版）,加雷斯B马修斯,2015-10-01,生活・读书・新知三联书店,2220条评论
102.,http://product.dangdang.com/24057827.html,少儿语言艺术系列教材:小主持人语言能力训练（中级） 全彩修订版,郭洋,2016-10-31,湖南科技出版社,942条评论
103.,http://product.dangdang.com/23393119.html,少女身体养护手册,沧浪,2014-01-01,中国妇女出版社,2144条评论
104.,http://product.dangdang.com/23922571.html,意林小超人系列套装,斯里兰卡,2016-03-01,,1533条评论
105.,http://product.dangdang.com/20688822.html,做人与做事：知心姐姐书系（家庭版）,卢勤,2009-09-01,中国少年儿童出版社,5960条评论
106.,http://product.dangdang.com/24068428.html,少儿语言艺术系列教材:小主持人语言能力训练（高级） 全彩修订版,郭洋,2016-11-02,湖南科技出版社,644条评论
107.,http://product.dangdang.com/23585185.html,最好的我第二辑（套装共4册）,刘祥和,2014-10-01,北京日报出版社（原同心出版社）,695条评论
108.,http://product.dangdang.com/23504007.html,小主持人训练教程（新）,曾致,2011-04-01,湖南文艺出版社,1574条评论
109.,http://product.dangdang.com/24043034.html,上学了―我能做得更好（全8册）,恐龙小Q儿童教育中心,2016-10-01,五洲传播出版社,395条评论
110.,http://product.dangdang.com/24058318.html,我爱成长・励志故事馆（全12册）,海豚传媒,2016-11-01,长江少年儿童出版社,146条评论
111.,http://product.dangdang.com/24011201.html,王金战家庭教育系列（清华篇）（套装共3册）,王金战,2016-07-01,四川少儿出版社,273条评论
112.,http://product.dangdang.com/22471244.html,美冠纯美阅读外国卷（套装共8册）,王尔德,2011-03-01,   ,855条评论
113.,http://product.dangdang.com/24146661.html,愤怒的小鸟品格故事（全6册）,罗威欧娱乐有限公司,2016-10-01,湖南少年儿童出版社,310条评论
114.,http://product.dangdang.com/23779534.html,你好，十年后的我,殷健灵,2015-09-01,青岛出版社,1184条评论
115.,http://product.dangdang.com/23357458.html,常新港心灵成长系列幻想季（全四册）,常新港,2013-09-01,青岛出版社,694条评论
116.,http://product.dangdang.com/23392975.html,11岁的住宿生,陈盈,2014-01-01,中国青年出版社,2716条评论
117.,http://product.dangdang.com/24036243.html,布马哥哥给孩子的成长书（函套共4册）,童心布马,2016-10-01,北京理工大学出版社,254条评论
118.,http://product.dangdang.com/20771688.html,100个启发故事系列-（新版）培养孩子智慧进取的100个启发故事,禹田,2009-12-01,北京日报出版社（原同心出版社）,2824条评论
119.,http://product.dangdang.com/23743432.html,我的第一本时尚养成书 帅气小绅士VS优雅小淑女（共2册）,魏晓曦,2015-08-01,浙江少年儿童出版社,699条评论
120.,http://product.dangdang.com/20688826.html,告诉世界 我能行!：成长面对的50个问题――知心姐姐书系（家庭版）,卢勤,2009-09-01,中国少年儿童出版社,8043条评论
121.,http://product.dangdang.com/23998646.html,阅读与写作（大师教我学知识系列）,叶圣陶,2016-05-01,天天出版社有限责任公司,1713条评论
122.,http://product.dangdang.com/23743430.html,我的第一本时尚养成书 帅气小绅士,魏晓曦,2015-08-01,浙江少年儿童出版社,1662条评论
123.,http://product.dangdang.com/23917880.html,蒙台梭利“自己做 做中学”・第一辑（套装全4册）（探索世界+生命的奇遇+时间的故事+触摸数字）,玛丽,2015-11-01,华东师范大学出版社,269条评论
124.,http://product.dangdang.com/25170928.html,富爸爸穷爸爸：少儿彩图版,罗伯特・清崎莎伦・莱希特,2017-09-01,四川少儿出版社,2821条评论
125.,http://product.dangdang.com/23917879.html,蒙台梭利“自己做 做中学”・第二辑（套装全4册）（兔子大追捕+生日派对+亲近大自然+旅行手册）,玛丽,2015-11-01,华东师范大学出版社,257条评论
126.,http://product.dangdang.com/24011200.html,王金战家庭教育系列（北大篇）（套装共3册）,王金战,2016-07-01,四川少儿出版社,276条评论
127.,http://product.dangdang.com/24014614.html,你的水桶有多满？（少儿版）,汤姆・拉思,2016-06-01,中国青年出版社,1148条评论
128.,http://product.dangdang.com/23526274.html,"C'EST LA VIE,这就是生活！（全六册）",史蒂芬妮・杜瓦尔,2014-09-01,   ,4814条评论
129.,http://product.dangdang.com/23602814.html,非常成长书（共4册）我为自己点个赞/我长大后有出息/我对拖拉说再见/我也能考一百分,晓玲叮当,2014-11-01,,570条评论
130.,http://product.dangdang.com/25122581.html,儿童自我成长小百科系列：心理健康会解压（全四册）,芭芭拉・希普,2017-08-01,四川人民出版社,359条评论
131.,http://product.dangdang.com/23526052.html,小男子汉心灵训练营（全10册）,金永,2014-07-01,现代出版社,678条评论
132.,http://product.dangdang.com/25122580.html,儿童自我成长小百科系列：提高成绩有诀窍（全五册）,比约恩・格默,2017-08-01,四川人民出版社,249条评论
133.,http://product.dangdang.com/23828126.html,乐多多写给美丽女孩（套装共4册）,乐多多,2015-11-01,北京联合出版公司,455条评论
134.,http://product.dangdang.com/20959657.html,滔滔少儿口才：儿童语言综合训练与提高,林静,2010-09-01,济南出版社,1618条评论
135.,http://product.dangdang.com/23399744.html,美国心理学会儿童情绪管理完全手册（共6册）,许布纳,2014-02-01,南海出版社,2877条评论
136.,http://product.dangdang.com/22871567.html,咬咬书儿童心灵成长阶梯阅读（套装全4级）――企鹅出版集团澳大利亚公司品牌畅销书，亲子共读到独立阅读的必备桥梁书！,谢瑞尔.克拉克,2011-05-01,外语教学与研究出版社,452条评论
137.,http://product.dangdang.com/23470153.html,小恐龙完美成长系列：情绪管理（全6册）,玛妮莎,2013-11-01,西安出版社,928条评论
138.,http://product.dangdang.com/23317082.html,儿童哲学智慧读本,林静,2013-09-01,清华大学出版社,936条评论
139.,http://product.dangdang.com/23740395.html,小主持人的25堂课,晓月,2015-07-01,福建少年儿童出版社,1317条评论
140.,http://product.dangdang.com/23962841.html,我上学了――可能会遇到这些事（全6册）,木头人儿童创想中心,2016-05-01,煤炭工业出版社,748条评论
141.,http://product.dangdang.com/25078203.html,爱心树儿童文学励志书系（全8册）,马拉维,2017-05-01,南海出版公司,104条评论
142.,http://product.dangdang.com/23823506.html,你比英雄更出色：全5册,美国漫威公司,2014-10-01,长江少年儿童出版社,112条评论
143.,http://product.dangdang.com/23827986.html,乐多多写给美丽女孩：我最自信,乐多多,2015-11-01,北京联合出版公司,638条评论
144.,http://product.dangdang.com/23976821.html,中国少儿必读金典（全优新版）：小故事大道理全集（在经典故事中体味人生真理， 坚定、勇敢、乐观地面对人生）,龚勋,2016-06-01,天地出版社,428条评论
145.,http://product.dangdang.com/22908888.html,我是小老板,里耐克,2012-11-01,南海出版公司,1587条评论
146.,http://product.dangdang.com/23986789.html,班尼兔成长图画书（精装共3册）,丽莎・麦库,2016-03-31,化学工业出版社,159条评论
147.,http://product.dangdang.com/23760682.html,暖绘本：小恐龙完美成长系列（经典珍藏版 套装共12册）,玛妮莎,2014-10-01,西安出版社,245条评论
148.,http://product.dangdang.com/23530280.html,最亲切的情绪课,咸奎汀,2014-08-01,青岛出版社,2384条评论
149.,http://product.dangdang.com/23855657.html,青少年财商启蒙读本系列（套书共6册）,桑德,2016-01-01,海天出版社,353条评论
150.,http://product.dangdang.com/24000030.html,写给孩子的完美性格书（套装共6册）,方舟,2016-04-01,北京联合出版公司,91条评论
151.,http://product.dangdang.com/23683114.html,优秀女孩一定要读的100个智慧故事,赵雪峰,2015-05-01,中国纺织出版社,682条评论
152.,http://product.dangdang.com/23732840.html,非常励志学堂（美绘注音版）（8册套装）,邹敦怜,2015-05-01,未来出版社,179条评论
153.,http://product.dangdang.com/25115010.html,致可爱的你（全2册）,温小平,2017-08-01,青岛出版社,1707条评论
154.,http://product.dangdang.com/24033628.html,了不起的男孩（套装 含妈妈别哭有我在等4本 ）,尚阳,2016-09-01,长江文艺出版社,154条评论
155.,http://product.dangdang.com/25147169.html,小公主自我保护意识培养(套装全六册),龚房芳,2016-09-01,吉林美术出版社,198条评论
156.,http://product.dangdang.com/24006061.html,小朗诵家阶梯训练（套装3册，4-6岁、7-9岁、10-12岁),邢捍国,2016-07-01,中国传媒大学出版社,83条评论
157.,http://product.dangdang.com/23807195.html,餐桌上的礼仪故事,罗蕾莱.博韦,2015-11-01,机械工业出版社,404条评论
158.,http://product.dangdang.com/22505914.html,男生万岁（精装）,洛特,2011-09-01,广西师范大学出版社,16879条评论
159.,http://product.dangdang.com/24011203.html,我是这样考上北大清华的（清华篇）,王金战,2016-07-01,四川少儿出版社,780条评论
160.,http://product.dangdang.com/23827979.html,乐多多写给美丽女孩：我很优雅,乐多多,2015-11-01,北京联合出版公司,588条评论
161.,http://product.dangdang.com/23436604.html,幸福在哪里――影响一生的12堂幸福课,CCTV综合频道,2014-03-01,浙江少年儿童出版社,1780条评论
162.,http://product.dangdang.com/23605208.html,我和情绪共成长,K.I,2014-09-01,华夏出版社,196条评论
163.,http://product.dangdang.com/23836876.html,小学生好习惯系列-我的理财习惯没问题！,崔先圭,2016-01-01,现代出版社,2177条评论
164.,http://product.dangdang.com/25086108.html,金波送给孩子的心灵成长书（彩图版注音版 全8册）,金波,2017-05-01,北京教育出版社,270条评论
165.,http://product.dangdang.com/23866647.html,成长不烦恼系列(全书共8册）,王志兵,2016-02-01,郑州大学出版社,128条评论
166.,http://product.dangdang.com/23911002.html,10册青少年快乐成长智慧文库系列学会自信等（全书共10册）,张俊红,2012-04-01,新疆美术摄影出版社,60条评论
167.,http://product.dangdang.com/23803032.html,最好的我彩绘注音版・我能管理我自己:让我学会照顾自己的故事,刘祥和,2015-10-01,北京联合出版公司,867条评论
168.,http://product.dangdang.com/23219142.html,叮当的魔法礼盒装 作家签名本（共7册）,晓玲叮当,2013-01-01,２１世纪出版社,313条评论
169.,http://product.dangdang.com/25140804.html,致成长中的你II――理想中的自己,殷健灵,2017-08-01,长江文艺出版社,1100条评论
170.,http://product.dangdang.com/24103878.html,我要做校园人气王（套装共4册）,赵静,2017-01-01,化学工业出版社,195条评论
171.,http://product.dangdang.com/24104600.html,男孩百科--优秀男孩的情商秘籍,彭凡,2017-01-01,化学工业出版社,852条评论
172.,http://product.dangdang.com/23827984.html,乐多多写给美丽女孩：我要快乐,乐多多,2015-11-01,北京联合出版公司,473条评论
173.,http://product.dangdang.com/23827985.html,乐多多写给美丽女孩：我有智慧,乐多多,2015-11-01,北京联合出版公司,483条评论
174.,http://product.dangdang.com/23454369.html,我的感觉 小学版（1-5册）,蔡仁善,2014-03-01,电子工业出版社,664条评论
175.,http://product.dangdang.com/23991282.html,做内心强大的自己――让我更优秀的100个励志成长故事,彭凡,2016-06-01,化学工业出版社,372条评论
176.,http://product.dangdang.com/23967823.html,我的成长我做主(套装共6册）,阳光,2016-05-01,江西高校出版社,119条评论
177.,http://product.dangdang.com/23828127.html,乐多多写给阳刚男孩（套装共4册）,乐多多,2015-11-01,北京联合出版公司,155条评论
178.,http://product.dangdang.com/25122582.html,儿童自我成长小百科系列：这样学习效率高（全四册）,迪尔克・康纳茨,2017-08-01,四川人民出版社,276条评论
179.,http://product.dangdang.com/23823508.html,培养阳刚男孩的英雄励志故事：全4册,美国漫威公司,2015-01-01,长江少年儿童出版社,108条评论
180.,http://product.dangdang.com/23496090.html,优秀女孩必备的10个习惯和9种能力,雨霏,2014-07-01,中国纺织出版社,1151条评论
181.,http://product.dangdang.com/23917876.html,蒙台梭利“自己做 做中学”：时间的故事,玛丽,2015-11-01,华东师范大学出版社,622条评论
182.,http://product.dangdang.com/25122583.html,儿童自我成长小百科系列：自信社交我最棒（全五册）,苏珊娜・舒伯特,2017-08-01,四川人民出版社,192条评论
183.,http://product.dangdang.com/23803036.html,最好的我彩绘注音版・我做事不分心:让我专心致志的故事,刘祥和,2015-10-01,北京联合出版公司,841条评论
184.,http://product.dangdang.com/24100095.html,男孩百科--优秀男孩的说话之道,彭凡,2017-01-01,化学工业出版社,689条评论
185.,http://product.dangdang.com/23803031.html,最好的我彩绘注音版・我不让妈妈担心:让我懂得自我保护的故事,刘祥和,2015-10-01,北京联合出版公司,638条评论
186.,http://product.dangdang.com/25122578.html,儿童自我成长小百科系列：管好自己最重要（全四册）,塞巴斯蒂安・索尔,2017-08-01,四川人民出版社,254条评论
187.,http://product.dangdang.com/23803035.html,最好的我彩绘注音版・我有一个好习惯:让我养成良好习惯的故事 ,刘祥和,2015-10-01,北京联合出版公司,704条评论
188.,http://product.dangdang.com/23698600.html,非常成长书第二季（共4册）我是超级人气王/我是一个乐天派/我的成长没烦恼/我和爸妈是好友,晓玲叮当,2014-11-01,,377条评论
189.,http://product.dangdang.com/23995399.html,走进神奇的财商大门/金钥匙.儿童财商系列,财商教育,2016-04-01,四川人民出版社,375条评论
190.,http://product.dangdang.com/23702886.html,零错误女孩,马克・派特,2015-06-01,北京科学技术出版社,1083条评论
191.,http://product.dangdang.com/23995396.html,与金钱约会的好习惯/金钥匙.儿童财商系列,财商教育,2016-04-01,四川人民出版社,338条评论
192.,http://product.dangdang.com/23917873.html,蒙台梭利“自己做 做中学”：生活和梦境的颜色,玛丽,2015-11-01,华东师范大学出版社,225条评论
193.,http://product.dangdang.com/23803767.html,非常校园・思维训练营 （套装全6册）,侯海博,2015-09-01,新时代出版社,83条评论
194.,http://product.dangdang.com/24010112.html,成为最好的自己（全8册）,柳振浩,2016-08-01,北京科学技术出版社,111条评论
195.,http://product.dangdang.com/24011202.html,我是这样考上北大清华的（北大篇）,王金战,2016-07-01,四川少儿出版社,496条评论
196.,http://product.dangdang.com/23662732.html,今年，我们小升初+今年，我们小升初家长版+11岁住宿生+小升初那些�迨露�（小升初系列）,陈盈颖,2015-03-01,中国青年出版社,187条评论
197.,http://product.dangdang.com/23991277.html,我能管好我自己――让我更阳光的100个独立成长故事,彭凡,2016-06-01,化学工业出版社,417条评论
198.,http://product.dangdang.com/23825980.html,做最优秀的自己（套装共六册）,张丽莉,2015-12-01,北京联合出版公司,85条评论
199.,http://product.dangdang.com/23677969.html,中华好故事：爱国励志,中华好故事,2015-04-01,浙江少年儿童出版社,776条评论
200.,http://product.dangdang.com/21117039.html,周末与爱丽丝聊天：会跳舞的小星星（家庭父母篇）,程玮,2011-06-01,江苏少年儿童出版社,1759条评论
201.,http://product.dangdang.com/24103874.html,成长我最棒（第二辑）：关于习惯、性格与智商培养的故事（套装3册）,彭凡,2016-05-01,化学工业出版社,113条评论
202.,http://product.dangdang.com/23741475.html,中国第一励志故事(套装共5册）,第一书记,2015-08-01,河北少年儿童出版社,259条评论
203.,http://product.dangdang.com/23770447.html,成长・励志名人传记故事《武则天》,郭媛,2015-07-01,云南出版集团公司 晨光出版社,526条评论
204.,http://product.dangdang.com/23976814.html,中国少儿必读金典（全优新版）：公主故事（注音版）（读灰姑娘拇指姑娘睡美人等精彩故事，培养公主般甜美乖巧、坚强独立品质）,龚勋,2016-06-01,天地出版社,338条评论
205.,http://product.dangdang.com/23780093.html,成长・励志名人传记故事《秦始皇》,耿宝珍,2015-07-01,云南出版集团公司 晨光出版社,491条评论
206.,http://product.dangdang.com/23780092.html,成长・励志名人传记故事《牛顿》,门丕祖,2015-07-01,云南出版集团公司 晨光出版社,575条评论
207.,http://product.dangdang.com/24013059.html,我家来了外星人,申正民,2016-08-01,华夏出版社,546条评论
208.,http://product.dangdang.com/23995395.html,我有一个财富梦想/金钥匙.儿童财商系列,财商教育,2016-04-01,四川人民出版社,320条评论
209.,http://product.dangdang.com/23730482.html,培养孩子好品质的世界经典故事书 典藏注音版 礼品装,米家文化,2015-05-01,浙江教育出版社,83条评论
210.,http://product.dangdang.com/23803034.html,最好的我彩绘注音版・我有很多好朋友:让我学会与人相处的故事,刘祥和,2015-10-01,北京联合出版公司,580条评论
211.,http://product.dangdang.com/24008193.html,影响孩子一生的101个成语故事,刘晓菲,2016-07-01,化学工业出版社,262条评论
212.,http://product.dangdang.com/24103875.html,成长我最棒（第一辑）：关于励志、独立与社会交往的故事（套装3册）,彭凡,2016-06-01,化学工业出版社,101条评论
213.,http://product.dangdang.com/23917874.html,蒙台梭利“自己做 做中学”：生命的奇遇,玛丽,2015-11-01,华东师范大学出版社,243条评论
214.,http://product.dangdang.com/24006059.html,小朗诵家阶梯训练（7-9岁）,邢捍国,2016-07-01,中国传媒大学出版社,354条评论
215.,http://product.dangdang.com/24104599.html,男孩百科--优秀男孩的领导力手册,彭凡,2017-01-01,化学工业出版社,539条评论
216.,http://product.dangdang.com/24143076.html,启明星少儿全脑开发丛书：情商教育游戏・3-5岁（套装4册）,李紫蓉,2016-10-01,中国人口出版社,201条评论
217.,http://product.dangdang.com/23998218.html,《成就孩子一生的名人故事》（中国卷）,周卫珍,2016-06-01,北京时代华文书局,413条评论
218.,http://product.dangdang.com/24100086.html,男孩百科--优秀男孩的励志宝典,彭凡,2017-01-01,化学工业出版社,514条评论
219.,http://product.dangdang.com/24143077.html,启明星少儿全脑开发丛书：情商教育游戏・5-7岁（套装4册）,李紫蓉,2016-10-01,中国人口出版社,225条评论
220.,http://product.dangdang.com/23815068.html,成长为更好的自己：孩子受益一生的13种生命力1,黄爱淳,2015-11-01,浙江教育出版社,111条评论
221.,http://product.dangdang.com/23573945.html,十岁，我亲历美国小孩的夏令营,刘齐,2014-08-01,北京联合出版公司,290条评论
222.,http://product.dangdang.com/23995394.html,探究金钱语言ABC/金钥匙.儿童财商系列,北京联合出版公司,2016-04-01,四川人民出版社,298条评论
223.,http://product.dangdang.com/23360849.html,班尼兔成长图画书(套装共3册),财商教育,2013-10-01,化学工业出版社,250条评论
224.,http://product.dangdang.com/23780090.html,成长・励志名人传记故事《达・芬奇》,四川人民出版社,2015-07-01,云南出版集团公司 晨光出版社,417条评论
225.,http://product.dangdang.com/25147172.html,独一无二的你（套装全八册）,丽莎・麦库,2016-09-01,吉林美术出版社,445条评论
226.,http://product.dangdang.com/23843248.html,独自上场（青少版）,化学工业出版社,2016-01-20,中信出版社,3136条评论
227.,http://product.dangdang.com/23968900.html,《哦，初三，原来是你》+《今年，我们小升初》+《11岁的住宿生》,夏有志,2006-05-01,中国青年出版社,137条评论
228.,http://product.dangdang.com/23647430.html,小恐龙完美成长系列 情绪管理（新版）,云南出版集团公司 晨光出版社,2015-01-01,西安出版社,284条评论
229.,http://product.dangdang.com/23770440.html,成长・励志名人传记故事《孔子》,童悦早教,2015-07-01,云南出版集团公司 晨光出版社,448条评论
230.,http://product.dangdang.com/24017979.html,殷健灵成长呵护书：青春密码,吉林美术出版社,2016-08-01,少年儿童出版社,482条评论
231.,http://product.dangdang.com/23647429.html,小恐龙完美成长系列 行为管理（新版）,李娜,2015-01-01,西安出版社,249条评论
232.,http://product.dangdang.com/23196078.html,儿童语言艺术系列教材 相声、小品表演能力训练 全彩版,中信出版社,2013-02-01,湖南科技出版社,831条评论
233.,http://product.dangdang.com/21078174.html,培养孩子高情商的85个经典维尼故事,陈盈颖,2011-04-01,人民邮电出版社,11208条评论
234.,http://product.dangdang.com/21041394.html,女孩性格书：女孩子越读越完美的101个性格故事,中国青年出版社,2011-03-01,中国纺织出版社,9287条评论
235.,http://product.dangdang.com/24159186.html,米乐米可生命教育故事书・社交能力养成（套装全6册）,玛妮莎,2016-12-01,长江少年儿童出版社,77条评论
236.,http://product.dangdang.com/23591127.html,你比英雄更出色：男孩的勇敢秘密,西安出版社,2014-10-01,长江少年儿童出版社,730条评论
237.,http://product.dangdang.com/25074540.html,金麦田品格教育精品阅读（第3辑 套装6册 ）,陈毓秀,2017-05-01,安徽少年儿童出版社,105条评论
238.,http://product.dangdang.com/23991284.html,做最受欢迎的自己――让我更完美的100个社会交往故事,云南出版集团公司 晨光出版社,2016-06-01,化学工业出版社,401条评论
239.,http://product.dangdang.com/23803033.html,最好的我彩绘注音版・我一定能成功:让我充满自信的故事,殷健灵,2015-10-01,北京联合出版公司,536条评论
240.,http://product.dangdang.com/23532756.html,尚童 曼罗爷爷上课啦套装（全三册）,少年儿童出版社,2014-08-01,新蕾出版社,360条评论
241.,http://product.dangdang.com/22750564.html,非凡乔布斯（精装版）,布鲁门萨尔,2012-05-01,２１世纪出版社,5549条评论
242.,http://product.dangdang.com/23931101.html,阳刚男孩成长大礼盒,美国漫威,2016-04-01,长江少年儿童出版社,72条评论
243.,http://product.dangdang.com/24049935.html,小故事大道理. 我要做一个阳刚男孩（拼音彩绘版）,彭凡,2016-09-01,化学工业出版社,249条评论
244.,http://product.dangdang.com/23585183.html,最好的我：好性格，好孩子――让我管好小脾气的故事,刘祥和,2014-10-01,北京日报出版社（原同心出版社）,933条评论
245.,http://product.dangdang.com/24058501.html,小故事大道理――我要做一个成功男孩（拼音彩绘版）,彭凡,2016-09-01,化学工业出版社,240条评论
246.,http://product.dangdang.com/23836874.html,小学生好习惯系列-我的语言习惯没问题！,朴信植,2016-01-01,现代出版社,1705条评论
247.,http://product.dangdang.com/20891133.html,小主持人语言能力训练 中级,郭洋,2011-03-01,湖南科技出版社,1924条评论
248.,http://product.dangdang.com/23504848.html,彬彬的儿童礼仪日记,陈昕,2014-06-01,电子工业出版社,534条评论
249.,http://product.dangdang.com/25147167.html,我会表达自己(套装全八册),童悦早教,2016-09-01,吉林美术出版社,55条评论
250.,http://product.dangdang.com/23629775.html,每天进步一点点・我有好性格系列(套装共10册）,范晶晶,2015-01-01,北京联合出版公司,139条评论
251.,http://product.dangdang.com/25083183.html,孩子的美德书（全四册）,威廉,2017-05-24,接力出版社,233条评论
252.,http://product.dangdang.com/23803030.html,最好的我彩绘注音版・第一辑（套装共6册）,刘祥和,2015-10-01,北京联合出版公司,224条评论
253.,http://product.dangdang.com/23836875.html,小学生好习惯系列-我的安全习惯没问题！,金恩贞,2016-01-01,现代出版社,1270条评论
254.,http://product.dangdang.com/23980482.html,影响孩子一生的101个智慧故事,童心,2016-06-01,化学工业出版社,312条评论
255.,http://product.dangdang.com/23728923.html,"100个好故事丛书・让孩子更受激励的100个名人故事(阅读真善美故事,开启智慧大门)",张天娇,2015-07-01,吉林美术出版社,724条评论
256.,http://product.dangdang.com/24026274.html,敢于尝试的勇气,多梅尼科・巴里拉,2016-07-01,郑州大学出版社,316条评论
257.,http://product.dangdang.com/24006060.html,小朗诵家阶梯训练（10-12岁）,邢捍国,2016-07-01,中国传媒大学出版社,295条评论
258.,http://product.dangdang.com/23758761.html,小男子汉（关于男孩成长和教育的故事，打造男子汉的完全攻略）,奥尔科特,2015-07-01,四川文艺出版社,453条评论
259.,http://product.dangdang.com/23683113.html,优秀男孩一定要读的100个智慧故事,赵雪峰,2015-05-01,中国纺织出版社,966条评论
260.,http://product.dangdang.com/23809223.html,给四月的信,艾伦・麦克法兰,2015-10-01,生活・读书・新知三联书店,627条评论
261.,http://product.dangdang.com/24103879.html,小故事大道理：我要做一个完美女孩（套装共2册）,彭凡,2016-11-01,化学工业出版社,117条评论
262.,http://product.dangdang.com/21117038.html,周末与爱丽丝聊天：黑头发的朱丽叶（亲情爱情篇）,程玮,2011-06-01,江苏少年儿童出版社,1446条评论
263.,http://product.dangdang.com/25156059.html,任溶溶 给小朋友和大朋友的书（套装 共5册）,任溶溶,2017-05-01,浙江少年儿童出版社,153条评论
264.,http://product.dangdang.com/24240317.html,财智课堂,财智少年,2017-04-01,机械工业出版社,37条评论
265.,http://product.dangdang.com/23985105.html,生气不见了,盖尔・西尔弗,2016-08-01,北京科学技术出版社,223条评论
266.,http://product.dangdang.com/20688823.html,告诉孩子 你真棒!：关注孩子心灵成长的8个话题――知心姐姐书系（家庭版）,卢勤,2009-09-01,中国少年儿童出版社,3165条评论
267.,http://product.dangdang.com/24100111.html,优秀男孩的习惯胜经,彭凡,2017-01-01,化学工业出版社,407条评论
268.,http://product.dangdang.com/23770442.html,成长・励志名人传记故事《拿破仑》,王绍文,2015-07-01,云南出版集团公司 晨光出版社,379条评论
269.,http://product.dangdang.com/23219509.html,艺昙12岁攒了1000万韩元,金善姬,2013-04-01,南海出版公司,1195条评论
270.,http://product.dangdang.com/23702411.html,成吉思汗/青少年成长励志丛书,万有图书,2015-05-01,天地出版社,346条评论
271.,http://product.dangdang.com/24100104.html,小故事大道理――我要做一个完美女孩（拼音彩绘版）,彭凡,2016-09-01,化学工业出版社,179条评论
272.,http://product.dangdang.com/21060583.html,尊师园书坊 给长耳兔的36封信,李崇建,2011-05-01,首都师范大学出版社,801条评论
273.,http://product.dangdang.com/22472336.html,小主持人语言能力训练 高级,郭洋,2011-07-01,湖南科技出版社,1494条评论
274.,http://product.dangdang.com/24006058.html,小朗诵家阶梯训练（4-6岁）,邢捍国,2016-07-01,中国传媒大学出版社,284条评论
275.,http://product.dangdang.com/23979953.html,女生的小烦恼系列（套装共4册）,詹妮弗・摩尔,2016-06-01,文心出版社,165条评论
276.,http://product.dangdang.com/23998647.html,文心选编（大师教我学知识系列）,叶圣陶,2016-05-01,天天出版社有限责任公司,730条评论
277.,http://product.dangdang.com/23702430.html,特蕾莎修女/青少年成长励志丛书,万有图书,2015-05-01,天地出版社,385条评论
278.,http://product.dangdang.com/23836873.html,小学生好习惯系列-我的饮食习惯没问题！,金恩贞,2016-01-01,现代出版社,1099条评论
279.,http://product.dangdang.com/23770436.html,成长・励志名人传记故事《成吉思汗》,张建国,2015-07-01,云南出版集团公司 晨光出版社,351条评论
280.,http://product.dangdang.com/24002408.html,河狸总动员系列（合订本）――《培养孩子做强大的自己》,恐龙小Q儿童教育中心,2016-06-01,中国人口出版社,28条评论
281.,http://product.dangdang.com/25172424.html,伟大也要有人懂系列（共三册）,韩毓海,2017-10-01,中国少年儿童出版社,155条评论
282.,http://product.dangdang.com/21041395.html,男孩性格书：男孩子越读越阳光的101个性格故事,杨敬敬,2011-03-01,中国纺织出版社,3550条评论
283.,http://product.dangdang.com/23585182.html,最好的我：不怕压力我更强――让我轻松闯难关的故事,刘祥和,2014-10-01,北京日报出版社（原同心出版社）,677条评论
284.,http://product.dangdang.com/25072311.html,中国第一励志故事　第二季（5本全套）（孝顺、坚强、勇敢、自信、担当、责任、宽容……送给孩子的精神礼物 ）,广西卫视,2017-04-01,HarperCollins UK,146条评论
285.,http://product.dangdang.com/24017977.html,殷健灵成长呵护书：侧耳倾听,殷健灵,2016-08-01,少年儿童出版社,265条评论
286.,http://product.dangdang.com/23866653.html,管好自己就能飞（全书4册）,王志兵,2015-09-01,郑州大学出版社,92条评论
287.,http://product.dangdang.com/20905424.html,启发精选――成长我知道丛书（5册）,关娜耶勒,2010-09-01,中国民族摄影艺术出版社,1476条评论
288.,http://product.dangdang.com/23858977.html,最棒的成长：控制好自己的坏情绪 （版本随机发放）,赵静,2016-03-01,河北少年儿童出版社,525条评论
289.,http://product.dangdang.com/23470154.html,小恐龙完美成长系列：行为管理（全6册）,玛妮莎,2013-11-01,西安出版社,514条评论
290.,http://product.dangdang.com/25101202.html,成长的对话（共5册）,老臣,2017-05-01,天天出版社有限责任公司,73条评论
291.,http://product.dangdang.com/23392974.html,小升初那些�迨露�,姜雨晨,2014-01-01,中国青年出版社,689条评论
292.,http://product.dangdang.com/23770435.html,成长・励志名人传记故事《贝多芬》,黄�瓷�,2015-07-01,云南出版集团公司 晨光出版社,352条评论
293.,http://product.dangdang.com/23991283.html,做有好习惯的自己――让我更出色的100个行为习惯故事,彭凡,2016-06-01,化学工业出版社,172条评论
294.,http://product.dangdang.com/23770660.html,小故事大道理： 拼音版I,彤瑶,2015-08-01,北京联合出版公司,229条评论
295.,http://product.dangdang.com/24026272.html,这就是我,多梅尼科・巴里拉,2016-07-01,郑州大学出版社,235条评论
296.,http://product.dangdang.com/23866662.html,学会自我管理（全书6册）,王志兵,2015-09-01,郑州大学出版社,55条评论
297.,http://product.dangdang.com/23702429.html,秦始皇/青少年成长励志丛书,万有图书,2015-04-01,天地出版社,369条评论
298.,http://product.dangdang.com/23585181.html,最好的我：满满的正能量――让我心态更积极的故事,刘祥和,2014-10-01,北京日报出版社（原同心出版社）,541条评论
299.,http://product.dangdang.com/24013062.html,我要当学霸,徐志源,2016-08-01,华夏出版社,315条评论
300.,http://product.dangdang.com/25174828.html,少年中国说：我读《习近平谈治国理政》,北京大学创新理论研究院,2017-06-01,中国少年儿童出版社,320条评论
301.,http://product.dangdang.com/24039535.html,听爸爸妈妈讲6Q启蒙故事・听妈妈讲情商启蒙故事,太阳花书业,2016-10-01,海天出版社,232条评论
302.,http://product.dangdang.com/23362237.html,最美的儿童成长哲理绘本―（套装共四册）,布莱恩・瓦尔德史密斯,2013-06-01,   ,346条评论
303.,http://product.dangdang.com/23585184.html,最好的我：谢谢，我爱你们！――让我懂得感恩与爱的故事,刘祥和,2014-10-01,北京日报出版社（原同心出版社）,628条评论
304.,http://product.dangdang.com/23583343.html,好故事养成好性格（第一季）・乐读123（套装共10册）,亚乔,2013-01-01,江苏美术出版社,113条评论
305.,http://product.dangdang.com/25115011.html,致可爱的你――学会自己长大,温小平,2017-08-01,青岛出版社,1157条评论
306.,http://product.dangdang.com/23974847.html,少儿财商素质培养必读：提升版,陈圣雄,2016-06-01,海天出版社,374条评论
307.,http://product.dangdang.com/23647484.html,青少年成长励志胜经(套装共3册)（9-12岁）,姜秋月,2015-01-01,化学工业出版社,321条评论
308.,http://product.dangdang.com/24019536.html,女儿四岁了，我们开始聊哲学：长大是怎么回事？,周国平,2016-10-01,电子工业出版社,186条评论
309.,http://product.dangdang.com/23913451.html,完美少年成长计划（套装共8册）,郑美锦,2016-01-01,江苏少年儿童出版社,81条评论
310.,http://product.dangdang.com/23980478.html,影响孩子一生的101个成长故事（女孩卷）,童心,2016-06-01,化学工业出版社,203条评论
311.,http://product.dangdang.com/22851840.html,决定孩子命运的12个习惯（珍藏版）,林格,2012-08-01,清华大学出版社,655条评论
312.,http://product.dangdang.com/23803728.html,蚂蚁一定有办法（“虫虫领导力”系列首发作品，“中国领导力研究之父”杨思卓送给小读者的成长礼物！以“六维领导力”为理论基石，帮助孩子提高情商，全面发展。）,杨思卓,2015-10-01,新蕾出版社,242条评论
313.,http://product.dangdang.com/25068387.html,鹰训传奇,齐宏伟,2017-04-01,华夏出版社,155条评论
314.,http://product.dangdang.com/23998219.html,成就孩子一生的名人故事（外国卷）,周卫珍,2016-06-01,北京时代华文书局,219条评论
315.,http://product.dangdang.com/22850822.html,超值白金版做个有出息的女孩大全集,楚丽萍,2012-08-01,中国华侨出版社,946条评论
316.,http://product.dangdang.com/23680739.html,皮酷酷日记全集（套装共4册）,马琴,2016-06-01,北京联合出版公司,36条评论
317.,http://product.dangdang.com/23686490.html,意林“少年金故事系列”（套装全6册）                  ,意林杂志社,2011-01-01,未来出版社,115条评论
318.,http://product.dangdang.com/23982140.html,影响孩子一生的101个成长故事（男孩卷）,童心,2016-06-01,化学工业出版社,190条评论
319.,http://product.dangdang.com/22926249.html,自我纠错故事书-完美性格小公主：《温妮的坏脾气》《温妮和勇气》《温妮说谎话》《温妮有些不礼貌》《小馋猫温妮》（盒装5册）超值赠送3D拼插世界小屋（法国超级畅销儿童图画故事书，全球销量超过200万册）,法比安娜,2012-12-01,中国轻工业出版社,621条评论
320.,http://product.dangdang.com/25122579.html,儿童自我成长小百科系列：潜能开发总动员（全四册）,克里斯蒂娜・索尔,2017-08-01,四川人民出版社,91条评论
321.,http://product.dangdang.com/23780091.html,成长・励志名人传记故事《杜甫》,贾玮,2015-07-01,云南出版集团公司 晨光出版社,274条评论
322.,http://product.dangdang.com/24026270.html,做自己的勇气,多梅尼科・巴里拉,2016-07-01,郑州大学出版社,176条评论
323.,http://product.dangdang.com/25178611.html,成为了不起的自己：我能管好自己（套装共10册）,莫妮卡・库林,2017-08-01,云南出版集团公司 晨光出版社,140条评论
324.,http://product.dangdang.com/23770438.html,成长・励志名人传记故事《华盛顿》,冬雪,2015-07-01,云南出版集团公司 晨光出版社,290条评论
325.,http://product.dangdang.com/23698498.html,非常成长书 我对拖拉说再见--管好自己的24条奇妙法则,晓玲叮当,2015-11-01,二十一世纪出版社,417条评论
326.,http://product.dangdang.com/23189342.html,幼儿礼仪教育(共8册),童心育苗早教研究小组,2012-12-01,华中科技大学出版社,148条评论
327.,http://product.dangdang.com/24169428.html,少年儿童快乐成长丛书――说话表达有技巧：锻炼口才故事与启迪,于启斋,2016-12-01,山东教育出版社,259条评论
328.,http://product.dangdang.com/23987317.html,小屁孩励志成长日记・注音版  我不是100分小孩,黄宇,2016-06-01,吉林出版集团股份有限公司,292条评论
329.,http://product.dangdang.com/23917870.html,蒙台梭利“自己做 做中学”：触摸数字,玛丽,2015-11-01,华东师范大学出版社,198条评论
330.,http://product.dangdang.com/20924029.html,成为你自己         周国平寄小读者 名家寄小读者第一辑,周国平,2010-08-01,２１世纪出版社,1984条评论
331.,http://product.dangdang.com/24006062.html,儿童口才训练・启蒙篇（2-4岁）,小雨姐姐,2016-07-01,中国传媒大学出版社,189条评论
332.,http://product.dangdang.com/23817307.html,青少年励志系列――诺贝尔奖获得者童年故事,高美,2015-09-01,福建少年儿童出版社,341条评论
333.,http://product.dangdang.com/23702653.html,世界优秀绘本・正能量（全5册）附专家导读,塞尔,2015-05-01,地震出版社,710条评论
334.,http://product.dangdang.com/23858907.html,青少年心灵治愈故事系列 做对梦想负责的人,李加臣,2016-01-01,北京少年儿童出版社,170条评论
335.,http://product.dangdang.com/25120632.html,成长我最棒--自信让我更有力量,彭桂兰,2017-07-01,化学工业出版社,380条评论
336.,http://product.dangdang.com/24033631.html,写作业不用妈妈帮（了不起的男孩）,尚阳,2016-09-01,长江文艺出版社,180条评论
337.,http://product.dangdang.com/23702419.html,李白/青少年成长励志丛书,万有图书,2015-05-01,天地出版社,282条评论
338.,http://product.dangdang.com/23702422.html,拿破仑/青少年成长励志丛书,万有图书,2015-04-01,天地出版社,246条评论
339.,http://product.dangdang.com/23702412.html,达・芬奇/青少年成长励志丛书,万有图书,2015-05-01,天地出版社,221条评论
340.,http://product.dangdang.com/23991285.html,做最完美的自己――让我更杰出的100个性格养成故事,彭凡,2016-06-01,化学工业出版社,156条评论
341.,http://product.dangdang.com/24039531.html,听爸爸妈妈讲6Q启蒙故事・听爸爸讲智商启蒙故事,太阳花书业,2016-10-01,海天出版社,197条评论
342.,http://product.dangdang.com/24170852.html,做最好的自己/为自己鼓掌/让我自信乐观的故事/少儿励志/浙江科学技术出版社,龚勋,2016-11-01,浙江科学技术出版社,181条评论
343.,http://product.dangdang.com/23992278.html,做最智慧的自己――让我更聪明的100个智商教育故事,彭凡,2016-06-01,化学工业出版社,156条评论
344.,http://product.dangdang.com/23481003.html,小学生活没烦恼（套装共7册）,徐志源,2014-04-01,江苏少年儿童出版社,580条评论
345.,http://product.dangdang.com/23959852.html,世界励志成长名著（全8册）,高尔基,2016-05-01,新疆青少年出版社,54条评论
346.,http://product.dangdang.com/23702421.html,莫扎特/青少年成长励志丛书,万有图书,2015-05-01,天地出版社,233条评论
347.,http://product.dangdang.com/23702417.html,孔子/青少年成长励志丛书,万有图书,2015-05-01,天地出版社,242条评论
348.,http://product.dangdang.com/23268067.html,成长心灵鸡汤（彩色金装大全）―中国少儿必读金典,姚鹏程,2013-07-01,华夏出版社,798条评论
349.,http://product.dangdang.com/24021938.html,成长小礼仪,彭桂兰,2016-08-01,化学工业出版社,155条评论
350.,http://product.dangdang.com/23754203.html,小主持人的25堂课(签名珍藏版),晓月,2015-07-01,福建少年儿童出版社,152条评论
351.,http://product.dangdang.com/23858973.html,最棒的成长：不做任性的孩子,赵静,2016-03-01,河北少年儿童出版社,329条评论
352.,http://product.dangdang.com/24033630.html,我们都是第一名（了不起的男孩）,尚阳,2016-09-01,长江文艺出版社,144条评论
353.,http://product.dangdang.com/24026271.html,忠实内心的勇气,多梅尼科・巴里拉,2016-07-01,郑州大学出版社,174条评论
354.,http://product.dangdang.com/24019535.html,女儿四岁了，我们开始聊哲学：真有圣诞老人吗？,周国平,2016-10-01,电子工业出版社,202条评论
355.,http://product.dangdang.com/24170855.html,做最好的自己/我总是有好点子/让我充满创意的故事/创造力/少儿励志/浙江科学技术出版社,龚勋,2016-11-01,浙江科学技术出版社,159条评论
356.,http://product.dangdang.com/24039532.html,听爸爸妈妈讲6Q启蒙故事・听爸爸讲逆商启蒙故事,太阳花书业,2016-10-01,海天出版社,161条评论
357.,http://product.dangdang.com/23980479.html,影响孩子一生的101个神话故事,童心,2016-06-01,化学工业出版社,173条评论
358.,http://product.dangdang.com/24039533.html,听爸爸妈妈讲6Q启蒙故事・听妈妈讲德商启蒙故事,太阳花书业,2016-10-01,海天出版社,146条评论
359.,http://product.dangdang.com/24001640.html,小四宝情绪控制图画书（1-6）套装,米吉卡,2016-01-01,北方妇女儿童出版社,54条评论
360.,http://product.dangdang.com/24224992.html,咪啦哆成长记（全10册）,汲庆海,2017-01-01,云南出版集团公司 晨光出版社,28条评论
361.,http://product.dangdang.com/23698496.html,非常成长书 我为自己点个赞--快快长大的28个成长密码,晓玲叮当,2014-11-01,二十一世纪出版社,353条评论
362.,http://product.dangdang.com/23593842.html,恐慌巨龙: 教会孩子管理焦虑情绪,二十一世纪出版社,2014-09-01,华夏出版社,295条评论
363.,http://product.dangdang.com/23593844.html,失望魔龙: 教会孩子管理失望情绪,阿尔,2014-09-01,华夏出版社,291条评论
364.,http://product.dangdang.com/24017978.html,殷健灵成长呵护书：回家的路,华夏出版社,2016-08-01,少年儿童出版社,174条评论
365.,http://product.dangdang.com/23481031.html,萨茹拉成长励志书系  我有担当能负责  责任心故事,阿尔,2014-05-01,北京少年儿童出版社,324条评论
366.,http://product.dangdang.com/23728924.html,"100个好故事丛书・让孩子更博学的100个历史故事(阅读真善美故事,开启智慧大门)",华夏出版社,2015-07-01,吉林美术出版社,351条评论
367.,http://product.dangdang.com/24170856.html,做最好的自己/相信自己/挑战自己/加油，我能克服困难/让我战胜挫折的故事/少儿励志,殷健灵,2016-11-01,浙江科学技术出版社,133条评论
368.,http://product.dangdang.com/21007792.html,中外名人名言录,少年儿童出版社,2010-02-01,航空工业出版社,678条评论
369.,http://product.dangdang.com/23577659.html,阳光女孩：不能说的秘密,张艳玲,2017-08-01,,396条评论
370.,http://product.dangdang.com/25115012.html,致可爱的你――做勇敢的公主,北京少年儿童出版社,2015-04-01,青岛出版社,1675条评论
371.,http://product.dangdang.com/23702415.html,哥伦布/青少年成长励志丛书,张天娇,2016-06-01,天地出版社,173条评论
372.,http://product.dangdang.com/23980481.html,影响孩子一生的101个童话故事,吉林美术出版社,2016-07-01,化学工业出版社,106条评论
373.,http://product.dangdang.com/24026273.html,思考上帝的勇气,龚勋,2013-07-01,郑州大学出版社,160条评论
374.,http://product.dangdang.com/23251279.html,迪士尼公主励志故事集（套装全四册）,浙江科学技术出版社,2012-12-01,人民邮电出版社,452条评论
375.,http://product.dangdang.com/23206978.html,幼儿园真实生活故事系列丛书――发生在幼儿园中班里的故事  国内首部反映幼儿园真实生活的故事书   让孩子建立受益终生的好性格，更快乐地交朋友,郭漫,2015-05-01,未来出版社,601条评论
376.,http://product.dangdang.com/23738576.html,非常励志学堂（美绘注音版）：我是肥天鹅,航空工业出版社,2012-09-01,未来出版社,236条评论
377.,http://product.dangdang.com/22891135.html,名家系列・口袋里的太阳花（感恩篇）,,2012-11-01,广东教育出版社,193条评论
378.,http://product.dangdang.com/23040617.html,《怎么办系列》（全4册）,,2013-12-03,河北少年儿童出版社,5487条评论
379.,http://product.dangdang.com/23383639.html,怪叔叔，我不上你的当,温小平,2014-07-01,长江文艺出版社,475条评论
380.,http://product.dangdang.com/23512787.html,亲亲我的妈妈,青岛出版社,,吉林出版集团有限责任公司,675条评论
381.,http://product.dangdang.com/24013084.html,做事有计划，我会更优秀,徐志源,2016-08-01,华夏出版社,210条评论
382.,http://product.dangdang.com/23577684.html,阳光女孩：女孩的暖冬,曹文轩,2014-09-22,新世纪出版社,369条评论
383.,http://product.dangdang.com/24170853.html,做最好的自己/我不害怕/让我有胆有识的故事/少儿励志/内心勇敢/强大/浙江科学技术出版社,龚勋,2016-11-01,浙江科学技术出版社,154条评论
384.,http://product.dangdang.com/23591126.html,你比英雄更出色：男孩的坚强盾牌,美国漫威,2014-11-01,长江少年儿童出版社,488条评论
385.,http://product.dangdang.com/24019537.html,女儿四岁了，我们开始聊哲学：你为什么爱爸爸妈妈？,周国平,2016-10-01,电子工业出版社,185条评论
386.,http://product.dangdang.com/24019538.html,女儿四岁了，我们开始聊哲学：世界的一辈子有多长？,周国平,2016-10-01,电子工业出版社,195条评论
387.,http://product.dangdang.com/24170854.html,做最好的自己/我有超强进取心/让我志向远大的故事/优秀品质/浙江科学技术出版社,龚勋,2016-11-01,浙江科学技术出版社,114条评论
388.,http://product.dangdang.com/23553329.html,男孩情商书,陈金川,2014-09-01,中国纺织出版社,203条评论
389.,http://product.dangdang.com/22924969.html,影响中国儿童的经典故事・励志故事,蒋帆,2012-12-01,经济科学出版社,271条评论
390.,http://product.dangdang.com/24039530.html,听爸爸妈妈讲6Q启蒙故事・听爸爸讲志商启蒙故事,太阳花书业,2016-10-01,海天出版社,129条评论
391.,http://product.dangdang.com/22552759.html,0-6岁儿童感觉能力培养-蒙特梭利教育,卢娜,2012-01-01,中国人口出版社,1572条评论
392.,http://product.dangdang.com/25120631.html,成长我最棒--智慧让我更出众,彭桂兰,2017-07-01,化学工业出版社,215条评论
393.,http://product.dangdang.com/25120630.html,成长我最棒--有志者事竟成,彭桂兰,2017-07-01,化学工业出版社,226条评论
394.,http://product.dangdang.com/24039534.html,听爸爸妈妈讲6Q启蒙故事・听妈妈讲心商启蒙故事,太阳花书业,2016-10-01,海天出版社,118条评论
395.,http://product.dangdang.com/21019803.html,芭比时尚奇迹,艾伦,2011-02-01,湖北美术出版社,678条评论
396.,http://product.dangdang.com/24017696.html,我是昆虫王：特长少年成长启示,刘开太,2016-08-01,人民日报出版社,61条评论
397.,http://product.dangdang.com/23701308.html,金麦田品格教育精品阅读(第一辑+第二辑，套装共12册),毛咪,2015-06-01,安徽少年儿童出版社,208条评论
398.,http://product.dangdang.com/23917877.html,蒙台梭利“自己做 做中学”：探索世界,玛丽,2015-11-01,华东师范大学出版社,127条评论
399.,http://product.dangdang.com/24037834.html,非常成长书 不再麻烦好妈妈--学会自立,晓玲叮当,2016-05-01,二十一世纪出版社,188条评论
400.,http://product.dangdang.com/23917872.html,蒙台梭利“自己做 做中学”：亲近大自然,玛丽,2015-11-01,华东师范大学出版社,144条评论
401.,http://product.dangdang.com/24033627.html,保护自己我能行（了不起的男孩）,尚阳,2016-09-01,长江文艺出版社,116条评论
402.,http://product.dangdang.com/24001679.html,明理故事-唤醒自身的潜能,明理故事编委会,2016-05-01,四川科技出版社,89条评论
403.,http://product.dangdang.com/24170851.html,最好的自己/将来做个有钱人/让我拥有高财商的故事/少儿励志/浙江科学技术出版社/开始财富之旅,龚勋,2016-11-01,浙江科学技术出版社,131条评论
404.,http://product.dangdang.com/20896709.html,儿童生意经:中外儿童市场全貌及成功案例（向迪士尼、芭比娃娃、天线宝宝等学习如何做好儿童市场营销；与《儿童市场营销》《专业服务营销》同类题材）,岑丽莹,2010-10-01,企业管理出版社,237条评论
405.,http://product.dangdang.com/23728926.html,"100个好故事丛书・让孩子更上进的100个启发故事(阅读真善美故事,开启智慧大门)",张天娇,2015-07-01,吉林美术出版社,291条评论
406.,http://product.dangdang.com/23838864.html,创造力,索垃迪尔,2015-12-01,浙江少年儿童出版社,109条评论
407.,http://product.dangdang.com/23728927.html,"100个好故事丛书・让孩子更聪明的100个智慧故事(阅读真善美故事,开启智慧大门)",张天娇,2015-07-01,吉林美术出版社,327条评论
408.,http://product.dangdang.com/24010606.html,成长小秘密,彭桂兰,2016-07-01,化学工业出版社,71条评论
409.,http://product.dangdang.com/25120628.html,成长我最棒--美德让我更加闪亮,彭桂兰,2017-07-01,化学工业出版社,198条评论
410.,http://product.dangdang.com/23611865.html,生命教育系列 感恩所有,王泉根,2014-12-01,长江少年儿童出版社,383条评论
411.,http://product.dangdang.com/22531145.html,影响青少年一生的励志故事(修订版),符文军,2011-11-01,北京工业大学出版社,451条评论
412.,http://product.dangdang.com/23858975.html,最棒的成长：爱整洁的孩子人缘儿好,赵静,2016-03-01,河北少年儿童出版社,208条评论
413.,http://product.dangdang.com/24103941.html,中小学沟通技巧（套装共3册）,马向于,2016-03-30,河南人民出版社,43条评论
414.,http://product.dangdang.com/23999944.html,成长的温度(帮助孩子成长的青少年读物，中国文联副主席刘兰芳倾情推荐),吴邦国,2016-07-01,江西人民出版社,169条评论
415.,http://product.dangdang.com/23644625.html,培养阳刚男孩的英雄励志故事：坚强铸造意志,美国漫威公司,2015-01-01,长江少年儿童出版社,250条评论
416.,http://product.dangdang.com/24169424.html,少年儿童快乐成长丛书――成功决定于习惯：良好习惯故事与启迪,于启斋,2016-12-01,山东教育出版社,150条评论
417.,http://product.dangdang.com/23701316.html,董其昌小楷《金刚经》,房弘毅,2015-04-01,北京体育大学出版社,190条评论
418.,http://product.dangdang.com/23986828.html,意林金故事--影响孩子一生的45个科幻金故事--二分之一的纸片星球,意林少年版,2016-06-01,吉林摄影出版社,144条评论
419.,http://product.dangdang.com/25120629.html,成长我最棒--我有勇气高飞,彭桂兰,2017-06-01,化学工业出版社,185条评论
420.,http://product.dangdang.com/23572079.html,乖宝宝好习惯系列丛书（共计12册）,童悦早教,2014-09-01,北方妇女儿童出版社,110条评论
421.,http://product.dangdang.com/24023818.html,“和阿拉斯做好朋友”幼儿心理自助绘本（全4册）,马来,2016-09-01,群言出版社,56条评论
422.,http://product.dangdang.com/23883259.html,知心姐姐安全教育丛书（6册/套）,田玉彬,2016-04-01,中国少年儿童出版社,18条评论
423.,http://product.dangdang.com/23580731.html,皮酷酷日记之《学习也可以这么甜！》,马琴,2014-10-01,北京联合出版公司,348条评论
424.,http://product.dangdang.com/23326256.html,培养自信女孩的100个故事(走进孩子心灵世界的好故事， 激发孩子内在的无限潜能！),范茜,2013-09-01,北京日报出版社（原同心出版社）,910条评论
425.,http://product.dangdang.com/23827980.html,乐多多写给阳刚男孩：我很阳光,乐多多,2015-11-01,北京联合出版公司,105条评论
426.,http://product.dangdang.com/23427176.html,《呼叫超人老爸》启发大能力成长丛书?情商+智商,李玟植,2014-02-01,河北教育出版社,120条评论
427.,http://product.dangdang.com/25178610.html,成为了不起的自己：解决问题我能行（套装共10册）,米歇尔・克努森,2017-08-01,云南出版集团公司 晨光出版社,63条评论
428.,http://product.dangdang.com/23644626.html,培养阳刚男孩的英雄励志故事：责任教我担当,美国漫威,2015-01-01,长江少年儿童出版社,322条评论
429.,http://product.dangdang.com/23591128.html,你比英雄更出色：男孩的责任勋章,美国漫威公司,2014-11-01,长江少年儿童出版社,449条评论
430.,http://product.dangdang.com/23591129.html,你比英雄更出色：男孩的正义法宝,美国漫威,2014-11-01,长江少年儿童出版社,431条评论
431.,http://product.dangdang.com/23947031.html,和妈妈一起读故事（全3册）,太阳花书业,2014-02-01,海天出版社,80条评论
432.,http://product.dangdang.com/23827981.html,乐多多写给阳刚男孩：我最智慧,乐多多,2015-11-01,北京联合出版公司,114条评论
433.,http://product.dangdang.com/23966780.html,让孩子受益一生的故事（套装全8册）,穆玉,2016-04-01,新时代出版社,23条评论
434.,http://product.dangdang.com/23511271.html,培养阳刚男孩的英雄励志故事：勇气给我力量,海豚传媒,2014-06-01,长江少年儿童出版社,283条评论
435.,http://product.dangdang.com/23815071.html,成长为更好的自己：好性格养成双语绘本1,林孟蓉,2015-11-01,浙江教育出版社,72条评论
436.,http://product.dangdang.com/23511272.html,培养阳刚男孩的英雄励志故事：自信创造奇迹,美国华纳公司,2014-06-01,长江少年儿童出版社,402条评论
437.,http://product.dangdang.com/23532754.html,尚童 曼罗爷爷上课啦-读书就是这么快乐,曼罗・里夫,2014-08-01,新蕾出版社,214条评论
438.,http://product.dangdang.com/23702414.html,富兰克林/青少年成长励志丛书,万有图书,2015-05-01,天地出版社,161条评论
439.,http://product.dangdang.com/22926248.html,自我纠错故事书 小小男子汉朱迪（盒装5册）,布朗舒特,2013-01-01,中国轻工业出版社,434条评论
440.,http://product.dangdang.com/23474265.html,成长书梯--孩子越读越完美的100个情商故事,彭凡,2014-05-01,化学工业出版社,218条评论
441.,http://product.dangdang.com/24000456.html,（女孩成长行为指南）人见人爱的超级法宝：女孩的人气宝典,刷刷,2016-06-01,湖南少年儿童出版社,113条评论
442.,http://product.dangdang.com/23690842.html,你是我的好朋友・第一辑（全7册）,伊莎贝拉・吉贝尔,2015-04-30,黄山书社,62条评论
443.,http://product.dangdang.com/23584580.html,心灵种子系列 诚信,林婷煜,2014-10-01,长江少年儿童出版社,540条评论
444.,http://product.dangdang.com/23702420.html,鲁迅/青少年成长励志丛书,万有图书,2015-05-01,天地出版社,157条评论
445.,http://product.dangdang.com/23827983.html,乐多多写给阳刚男孩：我有勇气,乐多多,2015-11-01,北京联合出版公司,103条评论
446.,http://product.dangdang.com/24010607.html,成长小问号,彭桂兰,2016-07-01,化学工业出版社,76条评论
447.,http://product.dangdang.com/23728922.html,"100个好故事丛书・让孩子更勤奋的100个勤学故事(阅读真善美故事,开启智慧大门)",张天娇,2015-07-01,吉林美术出版社,242条评论
448.,http://product.dangdang.com/23574771.html,有你在真好,克里斯蒂娜・雷特,2014-09-01,中国铁道出版社,286条评论
449.,http://product.dangdang.com/23702418.html,老子/青少年成长励志丛书,万有图书,2015-05-01,天地出版社,199条评论
450.,http://product.dangdang.com/24045652.html,爸爸给女儿讲的101个励志故事,童心,2016-10-01,化学工业出版社,93条评论
451.,http://product.dangdang.com/24002307.html,曾国藩教子经,田树德,2016-05-01,湖南少年儿童出版社,77条评论
452.,http://product.dangdang.com/24023817.html,“我能我可以”儿童情商培育系列（英汉双语阅读）（全12册）,马来,2016-09-01,群言出版社,24条评论
453.,http://product.dangdang.com/23990298.html,为爱找方法：夏烈教授给中学生的26封回信,夏烈,2016-06-30,浙江工商大学出版社,124条评论
454.,http://product.dangdang.com/23702413.html,达尔文/青少年成长励志丛书,万有图书,2015-04-01,天地出版社,155条评论
455.,http://product.dangdang.com/23910999.html,精彩故事励志人生系列 中国哲理故事等（全书共12册）,张俊红,2014-05-01,新疆美术摄影出版社,22条评论
456.,http://product.dangdang.com/23815069.html,成长为更好的自己：好性格养成双语绘本3,简惠碧,2015-11-01,浙江教育出版社,50条评论
457.,http://product.dangdang.com/24000457.html,（女孩成长行为指南）超人气女孩的会话秘诀：女孩的好口才宝典,刷刷,2016-06-01,湖南少年儿童出版社,138条评论
458.,http://product.dangdang.com/23724835.html,小故事大道理--让孩子更优秀的200个励志故事,花朵朵,2015-05-01,化学工业出版社,186条评论
459.,http://product.dangdang.com/23354434.html,钱多多理财奇遇记,金曦,2013-09-01,哈尔滨出版社,275条评论
460.,http://product.dangdang.com/24043317.html,中学生励志故事大全集（套装2册）,冰冰,2016-10-01,化学工业出版社,45条评论
461.,http://product.dangdang.com/23487193.html,少年中国梦――梦想起飞,王刚,2014-05-01,学习出版社,188条评论
462.,http://product.dangdang.com/23698231.html,芭比教你做最完美的女孩BQ美商培养故事（套装共三册）,学习出版社,2015-06-01,人民邮电出版社,102条评论
463.,http://product.dangdang.com/24169430.html,少年儿童快乐成长丛书――相信你是最棒的：励志成才故事与启迪,美国美太公司,2016-12-01,山东教育出版社,106条评论
464.,http://product.dangdang.com/24183337.html,101个约会・荣辉说童书,人民邮电出版社,2016-01-01,南京出版社,39条评论
465.,http://product.dangdang.com/23702433.html,郑和/青少年成长励志丛书,于启斋,2014-04-01,天地出版社,135条评论
466.,http://product.dangdang.com/23339310.html,"女孩生存能力课外训练(欧洲著名儿童问题解决专家作品，亚马逊累计销量超过1000万册,比会考试更实际的是教会孩子如何在困境中求生存，培养勇气和意志，成为生活的强者)",山东教育出版社,2013-09-01,江西科学技术出版社,199条评论
467.,http://product.dangdang.com/23591130.html,你比英雄更出色：男孩的自信宝典,彭荣辉,2014-11-01,长江少年儿童出版社,432条评论
468.,http://product.dangdang.com/23735293.html,西点军校给杰出青少年的成长法则（一本书教你成长为真正的人生强者）,南京出版社,2015-08-01,天地出版社,154条评论
469.,http://product.dangdang.com/23300433.html,第一套儿童幸福力培养绘本：情绪健康,万有图书,2013-07-01,北京师范大学出版社,268条评论
470.,http://product.dangdang.com/24033629.html,妈妈别哭有我在（了不起的男孩）,天地出版社,2016-09-01,长江文艺出版社,88条评论
471.,http://product.dangdang.com/24000459.html,（女孩成长行为指南）做到了，你就是最棒的：女孩的好习惯宝典,特雷茜・特纳,2016-06-01,湖南少年儿童出版社,118条评论
472.,http://product.dangdang.com/23702410.html,安徒生/青少年成长励志丛书,江西科学技术出版社,2015-04-01,天地出版社,152条评论
473.,http://product.dangdang.com/23618669.html,意林金故事系列图书第一辑（套装全4册）,美国漫威,2014-11-01,吉林摄影出版社,95条评论
474.,http://product.dangdang.com/20829994.html,青春女孩全攻略,长江少年儿童出版社,2010-05-01,青岛出版社,1377条评论
475.,http://product.dangdang.com/23917871.html,蒙台梭利“自己做 做中学”：旅行手册,苏宇飞,2015-11-01,华东师范大学出版社,104条评论
476.,http://product.dangdang.com/23702434.html,庄子/青少年成长励志丛书,天地出版社,2015-05-01,天地出版社,383条评论
477.,http://product.dangdang.com/22526015.html,与世界伟人谈心,新西兰,2011-09-01,北京大学出版社,328条评论
478.,http://product.dangdang.com/23820653.html,少年时・冲破“自我”之茧：为人际关系头疼？为负面情绪困扰？让我们用科学角度来引导你认识自我（全球少儿读物专业创作团队制作，引导孩子自主学习和思考，人文和科学相通，用科学到达不可能的地方）,北京师范大学出版社,2015-05-01,,91条评论
479.,http://product.dangdang.com/23730479.html,培养孩子好品质的世界经典故事书：让孩子学会诚信的故事,尚阳,2014-01-01,浙江教育出版社,185条评论
480.,http://product.dangdang.com/23405304.html,第一套儿童幸福力培养绘本第3辑:身体健康与幸福力系列,长江文艺出版社,,北京师范大学出版社,142条评论
481.,http://product.dangdang.com/23686491.html,意林“趣味百科”“成长励志”系列（套装全8册）,意林杂志社,2011-06-01,未来出版社,41条评论
482.,http://product.dangdang.com/25175481.html,"C'EST LA VIE,这就是生活！（第二辑 全六册）",史蒂芬妮,2017-10-01,世界知识出版社,390条评论
483.,http://product.dangdang.com/23553330.html,女孩情商书,孙红颖,2014-09-01,中国纺织出版社,198条评论
484.,http://product.dangdang.com/23980480.html,影响孩子一生的101个探案故事,童心,2016-06-01,化学工业出版社,95条评论
485.,http://product.dangdang.com/25100825.html,《努力一定强》（全5册）,兰香,2017-05-01,河北少年儿童出版社,67条评论
486.,http://product.dangdang.com/23536687.html,每个女孩都是天使（套装共4册）,约纳・塞尔迪斯・麦克多诺,2014-09-01,人民邮电出版社,176条评论
487.,http://product.dangdang.com/23858904.html,青少年心灵治愈故事系列  越专注越成功,李加臣,2016-01-01,北京少年儿童出版社,116条评论
488.,http://product.dangdang.com/23728925.html,"100个好故事丛书・让孩子更明理的100个寓言故事(阅读真善美故事,开启智慧大门)",张天娇,2015-07-01,吉林美术出版社,250条评论
489.,http://product.dangdang.com/23691363.html,爱学习才会有出息（女孩版）,杨敬敬,2015-06-01,中国纺织出版社,261条评论
490.,http://product.dangdang.com/23724837.html,小故事大道理--让男孩更成功的150个成长故事,花朵朵,2015-05-01,化学工业出版社,123条评论
491.,http://product.dangdang.com/23730478.html,培养孩子好品质的世界经典故事书：让孩子学会感恩的故事,米家文化,2015-05-01,浙江教育出版社,167条评论
492.,http://product.dangdang.com/23858974.html,最棒的成长：聪明的孩子更会玩,赵静,2016-03-01,河北少年儿童出版社,149条评论
493.,http://product.dangdang.com/25138886.html,大奖作家励志小说书系：拥抱,殷健灵,2017-08-01,新世纪出版社,194条评论
494.,http://product.dangdang.com/20899929.html,天才的童年-讲述名人成才的故事,贝纳尔・普伊,2010-06-01,作家出版社,790条评论
495.,http://product.dangdang.com/24182482.html,跟着妮妮学财商,毛妮妮,2017-01-12,知识产权出版社,25条评论
496.,http://product.dangdang.com/21042677.html,激励孩子积极进取的世界名人故事,张晶,2010-09-01,哈尔滨出版社,160条评论
497.,http://product.dangdang.com/23487533.html,少儿学游泳（彩色铜版纸）,巴斯,2014-05-01,人民体育出版社,181条评论
498.,http://product.dangdang.com/22586603.html,钱精灵的故事：中国少儿财智启蒙第一书（附光盘）,李骥,2012-01-01,法律出版社,865条评论
499.,http://product.dangdang.com/23911001.html,青少年快乐成长智慧文库 第二辑  成长的智慧等（全书共10册）,张俊红,2012-04-01,新疆美术摄影出版社,12条评论
500.,http://product.dangdang.com/23398894.html,芭比公主成长故事：闪耀的王冠,美国美泰公司,2014-01-01,湖北少儿出版社,246条评论
