1.,http://product.dangdang.com/23248697.html,小猪佩奇（全10册）,英国快乐瓢虫出版公司,2013-05-01,安徽少年儿童出版社,276725条评论
2.,http://product.dangdang.com/23486981.html,淘气包马小跳漫画升级版（第一辑套装全十册）,杨红樱,2014-06-01,安徽少年儿童出版社,105377条评论
3.,http://product.dangdang.com/23486982.html,淘气包马小跳漫画升级版（第二辑套装全十册）,杨红樱,2014-05-01,安徽少年儿童出版社,80394条评论
4.,http://product.dangdang.com/24240099.html,汪汪队立大功儿童安全救援故事书 全10册（中国儿童必备安全救援故事书！）,美国尼克儿童频道,2017-03-01,天地出版社,104898条评论
5.,http://product.dangdang.com/23976685.html,米小圈漫画成语（套装共4册）,北猫,2016-05-01,四川少儿出版社,198658条评论
6.,http://product.dangdang.com/25303987.html,彩色连环画中国历史（第一辑，1-10册）,孟庆江,2018-07-01,贵州教育出版社,8100条评论
7.,http://product.dangdang.com/25119381.html,小猪佩奇 “我有好习惯” 行为引导系列 绘本礼盒（全10册 洗澡也能看的书）,文圣教育,2017-06-01,浙江少年儿童出版社,60510条评论
8.,http://product.dangdang.com/23790747.html,海底小纵队探险记（全10册）,英国Vampire,2015-09-01,长江少年儿童出版社,92649条评论
9.,http://product.dangdang.com/23288237.html,三毛流浪记全集（彩图注释版）,张乐平,2013-06-01,少年儿童出版社,51345条评论
10.,http://product.dangdang.com/21022011.html,巴巴爸爸（全10册）,缇森,2010-01-01,接力出版社,145954条评论
11.,http://product.dangdang.com/24039541.html,迪士尼流利阅读 1-8合辑（冰雪奇缘、疯狂动物城、超能陆战队、海底1、斑比、头脑、海底2、恐龙当家）,迪士尼公司,2016-05-01,人民邮电出版社,32843条评论
12.,http://product.dangdang.com/25220446.html,大中华寻宝记系列（1-20） 我的第一本科学漫画书,孙家裕,2018-01-01,二十一世纪出版社,7583条评论
13.,http://product.dangdang.com/24171265.html,小猪佩奇礼品装（内含故事书20册+佩奇、乔治正版玩偶）,英国快乐瓢虫出版公司,2017-01-01,安徽少年儿童出版社,34429条评论
14.,http://product.dangdang.com/25193289.html,酷虫学校昆虫科普知识漫画（共36册）,吴祥敏,2017-12-05,接力出版社,8277条评论
15.,http://product.dangdang.com/23957473.html,小猪佩奇动画故事书（第2辑）（10册套装）,英国快乐瓢虫出版公司,2016-05-01,安徽少年儿童出版社,106732条评论
16.,http://product.dangdang.com/23289194.html,寻宝记系列(1-20)我的第一本科学漫画书,小熊工作室,2013-07-01,二十一世纪出版社,18030条评论
17.,http://product.dangdang.com/25234243.html,植物大战僵尸2・历史漫画：从远古到明清的中国通史（全套20册）,笑江南,2018-02-26,中国少年儿童出版社,15916条评论
18.,http://product.dangdang.com/24176890.html,海底小纵队探险记：全10册（第三辑）,英国Vampire,2017-03-31,长江少年儿童出版社,31228条评论
19.,http://product.dangdang.com/23835176.html,植物大战僵尸2武器秘密之你问我答 科学漫画系列（11-20册）（包括 地理卷、鸟类卷、交通工具卷、建筑卷、植物卷、环境与能源卷、世界之谜卷、天文卷、电脑与网络卷、医学与疾病卷）,笑江南,2016-01-15,中国少年儿童出版社,8228条评论
20.,http://product.dangdang.com/23193099.html,托马斯和朋友 幼儿情绪管理互动读本 一、二辑套装,童趣出版有限公司,2013-04-01,人民邮电出版社,58543条评论
21.,http://product.dangdang.com/25106955.html,三毛流浪记（彩图注音读物）,张乐平,2017-06-01,少年儿童出版社,347444条评论
22.,http://product.dangdang.com/20747626.html,丁丁历险记・大开本经典收藏版（全集22册）,比利时,2009-12-01,中国少年儿童出版社,80176条评论
23.,http://product.dangdang.com/25108205.html,汪汪队立大功儿童安全救援故事书：第二辑（套装共8册）（每位家长都应该送给孩子的儿童安全救援密钥！）,美国尼克儿童频道,2017-07-01,天地出版社,29361条评论
24.,http://product.dangdang.com/23929175.html,海底小纵队探险记：全10册（第二辑）,Vampire,2016-04-01,长江少年儿童出版社,33336条评论
25.,http://product.dangdang.com/25240379.html,汪汪队立大功儿童安全救援故事书（第3辑）（全10册）（儿童安全知识涉及面更广、儿童安全救援形式更多样、自我保护技能指导性更强！）,美国尼克儿童频道,2018-03-15,天地出版社,13756条评论
26.,http://product.dangdang.com/25163220.html,小猪佩奇幼儿认知拓展系列 绘本礼盒（全10册 洗澡也能看的书）,文圣教育,2017-08-01,浙江少年儿童出版社,18065条评论
27.,http://product.dangdang.com/25247932.html,海底小纵队探险记：全10册（第四辑）,英国Vampire,2018-04-01,长江少年儿童出版社,10570条评论
28.,http://product.dangdang.com/25237249.html,植物大战僵尸2成语漫画：妙语连珠 出口成章（全24册）,笑江南,2018-03-01,中国少年儿童出版社,30329条评论
29.,http://product.dangdang.com/25197281.html,汪汪队立大功儿童安全救援漫画故事书・第一辑（全10册）（中国儿童必不可少的安全救援漫画故事书！）,美国尼克儿童频道,2017-12-01,天地出版社,9603条评论
30.,http://product.dangdang.com/24146152.html,迪士尼我会自己读第1级 （1-6）,迪士尼公司,2016-08-01,人民邮电出版社,21614条评论
31.,http://product.dangdang.com/25237246.html,植物大战僵尸2武器秘密之科学漫画:自然探索（全20册）,笑江南,2018-03-01,中国少年儿童出版社,20458条评论
32.,http://product.dangdang.com/23861953.html,丁丁历险记礼盒套装(全22册),埃尔热,2009-12-01,中国少年儿童出版社,7160条评论
33.,http://product.dangdang.com/24036846.html,小猪佩奇趣味贴纸游戏书（8册套装）,快乐瓢虫,2016-10-01,安徽少年儿童出版社,47048条评论
34.,http://product.dangdang.com/24015004.html,冒险岛数学奇遇记21-40,宋道树,2016-08-01,光明日报出版社,4018条评论
35.,http://product.dangdang.com/23965909.html,漫画林汉达中国历史故事集（函套书共10册） ,林汉达,2016-05-01,北京理工大学出版社,8931条评论
36.,http://product.dangdang.com/24170371.html,漫漫画：史记（漫画版套装共10本） ,漫漫画团队,2017-01-01,江苏凤凰美术出版社,6649条评论
37.,http://product.dangdang.com/23348260.html,热带雨林历险记(共10册） 我的第一本科学漫画书,李泰虎,2013-08-01,二十一世纪出版社,14337条评论
38.,http://product.dangdang.com/23246612.html,冒险岛数学奇遇记1-20,宋道树,2013-05-08,光明日报出版社,9352条评论
39.,http://product.dangdang.com/25294448.html,大中华寻宝系列24 福建寻宝记,孙家裕,2018-06-01,二十一世纪出版社,50140条评论
40.,http://product.dangdang.com/21090607.html,冒险岛数学奇遇记1-5,宋道树,2011-05-01,光明日报出版社,31771条评论
41.,http://product.dangdang.com/25162375.html,巴巴爸爸环游世界系列（全十册）,安娜特・缇森,2017-10-18,接力出版社,8063条评论
42.,http://product.dangdang.com/25190566.html,大英儿童百科全书漫画版（1-30册）,美国大英百科全书公司,2017-11-30,湖南少年儿童出版社,1183条评论
43.,http://product.dangdang.com/25100266.html,植物大战僵尸2成语漫画套装(共10册）,笑江南,2017-07-01,中国少年儿童出版社,6788条评论
44.,http://product.dangdang.com/25204541.html,大中华寻宝系列23  广西寻宝记,孙家裕,2018-01-01,二十一世纪出版社,30883条评论
45.,http://product.dangdang.com/24146228.html,迪士尼我会自己读第2级（1-6）,迪士尼公司,2016-08-01,人民邮电出版社,12310条评论
46.,http://product.dangdang.com/23289195.html,科学实验王（1-14）我的第一本科学漫画书,韩国小熊工作室,2013-07-01,二十一世纪出版社,8505条评论
47.,http://product.dangdang.com/23834095.html,植物大战僵尸2武器秘密之你问我答 科学漫画系列（套装20册）,笑江南,2016-01-10,中国少年儿童出版社,9155条评论
48.,http://product.dangdang.com/23262572.html,漫画中国――漫画上下五千年（全套共12册）,洋洋兔,2013-05-01,北京理工大学出版社,12212条评论
49.,http://product.dangdang.com/25149648.html,我的第一本大中华寻宝漫画书（5-8）山东/四川/湖北/浙江 ,孙家裕,2013-08-01,二十一世纪出版社,7483条评论
50.,http://product.dangdang.com/25064118.html,迪士尼我会自己读第3级 （1-6）,迪士尼公司,2017-04-01,人民邮电出版社,9259条评论
51.,http://product.dangdang.com/23939729.html,植物大战僵尸2武器秘密之妙语连珠成语漫画 第一辑 （共4册）,笑江南,2016-04-20,中国少年儿童出版社,27403条评论
52.,http://product.dangdang.com/25237247.html,植物大战僵尸2武器秘密之科学漫画:奇趣探秘（全20册）,笑江南,2018-03-01,中国少年儿童出版社,13431条评论
53.,http://product.dangdang.com/22685020.html,冒险岛数学奇遇记6-10,宋道树,2012-04-01,光明日报出版社,20093条评论
54.,http://product.dangdang.com/25246856.html,小猪佩奇主题绘本（第二辑）（套装5册）,英国快乐瓢虫出版公司,2018-03-01,安徽少年儿童出版社,7197条评论
55.,http://product.dangdang.com/25244244.html,植物大战僵尸2恐龙漫画 恐龙出世（1-12册）[6-12岁],笑江南,2018-04-01,中国少年儿童出版社,2540条评论
56.,http://product.dangdang.com/25153508.html,迪士尼我会自己读第5级（1-6）,迪士尼公司,2017-09-01,人民邮电出版社,5447条评论
57.,http://product.dangdang.com/25125188.html,我的第一本大中华寻宝漫画书22 澳门寻宝记,孙家裕,2017-08-01,二十一世纪出版社,35373条评论
58.,http://product.dangdang.com/25234088.html,植物大战僵尸2・恐龙漫画 智慧篇（全5册）,笑江南,2018-02-26,中国少年儿童出版社,5043条评论
59.,http://product.dangdang.com/25190567.html,大英儿童百科全书漫画版（1-10册）,美国大英百科全书公司,2016-05-31,湖南少年儿童出版社,2718条评论
60.,http://product.dangdang.com/25234089.html,植物大战僵尸2・恐龙漫画 勇气篇（全5册）,笑江南,2018-03-01,中国少年儿童出版社,8060条评论
61.,http://product.dangdang.com/25156984.html,超级飞侠3D互动图画故事书・第一辑・共八册,奥飞娱乐,2018-01-01,中国纺织出版社,9006条评论
62.,http://product.dangdang.com/25287970.html,大中华寻宝系列2 北京寻宝记,孙家裕,2018-06-01,二十一世纪出版社,40447条评论
63.,http://product.dangdang.com/23708947.html,小公主苏菲亚梦想与成长故事系列1-10（套装共10册）,美国迪士尼公司,2014-06-01,人民邮电出版社,11651条评论
64.,http://product.dangdang.com/23915448.html,芭比公主故事升级版：全12册,美国美泰,2016-03-01,长江少年儿童出版社,27518条评论
65.,http://product.dangdang.com/24165363.html,名侦探柯南彩色漫画 （套装1-10册）,国开童媒,2017-05-01,河南美术出版社,8692条评论
66.,http://product.dangdang.com/25064119.html,迪士尼我会自己读第4级（1-6）,迪士尼公司,2017-04-01,人民邮电出版社,7513条评论
67.,http://product.dangdang.com/24009854.html,百变马丁 超值豪华礼盒 套装（共26本）,今日动画,2016-09-01,中国少年儿童出版社,2417条评论
68.,http://product.dangdang.com/25149650.html,我的第一本大中华寻宝漫画书（9-12）甘肃/陕西/江西/江苏,孙家裕,2017-09-01,二十一世纪出版社,7419条评论
69.,http://product.dangdang.com/23966833.html,植物大战僵尸吉品爆笑漫画（全15册）,笑江南,2016-06-01,中国少年儿童出版社,5599条评论
70.,http://product.dangdang.com/24018738.html,冒险岛数学奇遇记41-45,宋道树,2016-09-01,光明日报出版社,9617条评论
71.,http://product.dangdang.com/22932004.html,冒险岛数学奇遇记11-15,宋道树,2013-01-01,光明日报出版社,14972条评论
72.,http://product.dangdang.com/25105347.html,墨多多谜境冒险 (1-3册） 黑贝街奇遇（上中下),雷欧幻像,2017-07-01,二十一世纪出版社,14432条评论
73.,http://product.dangdang.com/23835177.html,植物大战僵尸2武器秘密之神奇探知 历史漫画系列（11-20册）（包括 隋唐五代（中）、隋唐五代（下）、北宋时期、南宋时期、辽夏金时期、元朝时期、明朝（上）、明朝（下）、清朝（上）、清朝（下））,笑江南,2016-01-15,中国少年儿童出版社,4089条评论
74.,http://product.dangdang.com/352896.html,三毛流浪记（全集）彩图注音读物,张乐平,2005-04-01,少年儿童出版社,264519条评论
75.,http://product.dangdang.com/25176566.html,大中华寻宝系列10 陕西寻宝记 我的第一本科学漫画书,孙家裕,2015-10-01,二十一世纪出版社,21300条评论
76.,http://product.dangdang.com/25176565.html,大中华寻宝系列1 上海寻宝记 我的第一本科学漫画书,孙家裕,2016-11-01,二十一世纪出版社,40990条评论
77.,http://product.dangdang.com/25301674.html,迪士尼我会自己读第1级-第4级（24册）,迪士尼公司,2018-07-02,人民邮电出版社,1692条评论
78.,http://product.dangdang.com/23745288.html,小马宝莉品格培养图画故事书（5册）,孩之宝,2015-07-01,人民邮电出版社,13234条评论
79.,http://product.dangdang.com/25238294.html,迪士尼我会自己读第6级（1-6）,迪士尼公司,2018-02-01,人民邮电出版社,4154条评论
80.,http://product.dangdang.com/23483642.html,小公主苏菲亚梦想与成长故事系列（套装共6册）,美国迪士尼公司,2014-06-01,人民邮电出版社,32953条评论
81.,http://product.dangdang.com/23473682.html,小狗钱钱全彩漫画版（全3册）,博多,2014-05-01,四川少儿出版社,17058条评论
82.,http://product.dangdang.com/25200887.html,汪汪队立大功儿童安全救援漫画故事豪华贺岁大礼盒（专为中国孩子定制的狗年旺旺大礼）,美国尼克儿童频道,2017-12-01,天地出版社,2639条评论
83.,http://product.dangdang.com/25176640.html,大中华寻宝系列21 青海寻宝记 我的第一本科学漫画书,孙家裕,2017-04-01,二十一世纪出版社,19607条评论
84.,http://product.dangdang.com/25201631.html,小树苗儿童成长经典阅读宝库：父与子全集 （漫画注音版）,卜劳恩,2017-12-01,安徽少年儿童出版社,22730条评论
85.,http://product.dangdang.com/25176567.html,大中华寻宝系列11 江西寻宝记 ,孙家裕,2016-11-01,二十一世纪出版社,18808条评论
86.,http://product.dangdang.com/23572504.html,冒险岛数学奇遇记26-30,宋道树,2014-11-01,光明日报出版社,10385条评论
87.,http://product.dangdang.com/25279249.html,迪士尼流利阅读9-16合辑（寻梦环游记、海洋奇缘、美女与野兽、赛车总动员、小美人鱼等）,迪士尼公司,2018-05-01,人民邮电出版社,2287条评论
88.,http://product.dangdang.com/23484131.html,儿童百问百答 第六辑（共5册）26-30 我的第一本科学漫画书,孙钟根,2014-04-01,二十一世纪出版社,10097条评论
89.,http://product.dangdang.com/25176634.html,大中华寻宝系列16 湖南寻宝记 我的第一本科学漫画书,孙家裕,2016-11-01,二十一世纪出版社,18004条评论
90.,http://product.dangdang.com/23246611.html,冒险岛数学奇遇记16-20,宋道树,2013-06-01,光明日报出版社,12502条评论
91.,http://product.dangdang.com/24040889.html,冰雪奇缘爱的魔法美绘本（5册）,迪士尼公司,2016-10-01,人民邮电出版社,7471条评论
92.,http://product.dangdang.com/25103083.html,三毛从军记（彩图注音读物）,张乐平,2017-06-01,少年儿童出版社,91293条评论
93.,http://product.dangdang.com/25190565.html,大英儿童百科全书漫画版（21-30册）,美国大英百科全书公司,2017-11-30,湖南少年儿童出版社,1724条评论
94.,http://product.dangdang.com/25190568.html,大英儿童百科全书漫画版（11-20册）,美国大英百科全书公司,2017-11-30,湖南少年儿童出版社,1827条评论
95.,http://product.dangdang.com/25197401.html,墨多多谜境冒险（4-5共2册） 隐匿的巫女面具（上 下）,雷欧幻像,2017-11-01,二十一世纪出版社,15842条评论
96.,http://product.dangdang.com/21037613.html,托马斯和朋友幼儿情绪管理互动读本 1-8套装,艾格萌,2011-01-01,人民邮电出版社,76121条评论
97.,http://product.dangdang.com/20998910.html,奥莉薇精选绘本系列（套装共10册）,英国chorion公司授权,2011-01-01,江苏少年儿童出版社,14712条评论
98.,http://product.dangdang.com/24167409.html,中国经典动画大全集――阿凡提的故事 （注音版全七册）官方授权，中国电影资料馆高科技修复，生动再现木偶片精髓。小学语文新课标必读,上海美术电影制片厂,2017-01-01,南方出版社,9127条评论
99.,http://product.dangdang.com/24026287.html,儿童百问百答 第八辑（共5册）36-40 我的第一本科学漫画书,申慧英,2016-06-01,二十一世纪出版社,6748条评论
100.,http://product.dangdang.com/25176639.html,大中华寻宝系列20 贵州寻宝记 我的第一本科学漫画书,孙家裕,2016-11-01,二十一世纪出版社,17241条评论
101.,http://product.dangdang.com/23401961.html,儿童百问百答 第五辑（共5册）21-25 我的第一本科学漫画书,车贤镇,2013-07-01,二十一世纪出版社,9429条评论
102.,http://product.dangdang.com/23775302.html,儿童百问百答 第七辑（共5册）31-35 我的第一本科学漫画书,申慧英,2015-09-01,,7094条评论
103.,http://product.dangdang.com/24566794.html,狼王梦 漫画版（6册/套）/儿童文学名家典藏漫画 沈石溪动物漫画王国,沈石溪,2017-04-01,中国少年儿童出版社,7751条评论
104.,http://product.dangdang.com/25093581.html,植物大战僵尸2唐诗漫画套装（共10册）,笑江南,2017-06-01,中国少年儿童出版社,2876条评论
105.,http://product.dangdang.com/23289200.html,儿童百问百答 第四辑（共5册）16-20 我的第一本科学漫画书,车贤镇,2013-07-01,二十一世纪出版社,9402条评论
106.,http://product.dangdang.com/24105815.html,植物大战僵尸2武器机密之你问我答・科学漫画・套装21-30册（天气与气候卷、体育与运动卷、灾害与防护卷、极地与冰川卷、考古卷、农业与生态卷、森林与湖泊卷、数学卷、趣味实验卷、未来科技卷）,笑江南,2016-11-30,中国少年儿童出版社,4865条评论
107.,http://product.dangdang.com/25176635.html,大中华寻宝系列17 广东寻宝记 我的第一本科学漫画书,孙家裕,2016-11-01,二十一世纪出版社,17092条评论
108.,http://product.dangdang.com/25090333.html,迪士尼双语经典电影故事：公主合辑（套装共10册）,美国迪士尼公司,2017-06-01,国家开放大学出版社,3379条评论
109.,http://product.dangdang.com/24008671.html,海底小纵队梦想剧场（全7册),海豚传媒,2016-08-01,长江少年儿童出版社,4840条评论
110.,http://product.dangdang.com/23289197.html,儿童百问百答 第一辑（共5册）1-5 我的第一本科学漫画书,道奇胜,2013-07-01,二十一世纪出版社,21089条评论
111.,http://product.dangdang.com/25237248.html,植物大战僵尸2武器秘密之科学漫画（全新30册套装）,笑江南,2018-03-01,中国少年儿童出版社,567条评论
112.,http://product.dangdang.com/25237245.html,植物大战僵尸2武器秘密之中国名城漫画 六大古都,笑江南,2018-03-01,中国少年儿童出版社,5488条评论
113.,http://product.dangdang.com/25287972.html,大中华寻宝系列21 青海寻宝记,孙家裕,2018-06-01,二十一世纪出版社,29601条评论
114.,http://product.dangdang.com/24007377.html,巴巴爸爸科学故事系列,托马斯・泰勒,2016-08-01,接力出版社,7380条评论
115.,http://product.dangdang.com/25113674.html,植物大战僵尸2武器秘密之博物馆漫画 第一辑（共5册）,笑江南,2018-05-18,中国少年儿童出版社,3229条评论
116.,http://product.dangdang.com/23980659.html,小公主苏菲亚智慧心灵双语故事系列（套装共6册）,迪士尼,2016-06-01,国家开放大学出版社,7951条评论
117.,http://product.dangdang.com/25103084.html,三毛解放记（彩图注音读物）,张乐平,2017-06-01,少年儿童出版社,52452条评论
118.,http://product.dangdang.com/23782380.html,植物大战僵尸2武器秘密之历史漫画(共10册）,笑江南,2015-10-25,中国少年儿童出版社,5488条评论
119.,http://product.dangdang.com/25176637.html,大中华寻宝系列19 香港寻宝记 我的第一本科学漫画书,孙家裕,2016-11-02,二十一世纪出版社,16518条评论
120.,http://product.dangdang.com/25287963.html,大中华寻宝系列13 云南寻宝记,孙家裕,2018-06-01,二十一世纪出版社,27362条评论
121.,http://product.dangdang.com/23493415.html,新版・托马斯和朋友宝宝自己读（套装共8册）,,2014-07-01,人民邮电出版社,13471条评论
122.,http://product.dangdang.com/25243968.html,植物大战僵尸2・恐龙漫画 友情篇（全5册）,人民邮电出版社,2018-04-01,中国少年儿童出版社,2127条评论
123.,http://product.dangdang.com/25234241.html,植物大战僵尸2・历史漫画：从远古到明清的中国通史（1-10册）,笑江南,2018-02-26,中国少年儿童出版社,20161条评论
124.,http://product.dangdang.com/25243863.html,百变马丁拼音故事书（套装全6册）,中国少年儿童出版社,2018-04-09,辽宁少年儿童出版社,3527条评论
125.,http://product.dangdang.com/20874971.html,世界童话名著连环画（共十卷）,笑江南,2010-07-01,浙江少年儿童出版社,11127条评论
126.,http://product.dangdang.com/25176568.html,大中华寻宝系列12 江苏寻宝记 我的第一本科学漫画书,中国少年儿童出版社,2016-11-01,二十一世纪出版社,13491条评论
127.,http://product.dangdang.com/25106954.html,三毛百趣记（彩图注音读物）,今日动画,2017-06-01,少年儿童出版社,37965条评论
128.,http://product.dangdang.com/25149646.html,我的第一本大中华寻宝漫画书（17-20）广东/辽宁/香港/贵州,辽宁少年儿童出版社,2017-08-01,二十一世纪出版社,4188条评论
129.,http://product.dangdang.com/23407559.html,寻宝记系列(1-4)伊拉克/法国/印度/埃及 我的第一本科学漫画书,浙江少年儿童出版社,2013-06-01,二十一世纪出版社,6065条评论
130.,http://product.dangdang.com/25176599.html,大中华寻宝系列13 云南寻宝记 我的第一本科学漫画书,浙江少年儿童出版社,2016-11-01,二十一世纪出版社,15566条评论
131.,http://product.dangdang.com/23289198.html,儿童百问百答 第二辑（共5册）6-10  我的第一本科学漫画书,孙家裕,2013-07-01,２１世纪出版社,13410条评论
132.,http://product.dangdang.com/23448759.html,我是物理王（全4册）,二十一世纪出版社,2014-03-01,北京联合出版公司,8867条评论
133.,http://product.dangdang.com/25287964.html,大中华寻宝系列14 河南寻宝记,张乐平,2018-06-01,二十一世纪出版社,24384条评论
134.,http://product.dangdang.com/25287973.html,大中华寻宝系列22 澳门寻宝记,少年儿童出版社,2018-06-01,二十一世纪出版社,45196条评论
135.,http://product.dangdang.com/25287974.html,大中华寻宝系列23 广西寻宝记,孙家裕,2018-06-01,二十一世纪出版社,40765条评论
136.,http://product.dangdang.com/25287967.html,大中华寻宝系列17 广东寻宝记,二十一世纪出版社,2018-06-01,二十一世纪出版社,24670条评论
137.,http://product.dangdang.com/25176636.html,大中华寻宝系列18 辽宁寻宝记 我的第一本科学漫画书,金�j洙,2016-11-01,二十一世纪出版社,13732条评论
138.,http://product.dangdang.com/23886856.html,小怪兽阿蒙（共4册）,二十一世纪出版社,2016-05-01,中信出版社,4190条评论
139.,http://product.dangdang.com/24169568.html,寻宝记系列 第八辑(29-32) 瑞典/芬兰/秘鲁/波兰    我的第一本科学漫画书,孙家裕,2016-11-01,二十一世纪出版社,6181条评论
140.,http://product.dangdang.com/25287959.html,大中华寻宝系列1 上海寻宝记,二十一世纪出版社,2018-06-01,二十一世纪出版社,28617条评论
141.,http://product.dangdang.com/25287976.html,大中华寻宝系列4 重庆寻宝记,孙家裕,2018-06-01,二十一世纪出版社,21019条评论
142.,http://product.dangdang.com/25287980.html,大中华寻宝系列8 浙江寻宝记,孙家裕,2018-06-01,二十一世纪出版社,16548条评论
143.,http://product.dangdang.com/25287978.html,大中华寻宝系列6 四川寻宝记,孙家裕,2018-06-01,二十一世纪出版社,20260条评论
144.,http://product.dangdang.com/23357529.html,绝境生存系列 第九辑 人体历险记 (共3册）我的第一本科学漫画书,小熊工作室,2013-01-01,二十一世纪出版社,13589条评论
145.,http://product.dangdang.com/22817409.html,“鼹鼠的故事”图画书（经典版）套装（全12册）,兹德内克,2012-07-01,接力出版社,18119条评论
146.,http://product.dangdang.com/25306105.html,我的世界・冒险故事图画书（第二辑6册）,梅根・米勒,2018-07-03,安徽科学技术出版社,7723条评论
147.,http://product.dangdang.com/25141049.html,麦克斯奥特曼我会自己读（3-6岁儿童自主分级阅读，含300个基础字套装共8册）,国开童媒,2017-07-01,国家开放大学出版社,2913条评论
148.,http://product.dangdang.com/20844041.html,蓝精灵图画故事书（第一辑，全10册）,贝约,2010-06-01,接力出版社,24687条评论
149.,http://product.dangdang.com/25141522.html,超级飞侠梦想魔法大礼盒,奥飞娱乐,2017-05-01,接力出版社,984条评论
150.,http://product.dangdang.com/25096294.html,爱探险的朵拉系列故事书（套装共48册）,美国尼克儿童频道,2016-11-01,HarperCollins UK,1605条评论
151.,http://product.dangdang.com/25176647.html,大中华寻宝系列9 甘肃寻宝记 我的第一本科学漫画书,孙家裕,2016-11-01,二十一世纪出版社,12734条评论
152.,http://product.dangdang.com/23442642.html,寻宝记系列(9-12)德国/澳大利亚/巴西/英国 我的第一本科学漫画书,小熊工作室,2013-05-01,二十一世纪出版社,4796条评论
153.,http://product.dangdang.com/25102737.html,中国四大古典名著连环画（彩图注音版）（套装共4册）,吴承恩,2017-06-30,化学工业出版社,2942条评论
154.,http://product.dangdang.com/23289220.html,绝境生存系列 第六辑 太空历险记 (共3册）我的第一本科学漫画书,洪在彻,2008-10-01,二十一世纪出版社,12323条评论
155.,http://product.dangdang.com/23289219.html,昆虫世界历险记（共3册，1-3） 我的第一本科学漫画书・绝境生存系列 第三辑,洪在彻,2013-07-01,二十一世纪出版社,14622条评论
156.,http://product.dangdang.com/23830027.html,央视动画频道黄金时段热播 百变马丁(全13册）,今日动画,2016-01-01,中国少年儿童出版社,16697条评论
157.,http://product.dangdang.com/23438477.html,冒险岛数学奇遇记21-25,宋道树,2014-04-01,光明日报出版社,11801条评论
158.,http://product.dangdang.com/23461615.html,小马宝莉教你做最受欢迎的女孩（1-6）（套装共6册）,童趣出版有限公司,2013-11-01,人民邮电出版社,17134条评论
159.,http://product.dangdang.com/23465026.html,植物大战僵尸2武器秘密之你问我答科学漫画（第一辑共4册）,笑江南,2014-02-01,中国少年儿童出版社,18402条评论
160.,http://product.dangdang.com/25176633.html,大中华寻宝系列15 安徽寻宝记 我的第一本科学漫画书,孙家裕,2016-11-01,二十一世纪出版社,12980条评论
161.,http://product.dangdang.com/25103092.html,三毛新生记（彩图注音读物）,张乐平,2017-06-01,少年儿童出版社,48126条评论
162.,http://product.dangdang.com/23612176.html,三毛流浪记,少年儿童出版社,2014-12-01,南方出版社,14789条评论
163.,http://product.dangdang.com/25165392.html,新版・中国经典获奖童话:大闹天宫（彩色大字注音版 套装共5册）,张乐平,2017-09-01,中国人口出版社,7285条评论
164.,http://product.dangdang.com/25287979.html,大中华寻宝系列7 湖北寻宝记,南方出版社,2018-06-01,二十一世纪出版社,17289条评论
165.,http://product.dangdang.com/25176641.html,大中华寻宝系列3 天津寻宝记 我的第一本科学漫画书,若真,2016-11-01,二十一世纪出版社,12455条评论
166.,http://product.dangdang.com/24025483.html,不能错过的迪士尼双语经典电影故事：成长合辑（套装5册）,中国人口出版社,2016-09-01,国家开放大学出版社,3338条评论
167.,http://product.dangdang.com/25284699.html,丁丁历险记-大开本经典新版（全集22册）,孙家裕,2018-06-01,中国少年儿童出版社,80561条评论
168.,http://product.dangdang.com/23413793.html,冰雪奇缘-迪士尼动画美绘典藏书系,二十一世纪出版社,2014-01-01,人民邮电出版社,54724条评论
169.,http://product.dangdang.com/25176638.html,大中华寻宝系列2 北京寻宝记 我的第一本科学漫画书,孙家裕,2016-11-01,二十一世纪出版社,13819条评论
170.,http://product.dangdang.com/23289199.html,儿童百问百答 第三辑（共5册）11-15 我的第一本科学漫画书,二十一世纪出版社,2013-06-01,二十一世纪出版社,10827条评论
171.,http://product.dangdang.com/25176642.html,大中华寻宝系列4 重庆寻宝记 我的第一本科学漫画书,美国迪士尼公司,2016-11-01,二十一世纪出版社,11705条评论
172.,http://product.dangdang.com/22518525.html,幻想数学大战6-10,国家开放大学出版社,2011-11-01,蓝天出版社,30614条评论
173.,http://product.dangdang.com/21024018.html,动画中国（全4册）注音版,比利时,2011-01-01,安徽少年儿童出版社,11085条评论
174.,http://product.dangdang.com/25176600.html,大中华寻宝系列14 河南寻宝记 我的第一本科学漫画书,中国少年儿童出版社,2016-10-01,二十一世纪出版社,11090条评论
175.,http://product.dangdang.com/23701823.html,超级飞侠图画故事书 全8册,美国迪士尼公司,2015-05-01,接力出版社,27930条评论
176.,http://product.dangdang.com/25176643.html,大中华寻宝系列5 山东寻宝记 我的第一本科学漫画书,人民邮电出版社,2016-11-01,二十一世纪出版社,26161条评论
177.,http://product.dangdang.com/23486740.html,托马斯和朋友表达力培养互动读本（套装共5册）,孙家裕,2014-06-01,人民邮电出版社,17291条评论
178.,http://product.dangdang.com/23895620.html,冒险岛数学奇遇记36-40,二十一世纪出版社,2016-03-01,光明日报出版社,7346条评论
179.,http://product.dangdang.com/25176644.html,大中华寻宝系列6 四川寻宝记 我的第一本科学漫画书,申慧荣,2016-11-01,二十一世纪出版社,11355条评论
180.,http://product.dangdang.com/23686859.html,冒险岛数学奇遇记31-35,二十一世纪出版社,2015-05-01,光明日报出版社,8938条评论
181.,http://product.dangdang.com/25287968.html,大中华寻宝系列18 辽宁寻宝记,孙家裕,2018-06-01,二十一世纪出版社,18332条评论
182.,http://product.dangdang.com/25181903.html,超级飞侠3D互动图画故事书・第三辑・共八册,奥飞娱乐,2018-03-01,中国纺织出版社,2875条评论
183.,http://product.dangdang.com/25267082.html,植物大战僵尸2・中国古诗词大会漫画 （全5册）,笑江南,2018-04-25,中国少年儿童出版社,1748条评论
184.,http://product.dangdang.com/25287965.html,大中华寻宝系列15 安徽寻宝记,孙家裕,2018-06-01,二十一世纪出版社,17899条评论
185.,http://product.dangdang.com/25304708.html,迪士尼我会自己读第7级（1-6）,迪士尼公司,2018-07-01,人民邮电出版社,2072条评论
186.,http://product.dangdang.com/24169643.html,中国经典动画美绘本大师手绘版,上海美术电影制片厂,2016-10-01,人民邮电出版社,4015条评论
187.,http://product.dangdang.com/23425163.html,我是化学王（全4册）,善友教育出版社,2014-01-01,北京联合出版公司,6418条评论
188.,http://product.dangdang.com/25287975.html,大中华寻宝系列3 天津寻宝记,孙家裕,2018-06-01,二十一世纪出版社,17432条评论
189.,http://product.dangdang.com/23883180.html,图画中国历史（彩绘版 套装共22册 礼品装）（ 6-14岁）,潘志辉,2016-01-01,哈尔滨出版社,911条评论
190.,http://product.dangdang.com/23289217.html,绝境生存系列 第二辑（共4册）南极大冒险/神秘洞穴大冒险/原始丛林大冒险/地震求生记 我的第一本科学漫画书,洪在彻,2013-07-01,二十一世纪出版社,4882条评论
191.,http://product.dangdang.com/25176646.html,大中华寻宝系列8 浙江寻宝记 我的第一本科学漫画书,孙家裕,2016-11-01,二十一世纪出版社,10437条评论
192.,http://product.dangdang.com/23373817.html,绝境生存系列 第七辑 病毒世界历险记（共2册）我的第一本科学漫画书,小熊工作室,2013-06-01,,12193条评论
193.,http://product.dangdang.com/23544280.html,冒险岛英语奇遇记（第一辑）1-5,宋道树,2014-09-01,光明日报出版社,6442条评论
194.,http://product.dangdang.com/25174654.html,超级飞侠3D互动图画故事书・第二辑・共八册,奥飞娱乐,2018-02-01,中国纺织出版社,2927条评论
195.,http://product.dangdang.com/25287977.html,大中华寻宝系列5 山东寻宝记,孙家裕,2018-06-01,二十一世纪出版社,16672条评论
196.,http://product.dangdang.com/22713213.html,希腊罗马神话（12本套装）,洪恩英,2010-09-01,少年儿童出版社,7016条评论
197.,http://product.dangdang.com/23442644.html,寻宝记系列(13-16)土耳其/西班牙/泰国/荷兰 我的第一本科学漫画书,小熊工作室,2013-05-01,二十一世纪出版社,3901条评论
198.,http://product.dangdang.com/25278221.html,超级飞侠3D互动图画故事书・第四季・第一辑・共八册,奥飞娱乐,2018-09-01,中国纺织出版社,4508条评论
199.,http://product.dangdang.com/23635752.html,世界经典漫画集・丰子恺儿童漫画集,丰子恺,2015-01-01,未来出版社,18698条评论
200.,http://product.dangdang.com/24105816.html,植物大战僵尸2武器秘密之妙语连珠成语漫画・第三辑（9-12册，共4册）,笑江南,2016-12-01,中国少年儿童出版社,6031条评论
201.,http://product.dangdang.com/25287962.html,大中华寻宝系列12 江苏寻宝记,孙家裕,2018-06-01,二十一世纪出版社,17810条评论
202.,http://product.dangdang.com/23313604.html,植物大战僵尸2 武器秘密系列故事(共20本),金波,2013-08-01,,17543条评论
203.,http://product.dangdang.com/23313611.html,托马斯和朋友自控力培养故事书1-5,艾阁萌,2013-07-01,人民邮电出版社,4502条评论
204.,http://product.dangdang.com/25287960.html,大中华寻宝系列10 陕西寻宝记,孙家裕,2018-06-01,二十一世纪出版社,25510条评论
205.,http://product.dangdang.com/25287981.html,大中华寻宝系列9 甘肃寻宝记,孙家裕,2018-06-01,二十一世纪出版社,16549条评论
206.,http://product.dangdang.com/24145392.html,小马宝莉之友谊就是魔法（套装 共8册）,美国孩之宝,2016-11-01,浙江少年儿童出版社,2276条评论
207.,http://product.dangdang.com/24163085.html,京剧猫故事连环画（套装全10册）,北京璀璨星空文化发展有限公司,2016-12-01,国家开放大学出版社,1351条评论
208.,http://product.dangdang.com/23972257.html,植物大战僵尸2 武器秘密之妙语连珠 成语漫画 （第二辑 共4本）,笑江南,2016-06-01,中国少年儿童出版社,8940条评论
209.,http://product.dangdang.com/23308268.html,巴巴爸爸新故事（1-2辑，全12册）,德鲁斯・泰勒,2013-08-01,接力出版社,4719条评论
210.,http://product.dangdang.com/24135446.html,我的第一本科学漫画书  极限大挑战（共7册）,朴爱罗,2016-11-01,二十一世纪出版社,1895条评论
211.,http://product.dangdang.com/25095500.html,漫漫画上下五千年（下）（8册套装）,漫漫画团队,2017-06-01,江苏凤凰美术出版社,1457条评论
212.,http://product.dangdang.com/23289204.html,绝境生存系列 第一辑（共4册）病毒世界历险记/极地冰河历险记/撒哈拉沙漠求生记/亚马逊丛林历险记 我的第一本科学漫画书,洪在彻,2013-07-04,二十一世纪出版社,5956条评论
213.,http://product.dangdang.com/23449784.html,我是生物王（全4册）,善友教育出版社,2014-03-01,北京联合出版公司,6245条评论
214.,http://product.dangdang.com/25480195.html,巴巴爸爸经典故事系列（全十册）,安娜特・缇森,2018-10-01,接力出版社,147725条评论
215.,http://product.dangdang.com/25289539.html,小猪佩奇“我会交朋友”儿童社交情境英语启蒙绘本（ 洗澡书 套装全10册）,文圣教育,2018-05-01,中国和平出版社,1816条评论
216.,http://product.dangdang.com/25249507.html,小猪佩奇教养智慧亲子互动故事书（套装共10册）,文圣教育,2018-03-01,四川少儿出版社,2087条评论
217.,http://product.dangdang.com/25095499.html,漫漫画上下五千年（上）（8册套装）,漫漫画团队,2017-06-01,江苏凤凰美术出版社,1511条评论
218.,http://product.dangdang.com/25287971.html,大中华寻宝系列20 贵州寻宝记,孙家裕,2018-06-01,二十一世纪出版社,20856条评论
219.,http://product.dangdang.com/25294516.html,大中华寻宝系列 （21-24）青海/澳门/广西/福建,孙家裕,2018-07-01,二十一世纪出版社,1422条评论
220.,http://product.dangdang.com/24165362.html,名侦探柯南彩色漫画 （套装11-20册）,国开童媒,2017-05-01,河南美术出版社,2580条评论
221.,http://product.dangdang.com/24106231.html,史蒂夫・乔布斯传：我可以改变世界（漫画版）,杰茜.哈特兰,2016-12-22,中信出版社,8290条评论
222.,http://product.dangdang.com/25313999.html,欧布奥特曼《突破识字关键期图画故事书》（全4册） （我的自然拼读故事书，助力儿童流利阅读！媲美《迪士尼我会自己读》）,上海新创华文化发展有限公司,2018-06-01,南京大学出版社,5159条评论
223.,http://product.dangdang.com/24194846.html,冒险岛语文奇遇记1-5,刘京原,2017-03-01,九州出版社,2173条评论
224.,http://product.dangdang.com/25189759.html,不能错过的迪士尼双语经典电影故事：寻梦环游记,迪士尼公司,2017-11-01,国家开放大学出版社,6060条评论
225.,http://product.dangdang.com/24023960.html,三毛流浪记（珍藏版）,张乐平,2016-08-01,少年儿童出版社,4908条评论
226.,http://product.dangdang.com/25210236.html,海底小纵队原著绘本故事(全4册）,英国Vampire,2017-12-01,长江少年儿童出版社,1243条评论
227.,http://product.dangdang.com/25100267.html,植物大战僵尸2武器秘密之神奇探知中国名城漫画 第一辑（共4册）,笑江南,2017-07-01,中国少年儿童出版社,2945条评论
228.,http://product.dangdang.com/23442646.html,寻宝记系列(21-24)奥地利/以色列/古巴/瑞士 我的第一本科学漫画书,小熊工作室,2014-03-01,二十一世纪出版社,7834条评论
229.,http://product.dangdang.com/23966808.html,植物大战僵尸吉品爆笑多格漫画(1-15)套装,笑江南,2016-05-31,中国少年儿童出版社,1640条评论
230.,http://product.dangdang.com/25105786.html,中国动画 上海美影经典故事 曹冲称象,上海美术电影制片厂,2017-06-01,人民邮电出版社,4537条评论
231.,http://product.dangdang.com/25198295.html,帕丁顿熊经典电影小说（套装共2册 请照顾好这只小熊+神秘的生日礼物）,珍妮・威利斯,2017-12-01,湖南少年儿童出版社,5064条评论
232.,http://product.dangdang.com/25208747.html,萌鸡小队图画故事书,奥飞娱乐,2017-12-01,接力出版社,871条评论
233.,http://product.dangdang.com/23981596.html,央视动画频道黄金时段热播 百变马丁（全26册）套装,今日动画,2016-06-01,中国少年儿童新闻出版总社,3274条评论
234.,http://product.dangdang.com/23951120.html,哪吒闹海  中国经典动画大全集,上海美术电影制片厂,2016-05-01,南方出版社,9361条评论
235.,http://product.dangdang.com/25287966.html,大中华寻宝系列16 湖南寻宝记,孙家裕,2018-06-01,二十一世纪出版社,20987条评论
236.,http://product.dangdang.com/25176645.html,大中华寻宝系列7 湖北寻宝记 我的第一本科学漫画书,孙家裕,2016-11-01,二十一世纪出版社,8455条评论
237.,http://product.dangdang.com/24169574.html,科学实验王 第四辑 共4册（13-16）我的第一本科学漫画书,小熊工作室,2016-02-01,,2555条评论
238.,http://product.dangdang.com/25070048.html,儿童百问百答 44 滑稽数学游戏  我的第一本科学漫画书,都基成,2017-04-01,二十一世纪出版社,10539条评论
239.,http://product.dangdang.com/23407560.html,寻宝记系列(5-8)美国/日本/希腊/俄罗斯 我的第一本科学漫画书,小熊工作室,2013-12-01,二十一世纪出版社,5971条评论
240.,http://product.dangdang.com/25149576.html,小熊帕丁顿图画书系列,迈克尔,2017-07-01,接力出版社,971条评论
241.,http://product.dangdang.com/25081200.html,中国传统动画美绘本-大师手绘版（9册）,上海美术电影制片厂,2017-01-01,人民邮电出版社,1672条评论
242.,http://product.dangdang.com/24176934.html,植物大战僵尸2武器秘密之妙语连珠成语漫画・第四辑（13-16册，共4册）,笑江南,2017-01-01,中国少年儿童出版社,4538条评论
243.,http://product.dangdang.com/24184303.html,植物大战僵尸2唐诗漫画 第一辑（共5册）,笑江南,2017-02-01,中国少年儿童出版社,3721条评论
244.,http://product.dangdang.com/23743352.html,漫画中国――漫画兵法故事：三十六计 孙子兵法（全套共6册）,洋洋兔,2015-07-01,北京理工大学出版社,2795条评论
245.,http://product.dangdang.com/25265594.html,复仇者联盟3终极档案,美国漫威公司,2018-05-04,长江少年儿童出版社,3304条评论
246.,http://product.dangdang.com/25278825.html,植物大战僵尸2博物馆漫画 世界宝藏篇（共五册）,笑江南,2018-05-21,中国少年儿童出版社,1072条评论
247.,http://product.dangdang.com/23915376.html,疯狂动物城:不容错过的迪士尼经典官方故事绘本,美国迪士尼公司,2016-03-05,中信出版社,40695条评论
248.,http://product.dangdang.com/22518526.html,幻想数学大战11-15,图画树,2011-10-11,蓝天出版社,24370条评论
249.,http://product.dangdang.com/25534951.html,植物大战僵尸2机器人漫画  超级英雄（全3册）,笑江南,2018-11-01,中国少年儿童出版社,2153条评论
250.,http://product.dangdang.com/25274842.html,小狗钱钱全彩漫画版（套装共3册）,博多,2018-05-01,四川少儿出版社,1684条评论
251.,http://product.dangdang.com/24103686.html,绝境生存系列 超级机器人大作战（共三册） 我的第一本科学漫画书,金政郁,2016-11-01,二十一世纪出版社,3920条评论
252.,http://product.dangdang.com/23955539.html,儿童版・彩绘全本三国演义（10本套装）,王慧,2016-07-31,少年儿童出版社,1071条评论
253.,http://product.dangdang.com/25205423.html,植物大战僵尸2・恐龙漫画 神奇恐龙果,笑江南,2018-01-01,中国少年儿童出版社,4606条评论
254.,http://product.dangdang.com/23816387.html,国际金奖迪士尼电影故事典藏系列（第一辑）（10册）,迪士尼,2016-01-01,人民邮电出版社,3753条评论
255.,http://product.dangdang.com/25149647.html,我的第一本大中华寻宝漫画书（1-4）上海/北京/天津/重庆 ,孙家裕,2017-09-01,二十一世纪出版社,3089条评论
256.,http://product.dangdang.com/25278460.html,植物大战僵尸2博物馆漫画 中国宝藏篇（共五册）,笑江南,2018-05-18,中国少年儿童出版社,1131条评论
257.,http://product.dangdang.com/25233065.html,植物大战僵尸2・恐龙漫画 功夫联盟,笑江南,2018-03-01,中国少年儿童出版社,4191条评论
258.,http://product.dangdang.com/25294514.html,大中华寻宝系列 （1-4）上海/北京/天津/重庆,孙家裕,2018-07-01,二十一世纪出版社,3220条评论
259.,http://product.dangdang.com/24000228.html,不能错过的迪士尼双语经典电影故事：炫酷合辑（套装5册）,美国迪士尼公司,2016-07-01,国家开放大学出版社,2323条评论
260.,http://product.dangdang.com/23442647.html,寻宝记系列(25-28)新西兰/意大利1/意大利2/菲律宾 我的第一本科学漫画书,小熊工作室,2013-06-01,二十一世纪出版社,6997条评论
261.,http://product.dangdang.com/25205098.html,中国历史漫游记・第一辑（套装 共8册）,李征,2017-11-01,浙江少年儿童出版社,631条评论
262.,http://product.dangdang.com/22762205.html,托马斯和朋友一定有办法 套装全十册,艾阁萌,2012-06-01,   ,21610条评论
263.,http://product.dangdang.com/23390440.html,淘气包谢得意（全12册）,洛德,2014-01-01,   ,4144条评论
264.,http://product.dangdang.com/25328444.html,苏苏和维维历险记（全十册）,威利・范德斯汀,2018-08-01,吉林美术出版社,1660条评论
265.,http://product.dangdang.com/23038956.html,巴巴爸爸认知故事系列（全6册）,缇森,2012-12-19,接力出版社,10034条评论
266.,http://product.dangdang.com/23840213.html,超级飞侠图画书系列（第二辑）,奥飞动漫,2015-12-01,接力出版社,7431条评论
267.,http://product.dangdang.com/23718525.html,寻宝记系列33 捷克寻宝记 我的第一本科学漫画书,小熊工作室,2015-06-01,二十一世纪出版社,15918条评论
268.,http://product.dangdang.com/24182301.html,中国动画典藏（全18册）,上海美术电影制片厂,2017-01-01,辽宁少年儿童出版社,1008条评论
269.,http://product.dangdang.com/25141058.html,名侦探柯南彩色漫画 （套装21-30册),国开童媒,2017-07-01,国家开放大学出版社,1459条评论
270.,http://product.dangdang.com/25105787.html,中国动画 上海美影经典故事 哪吒闹海,上海美术电影制片厂,2017-06-01,人民邮电出版社,3993条评论
271.,http://product.dangdang.com/25164828.html,冰雪奇缘欢乐家庭有声新故事（5册）,迪士尼公司,2017-09-01,人民邮电出版社,1340条评论
272.,http://product.dangdang.com/25226150.html,植物大战僵尸2武器秘密之科学漫画・化学卷,笑江南,2018-02-01,中国少年儿童出版社,5159条评论
273.,http://product.dangdang.com/23288492.html,儿童百问百答3 宇宙 我的第一本科学漫画书,道奇胜,2013-06-01,２１世纪出版社,13222条评论
274.,http://product.dangdang.com/25190569.html,超级飞侠启智绘本系列・和超级飞侠一起想办法 （1、2合辑共12册）,广州童年美术设计有限公司,2017-11-30,湖南少年儿童出版社,766条评论
275.,http://product.dangdang.com/25309822.html,丁丁历险记（小开本）全22册,比利时,2018-07-01,中国少年儿童出版社,75205条评论
276.,http://product.dangdang.com/23691731.html,植物大战僵尸2武器秘密之你问我答 科学漫画（第三辑 共4册）,笑江南,2015-06-01,中国少年儿童出版社,5374条评论
277.,http://product.dangdang.com/23949989.html,植物大战僵尸2・奇幻爆笑漫画系列（全21册）,心传奇工作室,2016-05-01,中国少年儿童出版社,2147条评论
278.,http://product.dangdang.com/25277854.html,植物大战僵尸2・恐龙漫画 恐龙与秘境珍宝[6-12岁],笑江南,2018-05-17,中国少年儿童出版社,4118条评论
279.,http://product.dangdang.com/25248272.html,杰米历险记：第一辑1-6（全6册）,杰夫・尼斯,2017-04-01,阳光出版社,1464条评论
280.,http://product.dangdang.com/25275390.html,米奇90周年纪念典藏版（套装共8册）,美国迪士尼公司,2018-06-01,湖南少年儿童出版社,775条评论
281.,http://product.dangdang.com/23284581.html,儿童百问百答20 世界之最 我的第一本科学漫画书,车贤镇,2013-06-01,２１世纪出版社,14490条评论
282.,http://product.dangdang.com/25178866.html,葫芦兄弟 注音版（全13册）,上海美术电影制片厂,2017-11-01,南方出版社,2793条评论
283.,http://product.dangdang.com/23554256.html,我的妈妈会魔法（全3册）（每个孩子都想有一位这样的妈妈! 母爱需要智慧!）小萌童书,安尼克贝耶斯,2014-07-01,地震出版社,3010条评论
284.,http://product.dangdang.com/25243969.html,植物大战僵尸2成语漫画：妙语连珠 出口成章（13-24册),笑江南,2018-05-01,中国少年儿童出版社,27900条评论
285.,http://product.dangdang.com/22854061.html,托马斯和朋友 动画故事乐园（共32册）,艾阁萌,2009-01-01,   ,5966条评论
286.,http://product.dangdang.com/25317555.html,高卢英雄环游世界（全6册）,勒内・戈西尼,2018-08-01,新星出版社,861条评论
287.,http://product.dangdang.com/23809975.html,大头儿子和小头爸爸（彩图注音版全10册）,郑春华,2015-11-01,长江文艺出版社,1267条评论
288.,http://product.dangdang.com/23316663.html,寻宝记系列27 意大利寻宝记2 我的第一本科学漫画书,姜境孝,2013-08-01,２１世纪出版社,20142条评论
289.,http://product.dangdang.com/20965207.html,爱探险的朵拉.读故事学英语（套装共18册）,埃瑞克・维内尔,2017-04-01,文化发展出版社,792条评论
290.,http://product.dangdang.com/25224358.html,植物大战僵尸2・恐龙漫画（第三辑 共4册）,笑江南,2018-01-01,中国少年儿童出版社,819条评论
291.,http://product.dangdang.com/25234091.html,植物大战僵尸2武器秘密之科学漫画・奇趣探知（全5册）,笑江南,2018-02-26,中国少年儿童出版社,19401条评论
292.,http://product.dangdang.com/25070575.html,永远的丁丁,迈克・法尔,2017-04-01,中国少年儿童出版社,2078条评论
293.,http://product.dangdang.com/25260716.html,植物大战僵尸2・恐龙漫画 恐龙人危机[6-12岁],笑江南,2018-04-17,中国少年儿童出版社,3530条评论
294.,http://product.dangdang.com/23504531.html,三毛流浪记,张乐平,2014-08-01,南方出版社,13450条评论
295.,http://product.dangdang.com/25223861.html,植物大战僵尸2・恐龙漫画 反斗玩具城,笑江南,2018-01-23,中国少年儿童出版社,3567条评论
296.,http://product.dangdang.com/23760362.html,小公主苏菲亚梦想与成长故事系列（7-10）,迪士尼,2015-06-01,人民邮电出版社,7389条评论
297.,http://product.dangdang.com/25243967.html,植物大战僵尸2・恐龙漫画 恐龙村笔记[6-12岁],笑江南,2018-04-01,中国少年儿童出版社,3448条评论
298.,http://product.dangdang.com/25325255.html,植物大战僵尸2・恐龙漫画 乐园求生大战,笑江南,2018-08-13,中国少年儿童出版社,4028条评论
299.,http://product.dangdang.com/25283033.html,超人总动员2 迪士尼拼读故事书（套装共5册）,美国迪士尼公司,2018-06-01,湖南少年儿童出版社,1818条评论
300.,http://product.dangdang.com/25201398.html,植物大战僵尸2・恐龙漫画 深海狩猎者,笑江南,2017-12-01,中国少年儿童出版社,3595条评论
301.,http://product.dangdang.com/25207293.html,新葫芦兄弟连环画珍藏礼盒,上海美术电影制片厂有限公司,2017-09-25,外语教学与研究出版社,312条评论
302.,http://product.dangdang.com/25299200.html,植物大战僵尸2・恐龙漫画 危险的奇迹[7-14岁],笑江南,2018-06-26,中国少年儿童出版社,3717条评论
303.,http://product.dangdang.com/23316664.html,寻宝记系列26 意大利寻宝记1 我的第一本科学漫画书 ,姜境教,2013-08-01,２１世纪出版社,17891条评论
304.,http://product.dangdang.com/23835173.html,植物大战僵尸2武器秘密之你问我答 科学漫画 (第五辑 共4册） （包括 世界之谜卷、天文卷、电脑与网络卷、医学与疾病卷）,笑江南,2016-01-15,中国少年儿童出版社,4067条评论
305.,http://product.dangdang.com/23271837.html,寻宝记系列12 英国寻宝记 我的第一本科学漫画书,韩国小熊工作室,2013-06-01,２１世纪出版社,14733条评论
306.,http://product.dangdang.com/23708652.html,九色鹿,上海美术电影制片厂,2015-07-01,南方出版社,8740条评论
307.,http://product.dangdang.com/23504411.html,中国动画经典升级版:葫芦兄弟(套装共7册)(专供网店),上海美术电影制片厂,2014-06-01,外语教学与研究出版社,6852条评论
308.,http://product.dangdang.com/23289201.html,科学实验王 第一辑 共4册（1-4）我的第一本科学漫画书,韩国小熊工作室,2013-07-01,二十一世纪出版社,4938条评论
309.,http://product.dangdang.com/23284556.html,儿童百问百答5 物理 化学 我的第一本科学漫画书,安英柱,2013-06-01,２１世纪出版社,10892条评论
310.,http://product.dangdang.com/25190637.html,植物大战僵尸2・恐龙漫画 沉睡的王国,笑江南,2017-12-01,中国少年儿童出版社,3538条评论
311.,http://product.dangdang.com/25283249.html,儿童百问百答45 SOS生存科学 我的第一本科学漫画书,权灿好,2018-06-01,二十一世纪出版社,3966条评论
312.,http://product.dangdang.com/23619636.html,植物大战僵尸2武器秘密之神奇探知 历史漫画（第一辑 共4册）,笑江南,2014-11-01,中国少年儿童出版社,13178条评论
313.,http://product.dangdang.com/25160836.html,哪吒闹海全集 （全五册）注音版 中国经典动画大全集  教育部向全国青少年推荐的15部优秀动画,上海美术电影制片厂,2017-09-01,南方出版社,2816条评论
314.,http://product.dangdang.com/23467253.html,中国动画经典升级版：黑猫警长(套装共5册),上海美术电影制片厂,2014-03-01,外语教学与研究出版社,7205条评论
315.,http://product.dangdang.com/24144171.html,科学理财王（共6册）钞票学问大/零花钱妙用/理财小达人/理财智慧/理财习惯/高手大比拼我的第一本科学漫画书,孙家裕,2016-09-01,二十一世纪出版社,1400条评论
316.,http://product.dangdang.com/25244245.html,植物大战僵尸2成语漫画：妙语连珠 出口成章（1-12册)[6-12岁],笑江南,2018-05-01,中国少年儿童出版社,27908条评论
317.,http://product.dangdang.com/25259282.html,植物大战僵尸2武器秘密之科学漫画・逻辑卷,笑江南,2018-04-11,中国少年儿童出版社,4016条评论
318.,http://product.dangdang.com/25304134.html,内心强大的我：萌鸡小队儿童自信培养漫画故事（《超级飞侠》团队打造，国内首部社交成长主题的正面管教理念卡通，媲美小鸡球球）,奥飞娱乐,2018-07-01,海天出版社,2988条评论
319.,http://product.dangdang.com/25287961.html,大中华寻宝系列11 江西寻宝记,孙家裕,2018-06-01,二十一世纪出版社,20380条评论
320.,http://product.dangdang.com/24049711.html,世界文明寻宝系列2 古埃及文明文明寻宝记1 我的第一本科学漫画书,小熊工作室,2016-10-01,２１世纪出版社,6652条评论
321.,http://product.dangdang.com/23959866.html,葫芦兄弟（全13册：神峰奇遇 七色葫芦 误入泥潭 梦窟迷境 绝路逢生 钢筋铁骨 水火奇功 酒酣心冰 幽谷彩莲 捕风捉影 巧夺如意 妖迷心窍 七子连心）（中国经典动画大全集）,上海美术电影制片厂,2016-05-01,南方出版社,2192条评论
322.,http://product.dangdang.com/23284544.html,儿童百问百答7 屎 屁 我的第一本科学漫画书,南方出版社,2013-06-01,２１世纪出版社,11699条评论
323.,http://product.dangdang.com/20822840.html,文学名著连环画--岳飞传,安英柱,2009-04-01,人民美术出版社,2389条评论
324.,http://product.dangdang.com/23273975.html,寻宝记系列5 美国寻宝记 我的第一本科学漫画书 ,２１世纪出版社,2013-06-01,２１世纪出版社,18455条评论
325.,http://product.dangdang.com/23271827.html,寻宝记系列22 以色列寻宝记 我的第一本科学漫画书,,2013-05-01,２１世纪出版社,10153条评论
326.,http://product.dangdang.com/25234094.html,植物大战僵尸2武器秘密之科学漫画・科技前沿（全5册）,人民美术出版社,2018-02-26,中国少年儿童出版社,3388条评论
327.,http://product.dangdang.com/23273974.html,寻宝记系列6 日本寻宝记 我的第一本科学漫画书 ,小熊工作室,2009-03-01,２１世纪出版社,15744条评论
328.,http://product.dangdang.com/20760220.html,巴巴爸爸（ 第一辑 全5册）,２１世纪出版社,2010-01-01,接力出版社,35234条评论
329.,http://product.dangdang.com/23948947.html,麦克斯奥特曼 战无不胜的识字大王 套装1-4册,小熊工作室文,2016-05-01,国家开放大学出版社,3062条评论
330.,http://product.dangdang.com/25234242.html,植物大战僵尸2・历史漫画：从远古到明清的中国通史（11-20册）,２１世纪出版社,2018-02-26,中国少年儿童出版社,4492条评论
331.,http://product.dangdang.com/25088054.html,植物大战僵尸2・恐龙漫画（第一辑）,笑江南,2017-06-01,中国少年儿童出版社,3965条评论
332.,http://product.dangdang.com/25251702.html,小马宝莉宝宝有声故事书：全新升级珍藏版（小马宝莉动画片、扫码即听有声故事书、从小培养好品格全20册）,中国少年儿童出版社,2018-04-04,天地出版社,684条评论
333.,http://product.dangdang.com/23289203.html,科学实验王 第三辑 共4册（9-12）我的第一本科学漫画书,小熊工作室|译者,2013-07-01,二十一世纪出版社,3828条评论
334.,http://product.dangdang.com/20844042.html,巴巴爸爸（第二辑 全5册）,２１世纪出版社,2010-06-01,接力出版社,26878条评论
335.,http://product.dangdang.com/23401957.html,寻宝记系列28 菲律宾寻宝记 我的第一本科学漫画书,缇森,2014-01-01,２１世纪出版社,11182条评论
336.,http://product.dangdang.com/25277857.html,植物大战僵尸2武器秘密之科学漫画・火山与地震卷[6-12岁],接力出版社,2018-05-17,中国少年儿童出版社,3771条评论
337.,http://product.dangdang.com/23407508.html,儿童百问百答28 紧急救治 我的第一本科学漫画书,日本圆谷制作株式会社,2013-12-01,２１世纪出版社,11331条评论
338.,http://product.dangdang.com/25182204.html,植物大战僵尸2・恐龙漫画（第二辑 共4册）,国家开放大学出版社,2017-10-27,中国少年儿童出版社,842条评论
339.,http://product.dangdang.com/23820618.html,父与子（注音版）,笑江南,2016-01-01,中国纺织出版社,6331条评论
340.,http://product.dangdang.com/25112776.html,植物大战僵尸2武器秘密之科学漫画（第九辑共4册）,中国少年儿童出版社,2017-08-01,中国少年儿童出版社,1403条评论
341.,http://product.dangdang.com/25094480.html,蓝精灵漫画经典珍藏版第二辑,贝约,2016-09-01,接力出版社,540条评论
342.,http://product.dangdang.com/24184313.html,植物大战僵尸2・奇幻爆笑漫画系列 第二辑（共11册）,日域图文工作室,2017-02-01,中国少年儿童出版社,925条评论
343.,http://product.dangdang.com/25316695.html,巴巴爸爸探险故事系列（套装共8册）,安娜特・缇森,2018-09-01,接力出版社,920条评论
344.,http://product.dangdang.com/23288491.html,儿童百问百答4 发明发现 我的第一本科学漫画书,都基成,2013-06-01,２１世纪出版社,9390条评论
345.,http://product.dangdang.com/23835175.html,植物大战僵尸2武器秘密之神奇探知 历史漫画 (第五辑 共4册）（包括 明朝（上）、明朝（下）、清朝（上）、清朝（下））,笑江南,2016-01-15,中国少年儿童出版社,4442条评论
346.,http://product.dangdang.com/25260694.html,杰米历险记：第四辑19-25（全7册）,杰夫・尼斯,2018-01-01,阳光出版社,879条评论
347.,http://product.dangdang.com/25070047.html,儿童百问百答 43 恐怖数学谜题 我的第一本科学漫画书,申惠英,2017-04-01,二十一世纪出版社,6103条评论
348.,http://product.dangdang.com/25283250.html,儿童百问百答46 科学的学习方法 我的第一本科学漫画书,权灿好,2018-06-01,二十一世纪出版社,3411条评论
349.,http://product.dangdang.com/25304052.html,变形金刚.救援机器人注音版(全8册）,迈克斯,2018-07-06,辽宁少年儿童出版社,794条评论
350.,http://product.dangdang.com/25192360.html,植物大战僵尸2武器秘密之科学漫画・世界遗产卷,笑江南,2017-12-01,中国少年儿童出版社,3641条评论
351.,http://product.dangdang.com/23258961.html,寻宝记系列15 泰国寻宝记 我的第一本科学漫画书,小熊工作室文,2013-05-01,２１世纪出版社,10027条评论
352.,http://product.dangdang.com/25233496.html,植物大战僵尸2武器秘密之科学漫画・物理卷[6-12岁],笑江南,2017-10-10,中国少年儿童出版社,3612条评论
353.,http://product.dangdang.com/23516750.html,植物大战僵尸2武器秘密之你问我答科学漫画（第二辑共4册）,笑江南,2014-08-01,中国少年儿童出版社,11015条评论
354.,http://product.dangdang.com/23646911.html,新大头儿子和小头爸爸图画故事书（套装全5册）,中央电视台央视动画有限公司,2015-02-01,安徽少年儿童出版社,3774条评论
355.,http://product.dangdang.com/23271828.html,寻宝记系列21 奥地利寻宝记 我的第一本科学漫画书 ,姜境孝,2013-06-01,２１世纪出版社,9930条评论
356.,http://product.dangdang.com/23289222.html,绝境生存系列 第五辑 恐龙历险记(共2册） 我的第一本科学漫画书,洪在彻,2013-07-01,二十一世纪出版社,7035条评论
357.,http://product.dangdang.com/23284588.html,儿童百问百答12 海洋与海底 我的第一本科学漫画书,道奇胜,2013-06-01,２１世纪出版社,11114条评论
358.,http://product.dangdang.com/23284545.html,儿童百问百答6 机器人 我的第一本科学漫画书 ,道奇胜文图,2013-07-01,２１世纪出版社,10491条评论
359.,http://product.dangdang.com/25298521.html,植物大战僵尸2奇幻爆笑漫画系列（全21册）,心传奇工作室,2018-06-25,中国少年儿童出版社,427条评论
360.,http://product.dangdang.com/25199682.html,父与子全集（中英双语彩色版）（套装共10册）,埃・奥・卜劳恩,2017-12-01,中国和平出版社,1928条评论
361.,http://product.dangdang.com/23580838.html,植物大战僵尸2武器秘密之科学漫画・机器人卷,笑江南,2014-09-01,中国少年儿童出版社,22128条评论
362.,http://product.dangdang.com/25243965.html,植物大战僵尸2 吉品爆笑多格漫画・爆笑不停歇篇（全15册）,笑江南,2018-05-01,中国少年儿童出版社,5942条评论
363.,http://product.dangdang.com/25077434.html,植物大战僵尸2吉品爆笑漫画（16-30）套装 当当,笑江南,2017-01-01,中国少年儿童出版社,994条评论
364.,http://product.dangdang.com/25081523.html,植物大战僵尸2唐诗漫画 第二辑（6-10 共5册）,笑江南,2017-05-01,中国少年儿童出版社,1536条评论
365.,http://product.dangdang.com/25262712.html,猪猪侠之超星萌宠启蒙阅读Ⅰ(共6册) 独家赠送正版拼装玩偶一套,咏声动漫,2018-05-01,海天出版社,1049条评论
366.,http://product.dangdang.com/25347763.html,欧布奥特曼宇宙浪客英雄连环画（全6册）,上海新创华文化发展有限公司,2018-09-01,南京大学出版社,2740条评论
367.,http://product.dangdang.com/25214889.html,小马宝莉 送你18个好习惯（6册）,孩之宝公司,2018-01-01,人民邮电出版社,528条评论
368.,http://product.dangdang.com/23439198.html,爆笑成语1-8套装,朱斌,2014-03-01,广州出版社,4025条评论
369.,http://product.dangdang.com/23271839.html,寻宝记系列10 澳大利亚寻宝记 我的第一本科学漫画书 ,小熊工作室,2013-06-01,２１世纪出版社,11858条评论
370.,http://product.dangdang.com/25258901.html,变形金刚领袖的挑战豪华礼盒（套装共10册+一款投影手表）,迈克斯,2018-01-01,辽宁少年儿童出版社,295条评论
371.,http://product.dangdang.com/25102659.html,植物大战僵尸2武器秘密之科学漫画・大脑卷,笑江南,2017-07-01,中国少年儿童出版社,8194条评论
372.,http://product.dangdang.com/22582742.html,巴巴爸爸新故事珍藏馆（巴巴爸爸新故事系列精装合订本）,缇森,2012-01-01,接力出版社,19529条评论
373.,http://product.dangdang.com/25138750.html,小马宝莉之做最好的自己（套装 共6册）,孩之宝,2017-07-01,浙江少年儿童出版社,872条评论
374.,http://product.dangdang.com/23284542.html,儿童百问百答11 有毒的与珍稀的动植物 我的第一本科学漫画书,申慧荣,2013-06-01,２１世纪出版社,8705条评论
375.,http://product.dangdang.com/20908898.html,迪士尼宝宝自己读（套装全八册）,美国迪士尼公司,2010-08-01,人民邮电出版社,16300条评论
376.,http://product.dangdang.com/24103683.html,科学实验王25 齿轮与滑轮 我的第一本科学漫画书,Story,2016-11-01,二十一世纪出版社,9943条评论
377.,http://product.dangdang.com/23357379.html,漫画中国通史（共3册）,江政启,2013-09-01,浙江少年儿童出版社,5475条评论
378.,http://product.dangdang.com/23288490.html,儿童百问百答9 大脑探险 我的第一本科学漫画书,安英柱,2013-06-01,２１世纪出版社,8650条评论
379.,http://product.dangdang.com/23271826.html,寻宝记系列23 古巴寻宝记 我的第一本科学漫画书 ,姜境孝,2013-06-01,２１世纪出版社,9008条评论
380.,http://product.dangdang.com/23231947.html,托马斯和朋友时间管理互动读本（套装全十册）,童趣出版有限公司,2013-07-01,人民邮电出版社,11684条评论
381.,http://product.dangdang.com/25060511.html,看漫画读经典系列（共8册）,崔现锡,2014-07-01,科学普及出版社,536条评论
382.,http://product.dangdang.com/23351266.html,丁丁历险记・黑白珍藏版（全8册）,比利时,2013-10-01,中国少年儿童出版社,2260条评论
383.,http://product.dangdang.com/23271830.html,寻宝记系列19 加拿大寻宝记 我的第一本科学漫画书 ,韩国小熊工作室,2013-06-01,２１世纪出版社,10118条评论
384.,http://product.dangdang.com/24042676.html,儿童百问百答41  肮脏科学  我的第一本科学漫画书,安光玄,2016-10-01,二十一世纪出版社,7829条评论
385.,http://product.dangdang.com/23883476.html,芭比魔法公主故事(套装共10册)(专供),美国美泰公司,2016-01-01,外语教学与研究出版社,583条评论
386.,http://product.dangdang.com/23288493.html,儿童百问百答1 动物 我的第一本科学漫画书,都基成,2013-06-01,２１世纪出版社,7676条评论
387.,http://product.dangdang.com/23700019.html,植物大战僵尸2武器秘密之科学漫画・恐龙卷,笑江南,2014-07-01,中国少年儿童出版社,18353条评论
388.,http://product.dangdang.com/25226379.html,植物大战僵尸2・恐龙漫画 恐龙岛之心,笑江南,2018-02-01,中国少年儿童出版社,3711条评论
389.,http://product.dangdang.com/25253783.html,海底小纵队环球科学探险故事书（有声双语版 套装10册）,万达儿童文化发展有限公司,2018-04-01,安徽少年儿童出版社,486条评论
390.,http://product.dangdang.com/25332527.html,变形金刚领袖之证套装（1-5）,西安迈克斯影视文化传播有限公司,2018-08-29,辽宁少年儿童出版社,839条评论
391.,http://product.dangdang.com/24102355.html,植物大战僵尸2武器秘密之科学漫画 未来科技卷,笑江南,2016-10-31,中国少年儿童出版社,13676条评论
392.,http://product.dangdang.com/25308401.html,植物大战僵尸2・恐龙漫画 恐龙镇魂歌[6-14岁],笑江南,2018-07-13,中国少年儿童出版社,2672条评论
393.,http://product.dangdang.com/24037404.html,科学实验王 24 能量守恒定律   我的第一本科学漫画书,Story,2016-08-01,二十一世纪出版社,9048条评论
394.,http://product.dangdang.com/23974986.html,海底小纵队奇境大探险（全4册）,海豚传媒,2016-06-01,长江少年儿童出版社,2384条评论
395.,http://product.dangdang.com/23273976.html,寻宝记系列4 埃及寻宝记 我的第一本科学漫画书 ,小熊工作室,2013-06-01,２１世纪出版社,15257条评论
396.,http://product.dangdang.com/25248279.html,杰米历险记：第二辑7-12（全6册）,杰夫・尼斯,2017-04-01,阳光出版社,883条评论
397.,http://product.dangdang.com/24003881.html,不能错过的迪士尼双语经典电影故事：狮子王,美国迪士尼公司,2016-07-01,国家开放大学出版社,7332条评论
398.,http://product.dangdang.com/23273984.html,寻宝记系列7 希腊寻宝记 我的第一本科学漫画书 ,小熊工作室,2012-07-01,２１世纪出版社,9789条评论
399.,http://product.dangdang.com/23292720.html,芭比金色童书（全10册）,海豚传媒,2013-06-01,湖北少儿出版社,7368条评论
400.,http://product.dangdang.com/23580839.html,植物大战僵尸2武器秘密之科学漫画・宇宙卷,笑江南,2014-10-01,中国少年儿童出版社,21126条评论
401.,http://product.dangdang.com/24050151.html,世界文明寻宝系列3 古埃及文明寻宝记2 我的第一本科学漫画书,小熊工作室,2016-10-01,二十一世纪出版社,5196条评论
402.,http://product.dangdang.com/23796958.html,幸运的卢克 第1+2辑（全16册）,比利时,2015-11-01,辽宁少年儿童出版社,726条评论
403.,http://product.dangdang.com/25234090.html,植物大战僵尸2吉品爆笑漫画 欢乐综艺篇（全10册）,笑江南,2018-03-01,中国少年儿童出版社,6044条评论
404.,http://product.dangdang.com/24012160.html,大英儿童百科全书漫画版（第三辑，11-15册）,美国大英百科全书公司,2016-05-01,湖南少年儿童出版社,1782条评论
405.,http://product.dangdang.com/25309978.html,丰子恺给孩子的漫画：童心与陪伴,丰子恺,2018-08-01,北京联合出版有限公司,1395条评论
406.,http://product.dangdang.com/23401958.html,寻宝记系列29 瑞典寻宝记 我的第一本科学漫画书 ,姜境孝,2014-01-01,２１世纪出版社,14019条评论
407.,http://product.dangdang.com/25268207.html,变形金刚领袖的挑战套装（1-5）,西安迈克斯影视文化传播有限公司,2018-04-27,辽宁少年儿童出版社,546条评论
408.,http://product.dangdang.com/23288512.html,儿童百问百答17 千奇百怪的科学 我的第一本科学漫画书,道奇胜,2013-06-01,２１世纪出版社,8087条评论
409.,http://product.dangdang.com/24101286.html,小马宝莉轻松突破识字关键期故事书（注音版）（4册）,孩之宝公司,2016-11-01,人民邮电出版社,1904条评论
410.,http://product.dangdang.com/23288494.html,寻宝记系列25 新西兰寻宝记 我的第一本科学漫画书,韩国小熊工作室,2013-06-01,２１世纪出版社,14570条评论
411.,http://product.dangdang.com/23895322.html,荒野求生科普漫画书（1-4册套装）,柳大永,2015-12-01,长江少年儿童出版社,1616条评论
412.,http://product.dangdang.com/24106232.html,海洋奇缘：迪士尼官方绘本,美国迪士尼公司,2016-11-30,中信出版社,11238条评论
413.,http://product.dangdang.com/23535644.html,天才发明家（全10册）,格罗特,2014-07-01,中国少年儿童出版社,5120条评论
414.,http://product.dangdang.com/24224975.html,姆咪漫画全集精装（套装共5册）,托芙・扬松,2017-04-01,人民文学出版社,346条评论
415.,http://product.dangdang.com/23778726.html,植物大战僵尸2武器秘密之你问我答 科学漫画（第四辑）,笑江南,2015-10-20,中国少年儿童出版社,4466条评论
416.,http://product.dangdang.com/24161142.html,伍美珍漫画嘉年华7-12 儿童文学名家典藏漫画,伍美珍,2016-11-01,中国少年儿童出版社,1705条评论
417.,http://product.dangdang.com/23273978.html,寻宝记系列2 法国寻宝记 我的第一本科学漫画书,姜境孝,2008-12-01,２１世纪出版社,12065条评论
418.,http://product.dangdang.com/23284577.html,绝境生存系列8 地震求生记 我的第一本科学漫画书,洪在彻,2013-06-01,２１世纪出版社,12406条评论
419.,http://product.dangdang.com/25294515.html,大中华寻宝系列 （17-20）广东/辽宁/香港/贵州,孙家裕,2018-07-01,二十一世纪出版社,2248条评论
420.,http://product.dangdang.com/25300698.html,超级飞侠3D互动图画故事书・第四季・第二辑・共八册,奥飞娱乐,2018-11-01,中国纺织出版社,1989条评论
421.,http://product.dangdang.com/23928966.html,科学实验王23 月亮的周期 我的第一本科学漫画书,Story,2016-02-01,２１世纪出版社,8988条评论
422.,http://product.dangdang.com/24033157.html,新葫芦兄弟(套装共13册)(专供),上海美术电影制片厂有限公司,2016-09-26,外语教学与研究出版社,943条评论
423.,http://product.dangdang.com/22625606.html,芭比经典公主故事合集(1辑+2辑),克里夫・鲁比,2010-01-01,湖北少儿出版社,7868条评论
424.,http://product.dangdang.com/9087120.html,三毛解放记（彩图注音读物）――三毛故事集锦,张乐平,2006-03-01,少年儿童出版社,28960条评论
425.,http://product.dangdang.com/25175548.html,猫（全4册）,吉塞拉・布翁伯格,2017-10-01,阳光出版社,547条评论
426.,http://product.dangdang.com/24184902.html,值得珍藏的迪士尼公主枕边故事书,迪士尼公司,2017-01-01,人民邮电出版社,1296条评论
427.,http://product.dangdang.com/25167588.html,植物大战僵尸2・恐龙漫画（第二辑）,笑江南,2017-09-20,中国少年儿童出版社,887条评论
428.,http://product.dangdang.com/25269764.html,熊熊乐园环游世界（套装共10册）（英国+法国+德国+意大利+瑞士+土耳其+日本+巴西+澳大利亚+新西兰）,京鼎动漫,2018-05-01,华东师范大学出版社,286条评论
429.,http://product.dangdang.com/23711968.html,儿童百问百答36 荒唐数学 我的第一本科学漫画书,道奇胜,2015-05-01,二十一世纪出版社,11464条评论
430.,http://product.dangdang.com/25225935.html,福尔摩斯探案集 （漫画版）第1辑（全6册）,阿瑟・柯南・道尔,2017-11-01,江苏凤凰文艺出版社,442条评论
431.,http://product.dangdang.com/23617699.html,寻宝记系列31 秘鲁寻宝记 我的第一本科学漫画书 ,甜工厂,2015-01-01,二十一世纪出版社,11817条评论
432.,http://product.dangdang.com/25207611.html,阿凡提的故事全集 注音版 全7册   中国经典动画大全集,上海美术电影制片厂,2017-12-01,南方出版社,1376条评论
433.,http://product.dangdang.com/25283037.html,迪士尼经典绘本.超人总动员2,美国迪士尼公司,2018-06-01,湖南少年儿童出版社,1968条评论
434.,http://product.dangdang.com/23271832.html,寻宝记系列17 南非寻宝记 我的第一本科学漫画书 ,韩国小熊工作室,2013-06-01,２１世纪出版社,7422条评论
435.,http://product.dangdang.com/25297888.html,植物大战僵尸2机器人漫画・机器人迷宫[6-14岁],笑江南,2018-06-22,中国少年儿童出版社,2135条评论
436.,http://product.dangdang.com/25317853.html,植物大战僵尸2机器人漫画・超级对战秀[6-14岁],笑江南,2018-08-01,中国少年儿童出版社,2194条评论
437.,http://product.dangdang.com/25309101.html,植物大战僵尸2武器秘密之科学漫画・科学探险卷[6-12岁],笑江南,2018-07-16,中国少年儿童出版社,2856条评论
438.,http://product.dangdang.com/23284543.html,儿童百问百答8 青春期与性 我的第一本科学漫画书,朴京恩,2009-11-01,２１世纪出版社,7532条评论
439.,http://product.dangdang.com/25268243.html,伟大的远征,沈尧伊,2018-01-01,连环画出版社,590条评论
440.,http://product.dangdang.com/25178881.html,漫画文言名篇丛书(3册/套）,皮皮猪卡通,2017-08-01,中国少年儿童出版社,683条评论
441.,http://product.dangdang.com/25202085.html,植物大战僵尸2・恐龙漫画 超时空营救,笑江南,2017-12-01,中国少年儿童出版社,3328条评论
442.,http://product.dangdang.com/23284587.html,儿童百问百答13 南极与北极 我的第一本科学漫画书 ,申慧荣,2013-06-01,２１世纪出版社,7091条评论
443.,http://product.dangdang.com/25323657.html,5 美国寻宝记     我的第一本科学漫画书 寻宝记系列,小熊工作室,2018-08-01,２１世纪出版社,2595条评论
444.,http://product.dangdang.com/25265754.html,中国历史漫游记 第二辑（套装共8册）,李征,2017-04-02,浙江少年儿童出版社,324条评论
445.,http://product.dangdang.com/25345343.html,数学世界历险记(1-8册）我的第一本科学漫画书 新版,柳己韵,2018-09-01,二十一世纪出版社,372条评论
446.,http://product.dangdang.com/23671455.html,科学实验王22 地球的演变 我的第一本科学漫画书 ,故事工厂,2015-03-01,２１世纪出版社,9357条评论
447.,http://product.dangdang.com/23271824.html,绝境生存系列1 无人岛探险记 我的第一本科学漫画书,崔德熙,2013-06-01,２１世纪出版社,11845条评论
448.,http://product.dangdang.com/23271821.html,绝境生存系列4 亚马逊丛林历险记 我的第一本科学漫画书,崔德熙,2013-06-01,２１世纪出版社,11047条评论
449.,http://product.dangdang.com/25107503.html,赛车总动员3・极速挑战・迪士尼官方绘本,美国迪士尼公司,2017-08-15,中信出版社,2791条评论
450.,http://product.dangdang.com/23442645.html,寻宝记系列(17-20)南非/墨西哥/加拿大/越南 我的第一本科学漫画书,小熊工作室,2013-05-01,二十一世纪出版社,2190条评论
451.,http://product.dangdang.com/25345457.html,植物大战僵尸2・恐龙漫画 海上蜡像馆[6-12岁],笑江南,2018-09-14,中国少年儿童出版社,2663条评论
452.,http://product.dangdang.com/23700022.html,植物大战僵尸2武器秘密之科学漫画・海洋卷,笑江南,2014-05-01,中国少年儿童出版社,13558条评论
453.,http://product.dangdang.com/23671456.html,科学实验王21 氧化与还原 我的第一本科学漫画书 ,弘钟贤,2015-03-01,２１世纪出版社,9359条评论
454.,http://product.dangdang.com/23284586.html,儿童百问百答14 电与磁 我的第一本科学漫画书 ,金显民,2013-06-01,２１世纪出版社,6325条评论
455.,http://product.dangdang.com/23957936.html,植物大战僵尸2武器秘密之你问我答科学漫画（第六辑，共4册）,笑江南,2016-05-31,中国少年儿童出版社,2342条评论
456.,http://product.dangdang.com/22553655.html,闪闪小超人动画故事系列（全20册）,布洛克,2011-12-01,湖北少儿出版社,1516条评论
457.,http://product.dangdang.com/25294518.html,大中华寻宝系列 （9-12）甘肃/陕西/江西/江苏,孙家裕,2018-07-01,二十一世纪出版社,7397条评论
458.,http://product.dangdang.com/23271822.html,绝境生存系列3 撒哈拉沙漠求生记 我的第一本科学漫画书,崔德熙,2013-06-01,２１世纪出版社,11029条评论
459.,http://product.dangdang.com/23665920.html,漫画中国：漫画国学启蒙（函套共8册）,洋洋兔,2015-04-01,北京理工大学出版社,1155条评论
460.,http://product.dangdang.com/23313600.html,巴巴爸爸新故事珍藏馆Ⅱ,缇森,2013-08-01,接力出版社,8055条评论
461.,http://product.dangdang.com/25320445.html,儿童百问百答 47 垃圾科学 我的第一本科学漫画书,申惠英,2018-08-01,二十一世纪出版社,2248条评论
462.,http://product.dangdang.com/25262139.html,植物大战僵尸2太空未解之谜[6-14岁],笑江南,2018-05-01,中国少年儿童出版社,2032条评论
463.,http://product.dangdang.com/25238064.html,熊出没变形记故事书（套装共6册）,华强方特,2018-01-01,四川少儿出版社,771条评论
464.,http://product.dangdang.com/23273983.html,寻宝记系列8 俄罗斯寻宝记 我的第一本科学漫画书,韩国小熊工作室,2013-06-01,２１世纪出版社,9659条评论
465.,http://product.dangdang.com/25183963.html,三毛漫画（经典版）,张乐平,2017-11-01,少年儿童出版社,516条评论
466.,http://product.dangdang.com/23718524.html,寻宝记系列32 波兰寻宝记 我的第一本科学漫画书,甜工厂,2015-06-01,二十一世纪出版社,9215条评论
467.,http://product.dangdang.com/23343470.html,儿童百问百答21 未来科学 我的第一本科学漫画书,车贤镇,2013-06-01,２１世纪出版社,8069条评论
468.,http://product.dangdang.com/25248286.html,杰米历险记：第三辑13-18（全6册）,杰夫・尼斯,2017-04-01,阳光出版社,726条评论
469.,http://product.dangdang.com/25249746.html,丝绸之路寻宝记―消失的战马魂（漫画版）,牧村,2018-02-01,北京工业大学出版社,1292条评论
470.,http://product.dangdang.com/23271831.html,寻宝记系列18 墨西哥寻宝记 我的第一本科学漫画书 ,韩国小熊工作室,2013-06-01,２１世纪出版社,7174条评论
471.,http://product.dangdang.com/25193385.html,迪士尼大电影剧照故事书 寻梦环游记,迪士尼公司,2017-11-30,人民邮电出版社,1680条评论
472.,http://product.dangdang.com/9087138.html,三毛新生记（彩图注音读物）――三毛故事集锦,张乐平,2005-09-01,少年儿童出版社,32669条评论
473.,http://product.dangdang.com/24102356.html,植物大战僵尸2武器秘密之科学漫画・数学卷,笑江南,2016-10-28,中国少年儿童出版社,11155条评论
474.,http://product.dangdang.com/23271829.html,寻宝记系列20 越南寻宝记 我的第一本科学漫画书 ,韩国小熊工作室,2013-06-01,２１世纪出版社,6911条评论
475.,http://product.dangdang.com/25294513.html,大中华寻宝系列 （13-16）云南/河南/安徽/湖南,孙家裕,2018-07-01,二十一世纪出版社,944条评论
476.,http://product.dangdang.com/23284557.html,儿童百问百答2 人体 我的第一本科学漫画书,都基成,2013-06-01,２１世纪出版社,8369条评论
477.,http://product.dangdang.com/25243972.html,植物大战僵尸2武器秘密之科学漫画・学科达人（全5册）,笑江南,2018-05-01,中国少年儿童出版社,3116条评论
478.,http://product.dangdang.com/23284582.html,儿童百问百答19 食虫植物 我的第一本科学漫画书,道奇胜,2013-07-01,２１世纪出版社,6999条评论
479.,http://product.dangdang.com/25249745.html,丝绸之路寻宝记―神秘的外星来客（漫画版）,牧村,2018-02-01,北京工业大学出版社,1318条评论
480.,http://product.dangdang.com/25173960.html,小羊肖恩处世智慧动画故事书,英国阿德曼动画有限公司,2017-10-01,漓江出版社,517条评论
481.,http://product.dangdang.com/23271823.html,绝境生存系列2 极地冰河历险记 我的第一本科学漫画书,崔德熙,2013-06-01,２１世纪出版社,10169条评论
482.,http://product.dangdang.com/25234093.html,植物大战僵尸2武器秘密之科学漫画・文明密码（全5册）,笑江南,2018-02-26,中国少年儿童出版社,18777条评论
483.,http://product.dangdang.com/25197691.html,中国卡通《儿童文学》名家典藏--沈石溪动物漫画王国（全6册）（漫画版）,沈石溪,2017-10-01,中国少年儿童出版社,649条评论
484.,http://product.dangdang.com/24010710.html,阿凡提幽默故事套装(7册套)(专供)中国动画经典升级版,上海美术电影制片厂,2016-07-29,外语教学与研究出版社,1134条评论
485.,http://product.dangdang.com/25221734.html,超级飞侠3有声图画故事书（双语版 环游世界篇）套装14册,奥飞动漫,2017-06-01,吉林出版集团股份有限公司,297条评论
486.,http://product.dangdang.com/23567812.html,冰雪奇缘终极电影故事（全真剧照版）,美国迪士尼公司,2014-09-01,人民邮电出版社,10753条评论
487.,http://product.dangdang.com/24016655.html,绘本《西游记》故事大闹天宫(上下）,胡志明,2016-06-01,连环画出版社,4260条评论
488.,http://product.dangdang.com/25102676.html,英雄连环画,上海新创华文化发展有限公司,2017-06-01,南京大学出版社,596条评论
489.,http://product.dangdang.com/23271836.html,寻宝记系列13 土耳其寻宝记 我的第一本科学漫画书 ,小熊工作室,2013-07-01,２１世纪出版社,7146条评论
490.,http://product.dangdang.com/23357517.html,儿童百问百答27 恐怖神秘事件 我的第一本科学漫画书,全板桥,2013-10-01,２１世纪出版社,8105条评论
491.,http://product.dangdang.com/25243966.html,植物大战僵尸2 吉品爆笑多格漫画?从早笑到晚篇（全15册）,笑江南,2018-05-01,中国少年儿童出版社,5837条评论
492.,http://product.dangdang.com/25322650.html,儿童成长经典阅读宝库：父与子全集+没头脑和不高兴（漫画注音版）,卜劳恩,2018-08-01,安徽少年儿童出版社,1232条评论
493.,http://product.dangdang.com/25243970.html,植物大战僵尸2吉品爆笑漫画 冒险探秘篇（全10册）,笑江南,2018-05-01,中国少年儿童出版社,6086条评论
494.,http://product.dangdang.com/23288488.html,绝境生存系列17 恐龙世界历险记2 我的第一本科学漫画书,洪在彻,2013-06-01,２１世纪出版社,12354条评论
495.,http://product.dangdang.com/23781070.html,儿童百问百答37 惊人科学事件 我的第一本科学漫画书,申慧英,2015-09-01,二十一世纪出版社,8092条评论
496.,http://product.dangdang.com/24102354.html,植物大战僵尸2武器秘密之科学漫画 趣味实验卷,笑江南,2016-10-31,中国少年儿童出版社,10151条评论
497.,http://product.dangdang.com/25091092.html,十二生肖（闯妖洞 机灵鼠 大力牛 白额虎 长脚兔 塌鼻龙 青青蛇 雪白马 剑角羊 红脸猴 五彩鸡 花尾狗 大耳猪）（中国经典动画大全集）,上海美术电影制片厂,2017-06-01,南方出版社,441条评论
498.,http://product.dangdang.com/23581397.html,变形金刚终极宝典,漫界文化,2014-08-01,江苏少年儿童出版社,634条评论
499.,http://product.dangdang.com/23271818.html,绝境生存系列14 非洲草原历险记 我的第一本科学漫画书,洪在彻,2013-06-01,２１世纪出版社,9149条评论
500.,http://product.dangdang.com/23835174.html,植物大战僵尸2武器秘密之神奇探知 历史漫画 (第四辑 共4册）（包括 北宋时期、南宋时期、辽夏金时期、元朝时期）,笑江南,2016-01-15,中国少年儿童出版社,3151条评论
