1.,http://product.dangdang.com/22807661.html,我的第一套自然拼读故事书（全81册 中英双语）,诺拉・盖多斯,2012-07-01,连环画出版社,75217条评论
2.,http://product.dangdang.com/23059297.html,培生幼儿英语 预备级（含35册图书，2张英式发音CD）,莫妮卡・休斯,2012-12-01,湖北少儿出版社,150437条评论
3.,http://product.dangdang.com/22732434.html,蒲公英・英语拼读王（全12册+9CD＋6DVD光盘）,林素娥,2012-06-01,贵州人民出版社,82861条评论
4.,http://product.dangdang.com/22455937.html,外研社丽声拼读故事会 第一级至第六级套装（可点读）（配CD-Rom电脑驱动光盘）（享誉世界的牛津阅读树系列产品之一）,Julia,2011-06-01,外语教学与研究出版社,25727条评论
5.,http://product.dangdang.com/23059298.html,培生幼儿英语 基础级（含42册图书，3张英式发音CD）,莫妮卡・休斯,2013-01-04,湖北少儿出版社,48792条评论
6.,http://product.dangdang.com/22873273.html,攀登英语阅读系列:有趣的字母,北京师范大学,2012-10-01,北京师范大学出版社,33300条评论
7.,http://product.dangdang.com/23843945.html,奇先生妙小姐・双语故事,罗杰・哈格里维斯,2016-02-01,人民邮电出版社,17645条评论
8.,http://product.dangdang.com/23464339.html,Key Words（1-6级）快乐瓢虫双语童书,W.默瑞,2014-05-01,北京师范大学出版社,12297条评论
9.,http://product.dangdang.com/23588073.html,我的第一本英语发声词典-迪士尼英语家庭版,迪士尼艺术组,2014-06-01,陕西人民教育出版社,41343条评论
10.,http://product.dangdang.com/20575570.html,苏斯博士双语系列（全十册）,苏斯,2009-04-01,中译出版社（原中国对外翻译出版公司）,25922条评论
11.,http://product.dangdang.com/22873272.html,攀登英语阅读系列:神奇字母组合,北京师范大学,2012-10-01,北京师范大学出版社,20842条评论
12.,http://product.dangdang.com/22918682.html,I Can Read!贝贝熊系列丛书双语阅读（全12册）,斯坦,2013-01-01,新疆青少年出版社,43782条评论
13.,http://product.dangdang.com/22543870.html,神奇树屋典藏版有声书（共8盒，32册，附CD）,奥斯本,2011-02-01,湖北少儿出版社,9261条评论
14.,http://product.dangdang.com/20820516.html,欧美经典儿歌《唱歌啦！》WEE SING （带CD，全9册）,尼普,2010-04-19,中译出版社（原中国对外翻译出版公司）,34786条评论
15.,http://product.dangdang.com/23600737.html,培生幼儿英语第二辑・预备级,莫尼卡・休斯,2014-12-01,长江少年儿童出版社,23049条评论
16.,http://product.dangdang.com/20984453.html,培生儿童英语分级阅读 第一级（16册图书 4张DVD动画光盘 1张CD-ROM 互动光盘 1套单词卡片）,本特利,2011-01-01,湖北少儿出版社,40379条评论
17.,http://product.dangdang.com/23264857.html,培生英语：我的第一套自然拼读故事（包含40册图书 3张光盘 指导手册 96张单词卡）,艾莉森・霍斯,2013-06-01,湖北少儿出版社,10135条评论
18.,http://product.dangdang.com/23256013.html,攀登英语阅读系列:分级阅读第一级,北京师范大学,2013-05-01,北京师范大学出版社,27224条评论
19.,http://product.dangdang.com/23207506.html,丽声经典故事屋第一级至第三级套装  (外研社英语分级阅读)(可点读),Alex,2013-03-01,外语教学与研究出版社,20469条评论
20.,http://product.dangdang.com/23256012.html,攀登英语阅读系列:分级阅读第二级（6-8岁，全10册，内附家长手册、阅读记录及配套CD）,北京师范大学,2013-05-01,北京师范大学出版社,22273条评论
21.,http://product.dangdang.com/22932077.html,亚瑟小子双语阅读系列 全18册,马克・布朗,2013-01-01,新疆青少年出版社,19383条评论
22.,http://product.dangdang.com/23207507.html,丽声经典故事屋第四级至第六级套装  (外研社英语分级阅读)(可点读),新疆青少年出版社,2013-03-01,外语教学与研究出版社,11958条评论
23.,http://product.dangdang.com/23566238.html,丽声妙想英文绘本第一级至第四级套装(外研社英语分级阅读)(点读版)(配光盘),Monica,2014-09-10,外语教学与研究出版社,9953条评论
24.,http://product.dangdang.com/23600738.html,培生幼儿英语第二辑・基础级,外语教学与研究出版社,2014-12-01,长江少年儿童出版社,10070条评论
25.,http://product.dangdang.com/20984458.html,培生儿童英语分级阅读 第六级（16册图书 4张DVD 1张CD-ROM）,朱莉・埃利斯,2011-01-01,湖北少儿出版社,20763条评论
26.,http://product.dangdang.com/22873271.html,攀登英语阅读系列:分级阅读第三级（全10册，附家长手册、阅读记录及配套CD）,外语教学与研究出版社,2012-10-01,北京师范大学出版社,21601条评论
27.,http://product.dangdang.com/23808217.html,儿童英语听说绘本第1级（全8册）,艾莉森・霍斯,2015-11-01,长江少年儿童出版社,16780条评论
28.,http://product.dangdang.com/23059299.html,培生幼儿英语 提高级（ 含24册图书，3张英式发音CD）,长江少年儿童出版社,2012-12-01,湖北少儿出版社,20451条评论
29.,http://product.dangdang.com/23578075.html,与美国小学生一起学英文：有趣的阅读系列,,2014-11-01,蓝天出版社,6261条评论
30.,http://product.dangdang.com/22494609.html,外研社丽声拼读故事会 第一级套装（可点读）（配CD-Rom电脑驱动光盘）,湖北少儿出版社,2011-08-01,外语教学与研究出版社,36487条评论
31.,http://product.dangdang.com/20984456.html,培生儿童英语分级阅读 第四级（16册图书+4张DVD动画光盘+1张CD-ROM 互动光盘+1套单词卡片）,北京师范大学,2011-01-01,湖北少儿出版社,18841条评论
32.,http://product.dangdang.com/20984454.html,培生儿童英语分级阅读 第二级（16册图书+4张DVD动画光盘+1张CD-ROM互动光盘+1套单词卡片）,北京师范大学出版社,2011-01-01,湖北少儿出版社,20455条评论
33.,http://product.dangdang.com/23830953.html,朗文机灵狗自然拼读经典ABC级,阿格妮斯罗桑斯提耶勒,2015-11-01,清华大学出版社,2659条评论
34.,http://product.dangdang.com/20984457.html,培生儿童英语分级阅读 第五级（16册图书+4张DVD动画光盘+1张CD-ROM 互动光盘+1套单词卡片）,长江少年儿童出版社,2011-01-01,湖北少儿出版社,20601条评论
35.,http://product.dangdang.com/22537836.html,培生儿童英语分级阅读 第九级（16册图书 1张CD）,达米安,2011-11-01,湖北少儿出版社,19909条评论
36.,http://product.dangdang.com/22873557.html,Words词汇漫画书（1-15）,湖北少儿出版社,2012-02-01,广西教育出版社,8884条评论
37.,http://product.dangdang.com/23985513.html,I CAN READ 经典双语阅读绘本,李学权,2016-07-01,湖南少年儿童出版社,37585条评论
38.,http://product.dangdang.com/23349071.html,外研社英语分级阅读.丽声冒险故事岛(第一级至第四级)（可点读配光盘）,蓝天出版社,2013-10-01,外语教学与研究出版社,4026条评论
39.,http://product.dangdang.com/22537835.html,培生儿童英语分级阅读 第八级（16册图书+1张CD）,Julia,2011-11-01,湖北少儿出版社,22505条评论
40.,http://product.dangdang.com/23706565.html,美国幼儿园课本・Prek阶段(1-4)套装,外语教学与研究出版社,2015-04-01,北方妇女儿童出版社,5784条评论
41.,http://product.dangdang.com/23040328.html,斯凯瑞双语阅读（全10册）,理查德・斯凯瑞,2013-01-01,贵州人民出版社,29996条评论
42.,http://product.dangdang.com/23366706.html,芝麻街幼儿英语（预备级和基础级）,美国芝麻街工作室,2013-10-01,湖北少儿出版社,7973条评论
43.,http://product.dangdang.com/22537834.html,培生儿童英语分级阅读 第七级（16册图书+1张CD）,纳瑞德・达米,2011-11-01,湖北少儿出版社,21726条评论
44.,http://product.dangdang.com/20984455.html,培生儿童英语分级阅读 第三级（16册图书+4张DVD动画光盘+1张CD-ROM 互动光盘+1套单词卡片）,盖恩斯,2012-02-01,湖北少儿出版社,18764条评论
45.,http://product.dangdang.com/23743270.html,迪士尼英语认知发声书-我会读ABC,鱼改燕文,2015-08-01,陕西人民教育出版社,9899条评论
46.,http://product.dangdang.com/23207508.html,丽声经典故事屋第七级至第九级套装 (外研社英语分级阅读)(可点读),Tony,2013-03-01,外语教学与研究出版社,7376条评论
47.,http://product.dangdang.com/22537837.html,培生儿童英语分级阅读 第10-12级（12册图书 3张CD）,玛络丽特・瑞安,2011-11-01,湖北少儿出版社,19230条评论
48.,http://product.dangdang.com/22873270.html,攀登英语阅读系列:分级阅读第四级（全10册，附家长手册、阅读记录及配套CD）,北京师范大学,2012-10-01,北京师范大学出版社,16236条评论
49.,http://product.dangdang.com/23465635.html,丽声玩转英语 第一级～第三级套装,美国创意教学出版社,2014-04-25,外语教学与研究出版社,3786条评论
50.,http://product.dangdang.com/23461513.html,美国少儿英语分级阅读 第1级,麦格劳・希尔教育出版集团,2014-05-01,吉林出版集团有限责任公司,11358条评论
51.,http://product.dangdang.com/22455936.html,外研社丽声拼读故事会 第四.五.六级套装（可点读）（配CD-Rom电脑驱动光盘）,Julia,2011-06-01,外语教学与研究出版社,10927条评论
52.,http://product.dangdang.com/22494610.html,外研社丽声拼读故事会 第二级套装（可点读）（配CD-Rom电脑驱动光盘）,Julia,2011-06-01,外语教学与研究出版社,17901条评论
53.,http://product.dangdang.com/23773330.html,哈考特儿童英语分级读物 基础级（全36册）,苏珊・梅耶尔,2015-08-30,安徽教育出版社,14390条评论
54.,http://product.dangdang.com/23836878.html,语感启蒙经典英文儿歌图画书套装  赠吴敏兰《绘本123，每个妈妈都能胜任的英语启蒙》,英国光脚丫童书社,2015-12-28,外语教学与研究出版社,4178条评论
55.,http://product.dangdang.com/23907119.html,英文童谣玩起来・鹅妈妈童谣,西尔维娅隆,2016-03-01,长江少年儿童出版社,5191条评论
56.,http://product.dangdang.com/23469129.html,欧美经典儿歌 WEE SING（第二辑）（全9册，附CD）,帕姆康恩比尔,2014-05-01,中译出版社（原中国对外翻译出版公司）,4304条评论
57.,http://product.dangdang.com/23776337.html,培生英语入门级幼儿分级读物（3-5岁幼儿启蒙英语，附赠音频光盘、学习手册及贴纸套装共26册）,艾莉森霍斯,2015-10-01,国家开放大学出版社,7511条评论
58.,http://product.dangdang.com/23349073.html,外研社英语分级阅读.丽声冒险故事岛(第一级至第七级)（可点读配光盘）,Haydn,2013-10-01,外语教学与研究出版社,3168条评论
59.,http://product.dangdang.com/23331267.html,"丽声拼读故事会・基础版+强化提高版(第一级至第四级)(配CD光盘、可点读)(赠 英语,孩子这样学! ）",曹文,2013-06-01,外语教学与研究出版社,1597条评论
60.,http://product.dangdang.com/22873269.html,攀登英语阅读系列:分级阅读第五级（全12册，附家长手册、阅读记录及配套CD）,北京师范大学,2012-10-01,北京师范大学出版社,14537条评论
61.,http://product.dangdang.com/23808072.html,安妮花英语自然拼读1 点读笔套装,安妮鲜花,2015-11-01,机械工业出版社,264条评论
62.,http://product.dangdang.com/23600739.html,培生幼儿英语第二辑・提高级,苏珊阿卡斯,2014-12-01,长江少年儿童出版社,7109条评论
63.,http://product.dangdang.com/23392958.html,兰登双语经典（共14册）,P.D.伊斯曼,2013-12-01,连环画出版社,10178条评论
64.,http://product.dangdang.com/23843763.html,夏洛的网(平装双语版),E・B・怀特,2016-01-01,上海译文出版社,25405条评论
65.,http://product.dangdang.com/23395963.html,领先阅读X计划(1-5)(专供网店),Alex,2012-04-01,外语教学与研究出版社,2051条评论
66.,http://product.dangdang.com/23531161.html,培生儿童英语分级阅读Level 1,本特利,2014-06-01,长江少年儿童出版社,8718条评论
67.,http://product.dangdang.com/23349072.html,外研社英语分级阅读.丽声冒险故事岛(第五级至第七级)（可点读配光盘）,Alison,2013-10-01,外语教学与研究出版社,2360条评论
68.,http://product.dangdang.com/23302278.html,丽声百科万花筒(第一.二.三级套装)(专供当当),Vicky,2013-08-01,外语教学与研究出版社,3487条评论
69.,http://product.dangdang.com/23781238.html,语感启蒙.经典英文儿歌图画书第一辑修订版(点读版),英国光脚丫童书社,2015-09-01,外语教学与研究出版社,5442条评论
70.,http://product.dangdang.com/23808216.html,儿童英语听说绘本第2级（全8册）,杰弗里海伊斯,2015-11-01,长江少年儿童出版社,8140条评论
71.,http://product.dangdang.com/23302279.html,丽声百科万花筒(第一级至第五级套装)(专供当当),Vicky,2013-08-01,   ,3394条评论
72.,http://product.dangdang.com/22874434.html,安妮花 磨出我的英文耳朵1（每套1本学习指导，8本绘本，1张CD）,安妮鲜花,2012-09-01,机械工业出版社,10616条评论
73.,http://product.dangdang.com/22873268.html,攀登英语阅读系列:分级阅读第六级（全12册，附家长手册、阅读记录及配套CD）,北京师范大学,2012-10-01,北京师范大学出版社,11847条评论
74.,http://product.dangdang.com/23762678.html,培生幼儿启蒙英语Level A,克莱尔卢埃林,2015-06-01,长江少年儿童出版社,7079条评论
75.,http://product.dangdang.com/20083169.html,我的第一本亲子英文书（附光盘）,李宗�h,2008-01-01,陕西师范大学出版社,37011条评论
76.,http://product.dangdang.com/24004353.html,美国幼儿启蒙英语 有声绘本套装（全三辑共33册+配套‘美语之路’点读笔）,埃尔松,2016-07-01,中国妇女出版社,224条评论
77.,http://product.dangdang.com/22494611.html,外研社丽声拼读故事会 第三级套装（可点读）（配CD-Rom电脑驱动光盘）,柯特利,2011-06-01,外语教学与研究出版社,13426条评论
78.,http://product.dangdang.com/23611145.html,安妮花英语自然拼读 预备级 点读笔套装（配爱拼点读笔）,安妮鲜花,2014-09-01,机械工业出版社,256条评论
79.,http://product.dangdang.com/23837269.html,培生英语基础一级幼儿分级读物（3-6岁幼儿启蒙英语，附赠音频光盘、学习手册及贴纸套装共16册）,霍莉帕尔玛,2016-01-01,国家开放大学出版社,3999条评论
80.,http://product.dangdang.com/23543286.html,兰登双语经典合辑（共24册）,苏斯,2014-09-01,连环画出版社,2910条评论
81.,http://product.dangdang.com/23669861.html,BBC自然拼读・智趣启蒙（3张DVD+5册图画书+2册练习册+2张海报+68张卡片）,温赖特,2015-08-01,湖北教育出版社,3789条评论
82.,http://product.dangdang.com/23561637.html,丽声唱学自然拼读(第一级至第四级套装)(点读版)(配光盘)(专供网店),湖北教育出版社,2014-08-04,外语教学与研究出版社,3801条评论
83.,http://product.dangdang.com/23807346.html,绘本123每个妈妈都能胜任的英语启蒙,萨拉・乔丹,2016-01-01,外语教学与研究出版社,13062条评论
84.,http://product.dangdang.com/23380924.html,亚瑟小子双语阅读系列（全12册）,外语教学与研究出版社,2014-01-01,,6620条评论
85.,http://product.dangdang.com/23441814.html,跟托马斯一起学英语：我的第一套小火车双语故事书(全8册),吴敏兰,2014-04-01,安妮鲜花,9803条评论
86.,http://product.dangdang.com/23566058.html,安妮花英语自然拼读 预备级,外语教学与研究出版社,2014-09-01,伽利玛出版社,2510条评论
87.,http://product.dangdang.com/23203625.html,第一次发现丛书. 透视眼系列  .双语科普胶片书,马克,2013-03-01,清华大学出版社,2003条评论
88.,http://product.dangdang.com/23382471.html,清华儿童英语分级读物：朗文机灵狗故事乐园ABC级（第2版）（图画书55本+家长手册1本）（配光盘3张）,,2013-11-01,麦格劳希尔教育出版集团,4601条评论
89.,http://product.dangdang.com/23728125.html,美国加州少儿英语分级阅读starter,人民邮电出版社,2015-07-01,英国光脚丫童书社,4416条评论
90.,http://product.dangdang.com/23625741.html,语感启蒙-经典英文儿歌图画书(套装共22册)（赠《不能错过的英语启蒙》）,安妮鲜花,2014-12-01,美国少儿英语分级阅读,1353条评论
91.,http://product.dangdang.com/23461514.html,美国少儿英语分级阅读 第2级,机械工业出版社,2014-05-01,MAGEE,6143条评论
92.,http://product.dangdang.com/23566239.html,丽声妙想英文绘本第五级至第七级套装(外研社英语分级阅读)(点读版)(配光盘),伽利玛出版社,2014-09-10,Tony,3651条评论
93.,http://product.dangdang.com/23395964.html,领先阅读X计划(6-10)(赠丽声经典故事屋8-9)(专供网店),接力出版社,2012-05-01,朱莉・埃利斯,1086条评论
94.,http://product.dangdang.com/23552870.html,丽声妙想英文绘本第一级(外研社英语分级阅读)(点读版)(配光盘),清华大学出版社,2014-08-22,美国迪士尼公司,13295条评论
95.,http://product.dangdang.com/23210055.html,迪士尼英语渐进阅读第1至3级套装,清华大学出版社,2013-03-01,新西兰,1907条评论
96.,http://product.dangdang.com/23747130.html,乔伊・考利儿童英语读物(套装共12册）,麦格劳希尔教育出版集团,2015-08-01,理查德・霍伊特,4981条评论
97.,http://product.dangdang.com/23919557.html,培生词汇妙趣屋・第1辑,吉林出版集团有限责任公司,2016-04-01,罗伯塔・爱德华兹,4656条评论
98.,http://product.dangdang.com/23280494.html,谁是谁 ・ 启发精选世界名人传记（1―6册）,英国光脚丫童书社,2013-03-01,Cengage,6290条评论
99.,http://product.dangdang.com/23547861.html,体验英语少儿阅读文库（SET A 日常生活 第1-3级套装 30册+MP3光盘）,外语教学与研究出版社,2014-01-01,斯蒂文克罗尔,3348条评论

101.,http://product.dangdang.com/23659826.html,棚车少年第二辑（共8本）,钱德勒华娜,2014-05-01,湖北少儿出版社,7944条评论
102.,http://product.dangdang.com/23622396.html,丽声我的第一套英文视觉词读本（My First Sight Word Readers）,Rozanne,2014-12-17,外语教学与研究出版社,5956条评论
103.,http://product.dangdang.com/23710058.html,丽声我的第一套亲子英文绘本套装(4-5岁上+下)(点读版)(配DVD动画及CD),金岁实,2015-04-01,外语教学与研究出版社,2748条评论
104.,http://product.dangdang.com/23680865.html,丽声拼读故事会.强化提高版(第一级至第四级套装),Julia,2013-04-01,外语教学与研究出版社,863条评论
105.,http://product.dangdang.com/23914721.html,棚车少年中英双语有声书第三季（9-12）----棚车少年,钱德勒・华娜,2015-03-01,长江少年儿童出版社,5175条评论
106.,http://product.dangdang.com/23461610.html,美国少儿英语分级阅读 第3级,麦格劳,2014-05-01,吉林出版集团有限责任公司,4757条评论
107.,http://product.dangdang.com/23055043.html,外研社丽声拼读故事会 第一级至第六级套装（可点读）,Julia,2011-08-01,外语教学与研究出版社,1810条评论
108.,http://product.dangdang.com/23218223.html,丽声拼读故事会.强化提高版(第一级至第四级套装)(配CD光盘可点读),Julia,2013-04-01,外语教学与研究出版社,3320条评论
109.,http://product.dangdang.com/23521578.html,安妮花 磨出宝宝英文耳朵1,安妮鲜花,2014-07-01,机械工业出版社,3453条评论
110.,http://product.dangdang.com/23485957.html,嘉盛英语想象力系列任务绘本（套装六册）,乔纳森.多森,2014-07-01,未来出版社,2562条评论
111.,http://product.dangdang.com/23311874.html,迪士尼多媒体点读笔,美国迪士尼公司,2013-08-06,   ,942条评论
112.,http://product.dangdang.com/23706564.html,美国幼儿园课本・K阶段（1-4）套装,迈克尔・A.帕特莱克,2015-04-01,北方妇女儿童出版社,1961条评论
113.,http://product.dangdang.com/23531163.html,培生儿童英语分级阅读Level 3,英国培生集团,2014-06-01,长江少年儿童出版社,5208条评论
114.,http://product.dangdang.com/23752820.html,丽声我爱小怪物双语阶梯阅读第一级至第六级套装(点读版)(配光盘),Mercer,2015-07-01,外语教学与研究出版社,790条评论
115.,http://product.dangdang.com/22757611.html,开心的米莉茉莉（双语版 套装50册）,新西兰,2012-05-01,中国少年儿童出版社,4574条评论
116.,http://product.dangdang.com/23661296.html,最美的英语单词认知书,凡・雷纳特・西利格,2015-04-01,江苏少年儿童出版社,9017条评论
117.,http://product.dangdang.com/20913031.html,朗文新派少儿英语1(入门级)(学生包),Mario,2010-07-01,北京语言大学出版社,4431条评论
118.,http://product.dangdang.com/23660741.html,小快活卡由-日常英语300句（套装12册）,童趣出版有限公司,2015-03-01,人民邮电出版社,5378条评论
119.,http://product.dangdang.com/23837268.html,培生英语基础二级幼儿分级读物（3-6岁幼儿启蒙英语，附赠音频光盘、学习手册及贴纸套装共16册）,萨维尔匹罗塔,2016-01-01,国家开放大学出版社,2542条评论
120.,http://product.dangdang.com/23794877.html,冒险岛英语奇遇记（第二辑）1-5,ORBG,2015-11-01,光明日报出版社,2310条评论
121.,http://product.dangdang.com/23809813.html,泡泡剑桥儿童英语故事阅读1,Gerald,2015-11-01,浙江教育出版社,3236条评论
122.,http://product.dangdang.com/23531162.html,培生儿童英语分级阅读Level 2,浙江教育出版社,2014-06-01,长江少年儿童出版社,4686条评论
123.,http://product.dangdang.com/23695620.html,小屁孩日记英语学习笔记（1-4）套装,英国培生集团,2015-04-01,新世纪出版社,3908条评论
124.,http://product.dangdang.com/23808073.html,安妮花英语自然拼读1,长江少年儿童出版社,2015-11-01,机械工业出版社,951条评论
125.,http://product.dangdang.com/23461611.html,美国少儿英语分级阅读 第4级,杰夫・金尼,2014-05-01,吉林出版集团有限责任公司,3282条评论
126.,http://product.dangdang.com/22455935.html,外研社丽声拼读故事会 第一.二.三级套装（可点读）（配CD-Rom电脑驱动光盘）,新世纪出版社,2011-08-01,外语教学与研究出版社,15618条评论
127.,http://product.dangdang.com/22741928.html,迪士尼双语电影故事经典珍藏（套装共16册）（迪士尼英语家庭版）,安妮鲜花,2012-06-01,外语教学与研究出版社,3119条评论
128.,http://product.dangdang.com/23253387.html,棚车少年第一辑(共8本),机械工业出版社,2013-05-20,湖北少儿出版社,13246条评论
129.,http://product.dangdang.com/22494614.html,外研社丽声拼读故事会 第五级套装（可点读）（配CD-Rom电脑驱动光盘）,麦格劳,2011-08-01,外语教学与研究出版社,5228条评论
130.,http://product.dangdang.com/22494612.html,外研社丽声拼读故事会 第四级套装（可点读）（配CD-Rom电脑驱动光盘）,吉林出版集团有限责任公司,2011-06-01,外语教学与研究出版社,6686条评论
131.,http://product.dangdang.com/22813243.html,迪士尼乐动英语(套装共6册+2CD),Julia,2012-07-17,   ,4014条评论
132.,http://product.dangdang.com/23218224.html,丽声拼读故事会(基础版+强化提高版)(第一级至第四级套装)（配CD/CD-ROM光盘，可点读),外语教学与研究出版社,2013-04-01,外语教学与研究出版社,1521条评论
133.,http://product.dangdang.com/23989628.html,不一样的卡梅拉 英文版（1-12）,美国迪士尼公司,2016-05-01,二十一世纪出版社,4343条评论
134.,http://product.dangdang.com/22494613.html,外研社丽声拼读故事会 第六级套装（可点读）（配CD-Rom电脑驱动光盘）,外语教学与研究出版社,2011-08-01,外语教学与研究出版社,4669条评论
135.,http://product.dangdang.com/22888757.html,芭比小公主影院双语版（全15册）,钱德勒・华娜,2012-10-01,湖北少儿出版社,7772条评论
136.,http://product.dangdang.com/23413833.html,清华儿童英语分级读物：机灵狗故事乐园第1级（配光盘）（第二版）,湖北少儿出版社,2010-07-01,清华大学出版社,3246条评论
137.,http://product.dangdang.com/23685927.html,培生儿童英语分级阅读Level 4,Julia,2015-04-01,长江少年儿童出版社,4533条评论
138.,http://product.dangdang.com/23552875.html,丽声妙想英文绘本第二级(外研社英语分级阅读)(点读版)(配光盘),外语教学与研究出版社,2014-08-22,外语教学与研究出版社,7757条评论
139.,http://product.dangdang.com/20818338.html,剑桥少儿英语考试全真试题第一级4册套装,Julia,2013-03-01,,2711条评论
140.,http://product.dangdang.com/23207497.html,丽声经典故事屋第一级  外研社英语分级阅读(可点读),外语教学与研究出版社,,外语教学与研究出版社,9581条评论
141.,http://product.dangdang.com/23916078.html,口语泡泡堂（全12册）,哈里特・齐佛特,2016-04-01,长江少年儿童出版社,2493条评论
142.,http://product.dangdang.com/23647047.html,Key Words（7-12级）快乐瓢虫双语童书 ,长江少年儿童出版社,2015-01-01,北京师范大学出版社,1521条评论
143.,http://product.dangdang.com/23931958.html,BEC红袋鼠幼儿学英语（AA级）・上,W・默瑞,2016-05-20,中国少年儿童出版社,1472条评论
144.,http://product.dangdang.com/23461604.html,美国少儿英语分级阅读 第5级,北京师范大学出版社,2014-05-01,吉林出版集团有限责任公司,2879条评论
145.,http://product.dangdang.com/23762677.html,培生幼儿启蒙英语Level B,北京市二十一世纪实验幼儿园,2015-06-01,长江少年儿童出版社,2448条评论
146.,http://product.dangdang.com/23176142.html,幼儿双语阅读树(全8册),中国少年儿童出版社,2013-01-01,少年儿童出版社,3087条评论
147.,http://product.dangdang.com/23461605.html,美国少儿英语分级阅读 第6级（含12册可点读的故事+百科图书，朗读+跟读CD，互动游戏CD-ROM，单词卡片一套，译文和词汇手册）,麦格劳,2014-05-01,吉林出版集团有限责任公司,2986条评论
148.,http://product.dangdang.com/22544891.html,神奇树屋典藏版有声书第1辑（1-4册）,吉林出版集团有限责任公司,2011-02-01,湖北少儿出版社,8101条评论
149.,http://product.dangdang.com/23576416.html,美国历史・美国人看美国（全13册）,克莱尔卢埃林,2014-10-01,广西教育出版社,2636条评论
150.,http://product.dangdang.com/22765259.html,我会读ABC,长江少年儿童出版社,2012-04-01,未来出版社,6186条评论
151.,http://product.dangdang.com/23780410.html,美国加州少儿英语分级阅读1,凯西・梅尔,2015-10-30,吉林出版集团有限责任公司,2292条评论
152.,http://product.dangdang.com/23411121.html,英语闯关-少儿英语（1-10套装）,少年儿童出版社,2013-11-01,大连理工大学出版社,1356条评论
153.,http://product.dangdang.com/23183387.html,安妮花英语自然拼读2（每套29本，5张光盘）,麦格劳,2013-02-01,机械工业出版社,1066条评论
154.,http://product.dangdang.com/23710059.html,丽声我的第一套亲子英文绘本套装(5-6岁上+下)(点读版)(配DVD动画及CD),吉林出版集团有限责任公司,2015-04-01,外语教学与研究出版社,1654条评论
155.,http://product.dangdang.com/23950615.html,公文式教育：我的第一本英语书（字母篇）套装,奥斯本,2016-04-01,中国民族摄影艺术出版社,7798条评论
156.,http://product.dangdang.com/23207499.html,丽声经典故事屋第四级  外研社英语分级阅读(可点读),湖北少儿出版社,2013-03-01,外语教学与研究出版社,6155条评论
157.,http://product.dangdang.com/20818337.html,剑桥少儿英语考试全真试题第二级4册套装,特蕾莎・拉,2015-04-01,,2137条评论
158.,http://product.dangdang.com/23685928.html,培生儿童英语分级阅读Level 5,广西教育出版社,2014-08-22,长江少年儿童出版社,3271条评论
159.,http://product.dangdang.com/23552873.html,丽声妙想英文绘本第三级(外研社英语分级阅读)(点读版)(配光盘),权惠娟,2013-07-01,外语教学与研究出版社,4985条评论
160.,http://product.dangdang.com/23302290.html,丽声百科万花筒第一级(外研社英语分级阅读)(点读版)(配光盘),未来出版社,,外语教学与研究出版社,4543条评论
161.,http://product.dangdang.com/23265420.html,剑桥幼儿英语学习卡套装,曹冬,2011-06-01,南京大学出版社,5209条评论
162.,http://product.dangdang.com/23647054.html,美国幼儿英语（三卷）,南京大学出版社,2015-02-01,北京大学出版社,952条评论
163.,http://product.dangdang.com/23207498.html,丽声经典故事屋第五级  外研社英语分级阅读(可点读),埃尔松,2013-03-01,外语教学与研究出版社,5058条评论
164.,http://product.dangdang.com/23320611.html,我的第一本英文歌谣,北京大学出版社,2013-09-01,中国城市出版社,5190条评论
165.,http://product.dangdang.com/23566240.html,丽声妙想英文绘本第八级至第十级套装(点读版)(配光盘),芒登,2014-09-10,外语教学与研究出版社,1700条评论
166.,http://product.dangdang.com/23926677.html,我会唱英文儿歌,外语教学与研究出版社,2016-01-01,未来出版社,1755条评论
167.,http://product.dangdang.com/23166607.html,迪士尼英语家庭版-英语字母海绵学习卡,韩国三省出版社,2012-12-01,未来出版社,5623条评论
168.,http://product.dangdang.com/23207504.html,丽声经典故事屋第二级  外研社英语分级阅读(可点读),中国城市出版社,2013-03-01,外语教学与研究出版社,5046条评论
169.,http://product.dangdang.com/23199330.html,逃家小兔（英汉对照彩绘精装版 玛格丽特经典绘本，佐以美轮美奂的插图，适合3～8岁读者阅读）,玛格丽特・麦卡利斯特,2013-01-01,北方妇女儿童出版社,16047条评论
170.,http://product.dangdang.com/23794284.html,丽声非常百科故事第一级至第六级(点读版)(配光盘)(套装共6级)(专供网店),外语教学与研究出版社,2015-09-01,外语教学与研究出版社,418条评论
171.,http://product.dangdang.com/23207500.html,丽声经典故事屋第三级  外研社英语分级阅读(可点读),刘菲,2013-03-01,外语教学与研究出版社,5701条评论
172.,http://product.dangdang.com/23207502.html,丽声经典故事屋第六级  外研社英语分级阅读(可点读),未来出版社,2013-03-01,外语教学与研究出版社,4241条评论
173.,http://product.dangdang.com/23705212.html,快乐瓢虫双语童书・Key Words 快乐共读,鱼改燕,2015-03-25,北京师范大学出版社,627条评论
174.,http://product.dangdang.com/23455322.html,安妮花 我看世界英语分级读物 第一级,未来出版社,2014-03-01,机械工业出版社,1432条评论
175.,http://product.dangdang.com/23267729.html,苏斯博士双语经典（启蒙版）,Alex,2009-01-01,中译出版社（原中国对外翻译出版公司）,3064条评论
176.,http://product.dangdang.com/23466685.html,Words词汇漫画书（16-21）,外语教学与研究出版社,2014-05-01,   ,2189条评论
177.,http://product.dangdang.com/23973043.html,丽声经典故事屋超值礼品装(1-6级),玛格丽特,2016-05-24,外语教学与研究出版社,3385条评论
178.,http://product.dangdang.com/23302287.html,丽声百科万花筒第五级(外研社英语分级阅读)(点读版)(配光盘),北方妇女儿童出版社,2013-07-01,外语教学与研究出版社,2219条评论
179.,http://product.dangdang.com/23475763.html,剑桥少儿英语考试全真试题第三级(E卷至H卷套装)(音带版),罗布・阿尔克拉夫特,2014-04-01,外语教学与研究出版社,1126条评论
180.,http://product.dangdang.com/20818339.html,剑桥少儿英语考试全真试题第三级4册套装,外语教学与研究出版社,,,1561条评论
181.,http://product.dangdang.com/23470999.html,SOUNDS语音图画书,小多,2014-05-01,   ,1410条评论
182.,http://product.dangdang.com/20823528.html,幼儿英语分级读物（LEVEL 1，全10册）,齐佛特,2010-02-01,大连理工大学出版社,10532条评论
183.,http://product.dangdang.com/23919558.html,培生词汇妙趣屋・第2辑,克莉丝汀・罗丝,2016-04-01,长江少年儿童出版社,2419条评论
184.,http://product.dangdang.com/23302280.html,丽声百科万花筒(第四.五级套装)(专供当当),Vicky,2013-08-01,外语教学与研究出版社,1598条评论
185.,http://product.dangdang.com/22874433.html,安妮花 磨出我的英文耳朵2（每套1本学习指导，8本绘本，1张CD）,安妮鲜花,2012-09-01,机械工业出版社,2991条评论
186.,http://product.dangdang.com/23537628.html,嘉盛英语想象力系列任务绘本：糖果屋（Candy House）,多森,2014-06-01,未来出版社,5443条评论
187.,http://product.dangdang.com/23752818.html,丽声我爱小怪物双语阶梯阅读第一级至第三级套装(点读版)(配光盘),Mercer,2015-07-01,外语教学与研究出版社,765条评论
188.,http://product.dangdang.com/23802379.html,美国加州少儿英语分级阅读2,美国麦格劳・希尔教育出版公司,2015-10-01,吉林出版集团有限责任公司,1764条评论
189.,http://product.dangdang.com/23815072.html,泡泡剑桥儿童英语故事阅读3,Hallworth,2015-11-01,浙江教育出版社,1588条评论
190.,http://product.dangdang.com/23820553.html,泡泡剑桥儿童英语故事阅读4,Hallworth,2015-12-01,浙江教育出版社,1307条评论
191.,http://product.dangdang.com/23552877.html,丽声妙想英文绘本第四级(外研社英语分级阅读)(点读版)(配光盘),Jane,2014-08-22,外语教学与研究出版社,4293条评论
192.,http://product.dangdang.com/23519468.html,ONCE UPON A TIME:全球父母和孩子喜爱的经典英文童话(全彩色英文绘本),安德鲁・朗,2014-07-01,天津人民出版社,3259条评论
193.,http://product.dangdang.com/23785834.html,嘉盛英语自然拼读(礼盒珍藏版),乔纳森.多森,2015-10-01,未来出版社,719条评论
194.,http://product.dangdang.com/23693279.html,丽声英语小剧场第一级至第六级(套装共6级)(点读版)(配光盘)(专供网店),朱莉娅・唐纳森,2015-04-15,外语教学与研究出版社,718条评论
195.,http://product.dangdang.com/23910251.html,纳尼亚传奇（全7册）,C.S.刘易斯,2016-03-01,南海出版公司,1101条评论
196.,http://product.dangdang.com/23919559.html,培生词汇妙趣屋・第3辑,戴夫・甘森,2016-04-01,长江少年儿童出版社,2126条评论
197.,http://product.dangdang.com/23746953.html,小公主苏菲亚智慧与成长双语故事第1辑至第2辑(套装共8册)(专供网店),美国迪士尼公司,2015-07-01,外语教学与研究出版社,904条评论
198.,http://product.dangdang.com/23722154.html,了不起的小侦探内特（第二版）（套装1-8）,麦娇莉温曼莎梅特,2015-06-30,大连理工大学出版社,442条评论
199.,http://product.dangdang.com/20913032.html,朗文新派少儿英语2(基础级)(学生包),Mario,2010-07-01,北京语言大学出版社,2896条评论
200.,http://product.dangdang.com/23961807.html,泡泡剑桥儿童英语故事阅读：珍藏版,Gerald,2016-05-05,浙江教育出版社,1112条评论
201.,http://product.dangdang.com/23302289.html,丽声百科万花筒第四级(外研社英语分级阅读)(点读版)(配光盘),Vicky,2013-08-01,外语教学与研究出版社,2357条评论
202.,http://product.dangdang.com/23207509.html,迪士尼英语渐进阅读第1级,美国迪士尼公司,2013-03-01,外语教学与研究出版社,2972条评论
203.,http://product.dangdang.com/23779192.html,乔伊・考利英语俱乐部(全15册）,新西兰,2015-10-01,湖南少年儿童出版社,1613条评论
204.,http://product.dangdang.com/23401980.html,安妮花英语自然拼读3,安妮鲜花,2014-01-01,机械工业出版社,449条评论
205.,http://product.dangdang.com/23973044.html,丽声我的第一套亲子英文绘本超值礼品装,金岁实,2016-05-24,外语教学与研究出版社,1891条评论
206.,http://product.dangdang.com/23781239.html,语感启蒙.经典英文儿歌图画书第二辑修订版(点读版),玛格丽特・里德・麦克唐纳,2015-09-01,外语教学与研究出版社,1212条评论
207.,http://product.dangdang.com/23401293.html,少儿彩图英语词典：有我一本足够用（套装上下册）,韩国文朵朵出版社,2014-02-01,,2562条评论
208.,http://product.dangdang.com/23950616.html,公文式教育：我的第一本英语书（单词篇）套装,日本公文出版,2016-04-01,中国民族摄影艺术出版社,2070条评论
209.,http://product.dangdang.com/22474386.html,哥妹俩(KOKKO�}MAY）套装  第二季（9―16）,徐有利,2011-09-01,广东科技出版社,3055条评论
210.,http://product.dangdang.com/23815073.html,泡泡剑桥儿童英语故事阅读2,Gerald,2015-11-01,浙江教育出版社,1555条评论
211.,http://product.dangdang.com/23299476.html,贝贝熊双语阅读：开心父子系列（全6册）,斯坦,2013-07-01,   ,4425条评论
212.,http://product.dangdang.com/23348707.html,丽声冒险故事岛第一级(外研社英语分级阅读)（可点读配光盘）,Vicky,2013-10-01,外语教学与研究出版社,3562条评论
213.,http://product.dangdang.com/23781237.html,语感启蒙.经典英文儿歌图画书第三辑修订版(点读版),简・多宾斯,2015-09-18,外语教学与研究出版社,764条评论
214.,http://product.dangdang.com/22527729.html,体验英语少儿阅读文库（SET A 日常生活 第一级 10册+MP3光盘）,Thomson,2006-12-01,高等教育出版社,2196条评论
215.,http://product.dangdang.com/23316274.html,安妮花 磨出我的英文耳朵3 (每套10本绘本，1张CD）,安妮鲜花,2013-07-01,机械工业出版社,1458条评论
216.,http://product.dangdang.com/23807802.html,格莱姆森林英语语法历险记1,张荣俊,2015-10-01,浙江教育出版社,2576条评论
217.,http://product.dangdang.com/23916059.html,儿童英语听说绘本・奇思妙想篇：全8册,伊桑.朗,2016-04-01,长江少年儿童出版社,1567条评论
218.,http://product.dangdang.com/23954016.html,威尔小镇的故事1 (Happy Vill Storybook 1),Clark,2016-04-20,浙江教育出版社,817条评论
219.,http://product.dangdang.com/23202966.html,安妮花 磨出我的英文耳朵5 韵律诗(每套8本绘本，1本学习指导，2张CD）（安妮鲜花不能错过的英语启蒙韵律诗绘本）,安妮鲜花,2013-02-01,机械工业出版社,1394条评论
220.,http://product.dangdang.com/23467211.html,剑桥少儿英语考试全真试题第二级H(CD光盘版),英国剑桥大学考试委员会外语考试部,2014-04-01,外语教学与研究出版社,4585条评论
221.,http://product.dangdang.com/9298493.html,剑桥少儿英语专项强化训练(二级)(含磁带),曹敏,2010-07-01,,5852条评论
222.,http://product.dangdang.com/23382472.html,清华儿童英语分级读物：机灵狗故事乐园第3级（配光盘）（第二版）,,2012-08-01,清华大学出版社,1470条评论
223.,http://product.dangdang.com/22863949.html,安妮花 自然拼读英语故事俱乐部1（可点读，每套9本绘本，1本学习指导，1张光盘）,Modern,2015-12-01,机械工业出版社,1691条评论
224.,http://product.dangdang.com/23930737.html,英语自然拼读5+1:樱桃老师手把手教你自然拼读(含MP3光盘)第一辑,清华大学出版社,2006-11-01,北京师范大学出版社,455条评论
225.,http://product.dangdang.com/22527734.html,体验英语少儿阅读文库（SET A 日常生活 第四级 10册+MP3光盘）原版引进美国圣智学习集团享誉世界的经典英语分级读物 适合9-11岁学生使用,安妮鲜花,2016-05-01,高等教育出版社,1847条评论
226.,http://product.dangdang.com/24031006.html,小怪物双语故事精选集（全3辑27册）,机械工业出版社,2014-04-01,曹敏,2526条评论
227.,http://product.dangdang.com/9347592.html,剑桥少儿英语专项强化训练(三级)(附磁带),樱桃老师,2016-07-29,英国剑桥大学考试委员会外语考试部,4448条评论
228.,http://product.dangdang.com/23475761.html,剑桥少儿英语考试全真试题第一级(E卷至H卷套装)(音带版),北京师范大学出版社,2014-07-01,曹敏,847条评论
229.,http://product.dangdang.com/20101947.html,剑桥少儿英语专项强化训练(一级)(附音带一盘),Cengage,2016-06-01,玛丽・阿特金森,4812条评论
230.,http://product.dangdang.com/23917966.html,哈考特儿童英语分级读物 提高级（全35册）,高等教育出版社,2010-08-01,大卫奎恩,10445条评论
231.,http://product.dangdang.com/23537626.html,嘉盛英语想象力系列任务绘本：魔术师的秘密（The Magician’s Secret） ,梅瑟・梅尔,2013-07-01,辛迪・麦凯,3497条评论
232.,http://product.dangdang.com/23986794.html,儿童英语自然拼读故事绘本（套装7册）,曹敏,2010-06-01,赞那塔,3972条评论
233.,http://product.dangdang.com/20913033.html,朗文新派少儿英语(预备级)(学生包),,2015-11-01,埃利斯,1480条评论
234.,http://product.dangdang.com/23302286.html,丽声百科万花筒第二级(外研社英语分级阅读)(点读版)(配光盘),英国剑桥大学考试委员会外语考试部,2015-04-01,Modern,1817条评论
235.,http://product.dangdang.com/23382476.html,清华儿童英语分级读物：机灵狗故事乐园第2级（配光盘）（第2版）,外语教学与研究出版社,2014-03-01,英国剑桥大学考试委员会外语考试部,1986条评论
236.,http://product.dangdang.com/23824026.html,剑桥少儿英语考试全真试题第二级I(CD光盘版),曹敏,2010-02-01,萨拉・莫拉兹,4763条评论
237.,http://product.dangdang.com/23672053.html,我的第一本生活认知小词典,,2011-07-01,爱达・寇,3719条评论
238.,http://product.dangdang.com/23424444.html,美国少儿英语(套装1－3册)（英文彩色插图版）,玛丽・阿特金森,,齐佛特,2448条评论


241.,http://product.dangdang.com/22463006.html,开心小读者第3级（配光盘）（清华儿童英语分级读物（第二版））,,2011-05-01,清华大学出版社,1474条评论
242.,http://product.dangdang.com/23302288.html,丽声百科万花筒第三级(外研社英语分级阅读)(点读版)(配光盘),清华大学出版社,2013-07-01,外语教学与研究出版社,2252条评论
243.,http://product.dangdang.com/23218222.html,丽声拼读故事会・强化提高版 第一级(配CD光盘,休斯,2013-04-01,外语教学与研究出版社,2502条评论
244.,http://product.dangdang.com/23957692.html,清华英语自然拼读乐园（少儿版）,外语教学与研究出版社,2013-05-01,清华大学出版社,158条评论
245.,http://product.dangdang.com/23561621.html,丽声唱学自然拼读1(外研社英语分级阅读)(点读版)(配光盘),Julia,2014-07-14,外语教学与研究出版社,2296条评论
246.,http://product.dangdang.com/23917570.html,我的天使1(中英文双语),外语教学与研究出版社,2016-02-01,云南人民出版社,833条评论
247.,http://product.dangdang.com/20910903.html,泰迪熊图解情景英汉词典(插图彩绘版),Hamm,2010-08-01,安徽少年儿童出版社,11074条评论
248.,http://product.dangdang.com/23666763.html,磨出宝宝英文耳朵2,清华大学出版社,2015-04-01,机械工业出版社,858条评论
249.,http://product.dangdang.com/20916558.html,朗文新派少儿英语3(巩固级)(学生包),Jack,2010-07-01,北京语言大学出版社,2462条评论
250.,http://product.dangdang.com/23960504.html,迪士尼互动发声游戏书-弹钢琴学英语,外语教学与研究出版社,2016-03-01,未来出版社,1026条评论
251.,http://product.dangdang.com/22527732.html,体验英语少儿阅读文库（SET A 日常生活 第二级 10册+MP3光盘）原版引进美国圣智学习集团享誉世界的经典英语分级读物 适合7-9岁学生使用,彼尚,2006-11-01,高等教育出版社,1862条评论
252.,http://product.dangdang.com/23207501.html,丽声经典故事屋第七级  外研社英语分级阅读(可点读),云南人民出版社,2013-03-01,外语教学与研究出版社,2290条评论
253.,http://product.dangdang.com/23395965.html,领先阅读.X计划(学生包)(1)(点读版),苏真,2012-04-01,外语教学与研究出版社,2770条评论
254.,http://product.dangdang.com/23316273.html,安妮花 磨出我的英文耳朵4(每套10本绘本，1张CD）,安徽少年儿童出版社,2013-08-01,机械工业出版社,1091条评论
255.,http://product.dangdang.com/23202961.html,安妮花 自然拼读亲子故事会1(每套5本绘本，1本练习册，1本学习指导，1张光盘）,安妮鲜花,2013-02-01,机械工业出版社,1047条评论
256.,http://product.dangdang.com/23339163.html,SingSingEnglish （套装共20册）,机械工业出版社,2013-08-01,江西高校出版社,2462条评论
257.,http://product.dangdang.com/23395968.html,领先阅读.X计划(学生包)(2)(点读版),赞那塔,2012-05-01,外语教学与研究出版社,1844条评论
258.,http://product.dangdang.com/23456400.html,小学超易自然拼读入门（1）,北京语言大学出版社,2012-06-01,海天出版社,1085条评论
259.,http://product.dangdang.com/23582240.html,幼儿认知有声学习书  南极熊有声读物系列,杨金秀,2014-07-01,２１世纪出版社,762条评论
260.,http://product.dangdang.com/22527733.html,体验英语少儿阅读文库（SET A 日常生活 第三级 10册+MP3光盘）,未来出版社,2006-12-01,高等教育出版社,1755条评论
261.,http://product.dangdang.com/23395967.html,领先阅读.X计划(学生包)(3)(点读版),Alex,2012-05-01,外语教学与研究出版社,2334条评论
262.,http://product.dangdang.com/23218228.html,丽声拼读故事会・强化提高版 第二级（配CD光盘，可点读）,外语教学与研究出版社,2013-04-01,外语教学与研究出版社,1598条评论
263.,http://product.dangdang.com/23552878.html,丽声妙想英文绘本第五级(外研社英语分级阅读)(点读版)(配光盘),朱莉娅・唐纳森,2014-08-22,外语教学与研究出版社,2089条评论
264.,http://product.dangdang.com/23791180.html,国际大师精选系列:朱莉娅唐纳森特辑(丽声双语经典阅读)(套装共6册)(专供网店),外语教学与研究出版社,2015-09-01,外语教学与研究出版社,1533条评论
265.,http://product.dangdang.com/23535723.html,吹小号的天鹅(中英双语精装本),Magee,2010-08-01,上海译文出版社,1741条评论
266.,http://product.dangdang.com/22812738.html,剑桥少儿英语考试全真试题G 第二级 （配音带）,外语教学与研究出版社,2012-07-01,外语教学与研究出版社,3106条评论
267.,http://product.dangdang.com/23237974.html,清华英语自然拼读故事屋A2,朱莉娅・唐纳森,2013-05-02,清华大学出版社,673条评论
268.,http://product.dangdang.com/23237975.html,清华英语自然拼读故事屋B1,外语教学与研究出版社,2013-05-02,清华大学出版社,612条评论
269.,http://product.dangdang.com/23960522.html,嘉盛英语歌谣绘本(6册/套),E・B・怀特,2016-06-18,未来出版社,509条评论
270.,http://product.dangdang.com/23883470.html,托马斯和朋友大电影双语故事(套装共8册)(专供),上海译文出版社,2016-01-01,外语教学与研究出版社,412条评论
271.,http://product.dangdang.com/23986792.html,儿童英语分级亲子共读绘本（套装12册）,英国剑桥大学考试委员会外语考试部,2016-06-01,化学工业出版社,1382条评论
272.,http://product.dangdang.com/23237977.html,清华英语自然拼读故事屋C1,外语教学与研究出版社,2013-05-02,清华大学出版社,865条评论
273.,http://product.dangdang.com/23237973.html,清华英语自然拼读故事屋A1,Anne,2013-05-02,清华大学出版社,977条评论
274.,http://product.dangdang.com/23467314.html,安妮花 我看世界英语分级读物 第二级,清华大学出版社,2014-04-01,机械工业出版社,780条评论
275.,http://product.dangdang.com/22544890.html,神奇树屋典藏版有声书第2辑（5-8册）,Anne,2011-02-01,湖北少儿出版社,4187条评论
276.,http://product.dangdang.com/23824028.html,剑桥少儿英语考试全真试题第三级I(配光盘),清华大学出版社,2015-11-01,外语教学与研究出版社,2806条评论
277.,http://product.dangdang.com/23950614.html,公文式教育：我的第一本英语书（句子篇）套装,凯文史维德,2016-04-01,中国民族摄影艺术出版社,1296条评论
278.,http://product.dangdang.com/22463007.html,开心小读者第4级（配光盘）（清华儿童英语分级读物（第二版））,未来出版社,2011-05-01,清华大学出版社,1634条评论
279.,http://product.dangdang.com/23824030.html,剑桥少儿英语考试全真试题第一级I(配光盘),英国HIT娱乐有限公司,2015-11-01,外语教学与研究出版社,4386条评论
280.,http://product.dangdang.com/23395966.html,领先阅读.X计划(学生包)(4)(点读版),外语教学与研究出版社,2012-05-01,外语教学与研究出版社,2290条评论
281.,http://product.dangdang.com/23537625.html,嘉盛英语想象力系列任务绘本：真正的勇士（The True Warrior）,多森,2014-06-01,未来出版社,4004条评论
282.,http://product.dangdang.com/20632188.html,童话盒子.有声双语绘本(第一级)(配光盘),未来出版社,2009-06-01,外语教学与研究出版社,2648条评论
283.,http://product.dangdang.com/23829150.html,米菲Easy English双语阅读系列,希思,2015-10-01,人民邮电出版社,3367条评论
284.,http://product.dangdang.com/23795828.html,开心小读者第2级（配光盘）（清华儿童英语分级读物（第二版））,外语教学与研究出版社,2011-04-01,清华大学出版社,208条评论
285.,http://product.dangdang.com/23799448.html,迪士尼大电影:梦幻公主(中英双语)(套装共11册)(专供网店),迪克・布鲁纳,2015-03-01,   ,163条评论
286.,http://product.dangdang.com/23710057.html,丽声我的第一套亲子英文绘本套装(5-6岁下)(点读版)(配DVD动画及CD光盘),人民邮电出版社,2015-04-01,外语教学与研究出版社,551条评论
287.,http://product.dangdang.com/23207503.html,丽声经典故事屋第九级  外研社英语分级阅读(可点读),清华大学出版社,2013-03-01,外语教学与研究出版社,1621条评论
288.,http://product.dangdang.com/23417471.html,爆笑课堂系列：爆笑英语GO，GO，GO!1-5+爆笑英语：优能作文（套装共6册）,清华大学出版社,2014-04-01,   ,1217条评论
289.,http://product.dangdang.com/23989204.html,宝贝跟我唱：经典英文儿歌60首（中英对照版，附MP3光盘1张）,美国迪士尼公司,2016-06-05,外文出版社,533条评论
290.,http://product.dangdang.com/21000308.html,剑桥国际英语教程1青少版学生包（附1张CD和词汇手册）,   ,2010-11-01,外语教学与研究出版社,1825条评论
291.,http://product.dangdang.com/23843764.html,吹小号的天鹅（双语平装版）,安妮・威尔金森,2015-11-01,上海译文出版社,2504条评论
292.,http://product.dangdang.com/20897366.html,剑桥少儿英语考试全真试题第二级(F)(配磁带),外语教学与研究出版社,2015-07-01,,3001条评论
293.,http://product.dangdang.com/23742995.html,我爱小怪物双语阶梯阅读第一级(丽声双语经典阅读)(点读版)(配光盘),摩根,2014-04-01,外语教学与研究出版社,1628条评论
294.,http://product.dangdang.com/23467210.html,剑桥少儿英语考试全真试题第一级H(CD光盘版),外语教学与研究出版社,2006-11-01,外语教学与研究出版社,3240条评论
295.,http://product.dangdang.com/22527735.html,体验英语少儿阅读文库（SET A 日常生活 第五级 10册+MP3光盘）原版引进美国圣智学习集团享誉世界的经典英语分级读物 适合10-12岁学生使用,朱斌,2013-03-01,高等教育出版社,1338条评论
296.,http://product.dangdang.com/23207511.html,迪士尼英语渐进阅读第2级,   ,2013-04-01,外语教学与研究出版社,1095条评论
297.,http://product.dangdang.com/23247926.html,迪士尼英语故事图解词典（精装版）(附MP3光盘),赖世雄,2012-05-01,外语教学与研究出版社,2261条评论
298.,http://product.dangdang.com/23395970.html,领先阅读.X计划(学生包)(5)(点读版),外文出版社,2013-03-01,外语教学与研究出版社,1946条评论
299.,http://product.dangdang.com/23686502.html,快乐歌谣学英语(套装2册）,理查兹,2011-09-01,化学工业出版社,559条评论
300.,http://product.dangdang.com/22506518.html,朗文幼儿英语图解词典（内附MP3光盘+活动手册）,外语教学与研究出版社,,浙江教育出版社,3114条评论
301.,http://product.dangdang.com/23348710.html,丽声冒险故事岛第四级(外研社英语分级阅读)（可点读配光盘),Alison,2013-10-01,外语教学与研究出版社,1605条评论
302.,http://product.dangdang.com/23990981.html,美国幼儿启蒙英语　第一辑（全十册）,外语教学与研究出版社,2016-03-01,中国妇女出版社,200条评论
303.,http://product.dangdang.com/23160792.html,英美儿童英语游戏歌谣精选・起步(含图书2册，2张CD，1张DVD),埃尔松,2013-01-01,外语教学与研究出版社,3232条评论
304.,http://product.dangdang.com/23917569.html,我的天使2(中英文双语),中国妇女出版社,2016-02-01,云南人民出版社,546条评论
305.,http://product.dangdang.com/22615962.html,一口气儿童英语演讲2,孙瑞玲,2012-02-01,商务印书馆,2111条评论
306.,http://product.dangdang.com/23581796.html,剑桥少儿英语分级阅读 提高阶段（第5-8级）,外语教学与研究出版社,2014-10-01,中国电力出版社,392条评论
307.,http://product.dangdang.com/23710054.html,丽声我的第一套亲子英文绘本套装(4-5岁上)(点读版)(配DVD动画及CD光盘),彼尚,2015-04-01,外语教学与研究出版社,828条评论
308.,http://product.dangdang.com/23202967.html,安妮花 自然拼读英语故事俱乐部2(每套9本绘本，1本学习指导，1张光盘）,云南人民出版社,2013-03-01,机械工业出版社,629条评论
309.,http://product.dangdang.com/23467206.html,剑桥少儿英语考试全真试题第三级H(CD光盘版),刘毅,2014-04-01,外语教学与研究出版社,2320条评论
310.,http://product.dangdang.com/23799450.html,头脑特工队(迪士尼双语电影故事.炫动影像)(套装共15册)(专供网店),商务印书馆,2015-09-01,   ,99条评论
311.,http://product.dangdang.com/23345835.html,BBC虫虫俱乐部（双语版）(全15册）,剑桥大学出版社,2013-10-01,化学工业出版社,1068条评论
312.,http://product.dangdang.com/24006582.html,大自然的小朋友1、2、3套装(共3册),中国电力出版社,2016-07-01,北京联合出版公司,301条评论
313.,http://product.dangdang.com/23411781.html,彼得兔经典故事集 I.小兔彼得,奥利弗・拉蒂克,2014-01-01,中国宇航出版社,5345条评论
314.,http://product.dangdang.com/23652365.html,少儿英语：亨利和玛奇（全10册，中英双语）,外语教学与研究出版社,2015-01-31,大连理工大学出版社,467条评论
315.,http://product.dangdang.com/22792582.html,体验英语少儿阅读文库（SET A预备一级 9册+MP3光盘）原版引进美国圣智学习集团享誉世界的经典英语分级读物 适合3-7岁学龄前儿童使用,瑞格,2012-04-01,高等教育出版社,1305条评论
316.,http://product.dangdang.com/23219737.html,丽声拼读故事会・强化提高版 第三级（配CD光盘，可点读）,机械工业出版社,2013-04-01,外语教学与研究出版社,1337条评论
317.,http://product.dangdang.com/20632191.html,童话盒子.有声双语绘本(第二级)(配光盘),英国剑桥大学考试委员会外语考试部,2009-06-01,外语教学与研究出版社,2063条评论
318.,http://product.dangdang.com/23581788.html,剑桥少儿英语分级阅读 第1级,外语教学与研究出版社,2014-10-01,中国电力出版社,3580条评论
319.,http://product.dangdang.com/24002992.html,小怪物双语第1辑（全9册）,美国迪士尼公司,2015-09-01,北京联合出版公司,1611条评论
320.,http://product.dangdang.com/23441192.html,好玩的丛林-Happy Snappy 立体发声书,   ,2013-12-01,未来出版社,3272条评论
321.,http://product.dangdang.com/23441190.html,可爱的宠物-Happy Snappy 立体发声书,德里克,2013-12-01,未来出版社,3093条评论
322.,http://product.dangdang.com/23722083.html,冰雪奇缘（迪士尼双语电影故事.经典珍藏）(套装共11册),美国迪士尼公司,2015-05-15,外语教学与研究出版社,187条评论
323.,http://product.dangdang.com/23309012.html,剑桥幼儿英语（上下册，附活动用书上下册、光盘2张）,剑桥儿童英语,2013-02-01,中国青年出版社,1137条评论
324.,http://product.dangdang.com/22544887.html,神奇树屋典藏版有声书第5辑（17-20册）,玛丽・波・奥斯本,2011-02-01,湖北少儿出版社,2303条评论
325.,http://product.dangdang.com/20943913.html,哥妹俩(KOKKO�}MAY）套装,徐有利,2010-09-01,广东科技出版社,6319条评论
326.,http://product.dangdang.com/23465993.html,丽声玩转英语 第一级,美国创意教学出版社,2014-04-01,外语教学与研究出版社,1382条评论
327.,http://product.dangdang.com/23706628.html,鹅妈妈:全球父母和孩子喜爱的经典英文童谣(英文彩色朗读版),布兰琪・费雪・莱特,2015-05-25,天津人民出版社,1166条评论
328.,http://product.dangdang.com/23959277.html,体验英语少儿阅读文库 （SET B 科学与自然 第1-3级套装 30册+MP3光盘）,Cengage,2016-05-01,高等教育出版社,397条评论
329.,http://product.dangdang.com/23207505.html,丽声经典故事屋第八级  外研社英语分级阅读(可点读),吕晓芳,2013-03-01,外语教学与研究出版社,1565条评论
330.,http://product.dangdang.com/22527730.html,体验英语少儿阅读文库（SET B 科学与自然 第三级 10册+MP3光盘）原版引进美国圣智学习集团享誉世界的经典英语分级读物 适合8-10岁学生使用,Cengage,2010-10-01,高等教育出版社,936条评论
331.,http://product.dangdang.com/23237976.html,清华英语自然拼读故事屋B2,Anne,2013-05-02,清华大学出版社,429条评论
332.,http://product.dangdang.com/20913034.html,朗文新派少儿英语4(进阶级)(学生包),赞那塔,2010-08-01,北京语言大学出版社,1602条评论
333.,http://product.dangdang.com/23807801.html,格莱姆森林英语语法历险记2,张荣俊,2015-10-01,浙江教育出版社,1957条评论
334.,http://product.dangdang.com/23917568.html,我的天使3(中英文双语),彼尚,2016-02-01,云南人民出版社,528条评论
335.,http://product.dangdang.com/23752819.html,丽声我爱小怪物双语阶梯阅读第四级至第六级套装(点读版)(配光盘)(专供网店),Mercer,2015-07-01,外语教学与研究出版社,395条评论
336.,http://product.dangdang.com/23760923.html,闪耀吧！童年,凯瑟琳海斯,2015-09-01,长江少年儿童出版社,6009条评论
337.,http://product.dangdang.com/23645604.html,美国幼儿英语・1,埃尔松,2015-02-01,北京大学出版社,1058条评论
338.,http://product.dangdang.com/23267728.html,苏斯博士双语经典（提高版）,苏斯,2012-06-01,中译出版社（原中国对外翻译出版公司）,1543条评论
339.,http://product.dangdang.com/23588739.html,与美国小学生一起学英文：有趣的阅读①,李学权,2014-11-01,蓝天出版社,2127条评论
340.,http://product.dangdang.com/22812737.html,剑桥少儿英语考试全真试题G 第一级（配音带）,英国剑桥大学考试委员会外语考试部,2012-07-01,外语教学与研究出版社,2474条评论
341.,http://product.dangdang.com/23348708.html,丽声冒险故事岛第二级(外研社英语分级阅读)（可点读配光盘）,Alison,2013-10-01,外语教学与研究出版社,1936条评论
342.,http://product.dangdang.com/23237978.html,清华英语自然拼读故事屋C2,外语教学与研究出版社,2013-05-02,清华大学出版社,418条评论
343.,http://product.dangdang.com/23348712.html,丽声冒险故事岛第六级(外研社英语分级阅读)(可点读配光盘),Anne,2013-10-01,外语教学与研究出版社,1162条评论
344.,http://product.dangdang.com/23552874.html,丽声妙想英文绘本第六级(外研社英语分级阅读)(点读版)(配光盘),清华大学出版社,2014-08-22,外语教学与研究出版社,1355条评论
345.,http://product.dangdang.com/20995744.html,我的第一本英语儿歌书(附mp3),Haydn,2010-12-01,北京语言大学出版社,14140条评论
346.,http://product.dangdang.com/23199331.html,晚安，月亮,外语教学与研究出版社,2013-01-01,北方妇女儿童出版社,5082条评论
347.,http://product.dangdang.com/23348709.html,丽声冒险故事岛第三级(外研社英语分级阅读)（可点读配光盘）,鲁思・摩根,2013-10-01,外语教学与研究出版社,1846条评论
348.,http://product.dangdang.com/23219738.html,丽声拼读故事会・强化提高版 第四级（配CD光盘，可点读）,外语教学与研究出版社,2013-04-01,外语教学与研究出版社,1380条评论
349.,http://product.dangdang.com/20901594.html,剑桥少儿英语考试全真试题第二级(E)(配磁带),赵�]焕,2011-11-01,,2545条评论
350.,http://product.dangdang.com/22527726.html,体验英语少儿阅读文库（SET A 日常生活 第六级 10册+MP3光盘）原版引进美国圣智学习集团享誉世界的经典英语分级读物 适合11-13岁学生使用,北京语言大学出版社,2015-08-01,高等教育出版社,1085条评论
351.,http://product.dangdang.com/23753700.html,剑桥儿童英语教学卡片,玛格丽特.怀兹.布朗,2015-04-01,E.D.小赫希,1057条评论
352.,http://product.dangdang.com/23717291.html,幼儿园全科核心知识英语读本〔What Your Preschooler Needs to Know〕,北方妇女儿童出版社,2015-06-01,谭�h,905条评论
353.,http://product.dangdang.com/23732384.html,Emma的新概念英语笔记（第一册・春）,Tony,2014-06-01,多森,1490条评论
354.,http://product.dangdang.com/23537629.html,嘉盛英语想象力系列任务绘本：幽灵沉船（The Ghost Shipwreck）,外语教学与研究出版社,2013-10-01,安妮鲜花,2808条评论
355.,http://product.dangdang.com/23358876.html,安妮花英语高频词闪卡1,朱莉娅.唐纳森,2006-11-01,Cengage,945条评论
356.,http://product.dangdang.com/23547862.html,体验英语少儿阅读文库（SET A 日常生活 第4-6级套装 30册+MP3光盘）,外语教学与研究出版社,2016-04-01,卜劳恩,368条评论
357.,http://product.dangdang.com/23973657.html,父与子全集(少儿英语彩色版)(套装4册.点读.配CD.丽声英语阅读)(专供),英国剑桥大学考试委员会外语考试部,2011-02-01,玛丽・波・奥斯本,2667条评论
358.,http://product.dangdang.com/22544866.html,神奇树屋典藏版有声书第8辑（29-32册）,,2011-02-01,玛丽・波・奥斯本,1933条评论
359.,http://product.dangdang.com/22544885.html,神奇树屋典藏版有声书第6辑（21-24册）,Cengage,2013-10-01,Mike,2036条评论

361.,http://product.dangdang.com/24003536.html,那些年我们读过的童话双语（全8册）,妮娜・菲利佩克,2015-11-01,北京联合出版公司,694条评论
362.,http://product.dangdang.com/20450869.html,我的第一本英语图解学习词典,北京联合出版公司,2008-12-01,北京大学出版社,517条评论
363.,http://product.dangdang.com/23710056.html,丽声我的第一套亲子英文绘本套装(5-6岁上)(点读版)(配DVD动画及CD光盘),,2015-04-01,外语教学与研究出版社,530条评论
364.,http://product.dangdang.com/21000345.html,剑桥国际英语教程2青少版学生包（附1张CD和词汇手册）,北京大学出版社,2010-11-01,外语教学与研究出版社,1342条评论
365.,http://product.dangdang.com/20867009.html,动物童谣,基娅拉・达托拉,2014-01-01,齐佛特,2451条评论
366.,http://product.dangdang.com/23245894.html,幼儿英语分级读物 第1辑 LEVEL 3,外语教学与研究出版社,2013-05-01,Janice,985条评论
367.,http://product.dangdang.com/23348711.html,丽声冒险故事岛第五级(外研社英语分级阅读)(可点读、配光盘),理查兹,2013-10-01,美国迪士尼公司,1081条评论
368.,http://product.dangdang.com/22917119.html,迪士尼双语电影故事.炫动影像(套装共12册),外语教学与研究出版社,2012-06-01,乔纳森.多森,571条评论
369.,http://product.dangdang.com/23537627.html,嘉盛英语想象力系列任务绘本：麻雀和松鼠（Sparrow and Squirrel）,保罗.赫斯,2014-07-01,玛丽・波・奥斯本,2603条评论
370.,http://product.dangdang.com/22544883.html,神奇树屋典藏版有声书第7辑（25-28册）,齐佛特,2011-02-01,美国迪士尼,1941条评论
371.,http://product.dangdang.com/23767470.html,迪士尼英语家庭版:小熊维尼爱科学双语故事(套装共7册)(专供网店),大连理工大学出版社,2015-08-01,Dennis,178条评论
372.,http://product.dangdang.com/23810617.html,最好的儿童英文故事（5本合辑,Janice,2015-10-01,蒲蕾英绘本工作室,290条评论
373.,http://product.dangdang.com/23919659.html,蒲蕾英幼儿英语分级绘本・玩着学口语（全12册）,外语教学与研究出版社,2015-11-01,訾华东,407条评论
374.,http://product.dangdang.com/23581800.html,剑桥少儿英语分级阅读 熟练阶段（第9-12级）,美国迪士尼公司,2014-10-01,贝蒂・麦克唐纳,283条评论
375.,http://product.dangdang.com/23318638.html,小猪摇摆夫人：中英文对照典藏版共4册,外语教学与研究出版社,2013-08-16,Tony,1538条评论
376.,http://product.dangdang.com/23395969.html,领先阅读.X计划(学生包)(6)(点读版),乔纳森.多森,2012-05-01,Cengage,1417条评论
377.,http://product.dangdang.com/22527728.html,体验英语少儿阅读文库（SET B 科学与自然 第二级 10册+MP3光盘）原版引进美国圣智学习集团享誉世界的经典英语分级读物 适合7-9岁学生使用,未来出版社,2010-10-01,剑桥大学ESOL考试部,855条评论
378.,http://product.dangdang.com/20096833.html,剑桥少儿英语考试全真试题(第二级A)(含音带2盘),玛丽・波・奥斯本,2013-12-01,安妮鲜花,1900条评论
379.,http://product.dangdang.com/23401977.html,安妮花 磨出我的英文耳朵6 韵律诗,湖北少儿出版社,2012-07-01,英国剑桥大学考试委员会外语考试部,444条评论

381.,http://product.dangdang.com/23183386.html,我的第一本英语发声词典-迪士尼英语家庭版,迪士尼艺术组,2012-11-01,阳光出版社,7292条评论
382.,http://product.dangdang.com/20897367.html,剑桥少儿英语考试全真试题第一级(F)(配磁带),阳光出版社,2010-07-01,外语教学与研究出版社,2708条评论
383.,http://product.dangdang.com/23160804.html,英美儿童英语游戏歌谣精选（起步.进阶套装）（含图书4册，附4张CD，2张DVD）,,2013-01-01,外语教学与研究出版社,1364条评论
384.,http://product.dangdang.com/23292575.html,彼得兔经典故事全集（全6册）套装,外语教学与研究出版社,2013-08-01,江西高校出版社,366条评论
385.,http://product.dangdang.com/23302284.html,英美儿童英语游戏歌谣精选(起步.进阶.超越套装)(专供网店),孙瑞玲,2013-06-01,外语教学与研究出版社,297条评论
386.,http://product.dangdang.com/23985223.html,暖绘本：折耳兔奇奇中英文双语（精装共4册）,外语教学与研究出版社,2016-06-01,陕西人民出版社,732条评论
387.,http://product.dangdang.com/23693277.html,丽声英语小剧场第一级至第三级(套装共3级)(点读版)(配光盘),毕翠克丝・波特,2015-04-15,外语教学与研究出版社,386条评论
388.,http://product.dangdang.com/23475757.html,布奇乐趣启蒙英语套装,江西高校出版社,2014-01-01,外语教学与研究出版社,123条评论
389.,http://product.dangdang.com/23467315.html,安妮花 我看世界英语分级读物 第三级（适合2-8岁）,孙瑞玲,2014-04-01,机械工业出版社,447条评论
390.,http://product.dangdang.com/24002991.html,小怪物双语第3辑（全9册),外语教学与研究出版社,2015-09-01,北京联合出版公司,1003条评论
391.,http://product.dangdang.com/23708809.html,少儿国际音标,G.V.西纳顿,2013-06-01,海天出版社,219条评论
392.,http://product.dangdang.com/23231008.html,快捷英语 我的第一本自然拼读书2,陕西人民出版社,2013-04-01,中国电力出版社,551条评论
393.,http://product.dangdang.com/23710055.html,丽声我的第一套亲子英文绘本套装(4-5岁下)(点读版)(配DVD动画及CD光盘),朱莉娅・唐纳森,2015-04-01,外语教学与研究出版社,461条评论
394.,http://product.dangdang.com/23202963.html,安妮花 自然拼读亲子故事会3(每套5本绘本，1本练习册，1本学习指导，1张光盘）,外语教学与研究出版社,2013-02-01,机械工业出版社,375条评论
395.,http://product.dangdang.com/23626328.html,少儿彩图英语情景对话 有我一本足够用 套装共3册,Yiwen,2015-01-01,吉林出版集团有限责任公司,819条评论
396.,http://product.dangdang.com/24002993.html,小怪物双语第2辑(全9册),外语教学与研究出版社,2015-09-01,北京联合出版公司,1048条评论
397.,http://product.dangdang.com/23441191.html,最爱的玩具-Happy Snappy 立体发声书,Bobbie,2013-12-01,未来出版社,2230条评论
398.,http://product.dangdang.com/23665540.html,"爆笑英语优能套装（爆笑英语GO,GO,GO!1-5+爆笑英语・优能作文1-2）（套装共7册）",机械工业出版社,2015-03-01,广州出版社,235条评论
399.,http://product.dangdang.com/23268865.html,0～12岁英文原版童书词汇进阶 : 5000分级单词,梅瑟.梅尔◎,2013-05-01,北京师范大学出版社,2423条评论
400.,http://product.dangdang.com/23674324.html,婉达・盖格绘本典藏:Wanda Gag Treasury(英文朗读版)(套装共6册),北京联合出版公司,2015-04-10,天津人民出版社,1220条评论
401.,http://product.dangdang.com/23680873.html,冰雪奇缘(献给女孩的迪士尼双语冒险故事),美国迪士尼公司,2015-03-01,外语教学与研究出版社,867条评论
402.,http://product.dangdang.com/21000309.html,剑桥国际英语教程3青少版学生包（配光盘）,外语教学与研究出版社,2010-11-01,外语教学与研究出版社,952条评论
403.,http://product.dangdang.com/22544888.html,神奇树屋典藏版有声书第4辑（13-16册）,理查兹,2011-02-01,湖北少儿出版社,2736条评论
404.,http://product.dangdang.com/23218874.html,剑桥儿童英语启蒙（修订版）,外语教学与研究出版社,2011-07-01,南京大学出版社,663条评论
405.,http://product.dangdang.com/23947569.html,公文式教育：我的第一本英语书 大写字母,玛丽・波・奥斯本,2016-04-01,中国民族摄影艺术出版社,2019条评论
406.,http://product.dangdang.com/23552876.html,丽声妙想英文绘本第七级(外研社英语分级阅读)(点读版)(配光盘),湖北少儿出版社,2014-08-22,外语教学与研究出版社,998条评论
407.,http://product.dangdang.com/23995905.html,儿童英语分级亲子共读绘本（预备级全4册）,曹冬,2016-06-01,化学工业出版社,823条评论
408.,http://product.dangdang.com/20897365.html,剑桥少儿英语考试全真试题第三级(F)(配磁带),南京大学出版社,2016-05-01,,1884条评论
409.,http://product.dangdang.com/23959275.html,体验英语少儿阅读文库（SET A 日常生活 第7-9级套装 26册+MP3光盘）,日本公文出版,2016-04-20,高等教育出版社,295条评论
410.,http://product.dangdang.com/23954017.html,威尔小镇的故事2 (Happy Vill Storybook 2),中国民族摄影艺术出版社,2007-06-01,浙江教育出版社,214条评论
411.,http://product.dangdang.com/22792576.html,体验英语少儿阅读文库（SET A 日常生活 第七级 6册+MP3光盘）,简・兰福德,2013-05-01,高等教育出版社,826条评论
412.,http://product.dangdang.com/23958935.html,清华英语自然拼读乐园（幼儿版）,外语教学与研究出版社,2014-05-01,清华大学出版社,161条评论
413.,http://product.dangdang.com/23458559.html,清华少儿英语科学馆全集,辛迪・麦凯,2015-01-01,清华大学出版社,188条评论
414.,http://product.dangdang.com/23667654.html,清华少儿英语阶梯读物 探索英语篇A级(6册),化学工业出版社,2015-03-01,清华大学出版社,639条评论
415.,http://product.dangdang.com/23680876.html,白雪公主和七个小矮人(献给女孩的迪士尼双语冒险故事),英国剑桥大学考试委员会外语考试部,2014-05-01,外语教学与研究出版社,642条评论
416.,http://product.dangdang.com/23478973.html,迪士尼英语家庭版进阶学习套装第一级,,2013-06-01,人民邮电出版社,461条评论
417.,http://product.dangdang.com/23467942.html,体验英语少儿阅读文库（SET E 戏剧与童话 第一级 6册+MP3光盘）,Cengage,2014-01-01,高等教育出版社,469条评论
418.,http://product.dangdang.com/23416306.html,做最棒的自己（套装共10本）,高等教育出版社,2014-10-10,海豚出版社,209条评论
419.,http://product.dangdang.com/23581792.html,剑桥少儿英语分级阅读 第2级,Clark,2015-09-01,中国电力出版社,2270条评论
420.,http://product.dangdang.com/23794281.html,丽声非常百科故事第一级至第三级(点读版)(配光盘)(套装共3级)(专供网店),浙江教育出版社,,外语教学与研究出版社,188条评论
421.,http://product.dangdang.com/23689014.html,献给女孩的迪士尼双语冒险故事(套装全6册)(专供网店),美国迪士尼公司,2015-03-01,外语教学与研究出版社,218条评论
422.,http://product.dangdang.com/20901595.html,剑桥少儿英语考试全真试题第一级(E)(配磁带),外语教学与研究出版社,2016-01-01,,2268条评论
423.,http://product.dangdang.com/23844295.html,轻松100课教会孩子阅读英文,英国剑桥大学考试委员会外语考试部,2011-03-01,中国青年出版社,328条评论
424.,http://product.dangdang.com/23265408.html,剑桥幼儿园英语（1级）套装,,2014-09-05,南京大学出版社,878条评论
425.,http://product.dangdang.com/23561628.html,语感启蒙:经典英文儿歌图画书第二辑,塞格弗里德・英格尔曼,2016-01-11,外语教学与研究出版社,520条评论
426.,http://product.dangdang.com/23849144.html,父与子 彩色双语版,中国青年出版社,2014-08-04,星球地图出版社,670条评论
427.,http://product.dangdang.com/23561635.html,丽声唱学自然拼读(第一级至第二级套装)(点读版)(配光盘),曹东,2013-03-01,外语教学与研究出版社,732条评论
428.,http://product.dangdang.com/23207510.html,迪士尼英语渐进阅读第3级,南京大学出版社,2010-10-01,外语教学与研究出版社,822条评论
429.,http://product.dangdang.com/22731813.html,体验英语少儿阅读文库（SET B 科学与自然 第五级 6册+MP3光盘）原版引进美国圣智学习集团享誉世界的经典英语分级读物 适合10-12岁学生使用,,2016-05-01,高等教育出版社,652条评论
430.,http://product.dangdang.com/24001534.html,沃兹王国英语词汇历险记,外语教学与研究出版社,2013-07-01,浙江教育出版社,1141条评论
431.,http://product.dangdang.com/23350028.html,剑桥儿童英语（基础版 第一级 上下册）,埃奥卜劳恩,2015-05-01,中国青年出版社,514条评论
432.,http://product.dangdang.com/23704435.html,乔伊考利幼童故事 （全套共10册）,星球地图出版社,2016-04-20,河北少年儿童出版社,234条评论
433.,http://product.dangdang.com/23954019.html,威尔小镇的故事4 (Happy Vill Storybook 4),萨拉・乔丹,2015-07-01,浙江教育出版社,149条评论
434.,http://product.dangdang.com/23746951.html,小公主苏菲亚智慧与成长双语故事第1辑(套装共4册)(专供网店),外语教学与研究出版社,2013-05-01,外语教学与研究出版社,266条评论
435.,http://product.dangdang.com/23279859.html,像美国孩子一样学英语,美国迪士尼公司,2013-04-01,世界图书出版公司,1990条评论
436.,http://product.dangdang.com/23231009.html,快捷英语 我的第一本自然拼读书3,外语教学与研究出版社,2013-04-01,中国电力出版社,511条评论
437.,http://product.dangdang.com/23231007.html,快捷英语 我的第一本自然拼读书1,Cengage,2014-04-01,中国电力出版社,480条评论
438.,http://product.dangdang.com/23467209.html,剑桥少儿英语考试全真试题第三级H(音带版),高等教育出版社,2013-07-01,外语教学与研究出版社,580条评论
439.,http://product.dangdang.com/23811887.html,外研社英语分级阅读.X计划(学生包)(12)(领先阅读),张荥俊,2014-04-01,外语教学与研究出版社,339条评论
440.,http://product.dangdang.com/23467208.html,剑桥少儿英语考试全真试题第二级H(音带版),浙江教育出版社,,外语教学与研究出版社,733条评论
441.,http://product.dangdang.com/23401978.html,安妮花 自然拼读英语故事俱乐部3,Judy,2014-01-01,机械工业出版社,275条评论
442.,http://product.dangdang.com/23265413.html,剑桥幼儿儿童英语启蒙套装,机械工业出版社,2011-07-01,南京大学出版社,329条评论
443.,http://product.dangdang.com/22725895.html,小狐外传（全八册，中英双语）,曹冬,2012-04-01,连环画出版社,9138条评论
444.,http://product.dangdang.com/23680872.html,小美人鱼(献给女孩的迪士尼双语冒险故事),南京大学出版社,2015-03-01,外语教学与研究出版社,472条评论
445.,http://product.dangdang.com/20096825.html,剑桥少儿英语考试全真试题(第三级D)(含音带2盘),马歇尔,2015-09-01,,1288条评论
446.,http://product.dangdang.com/23791181.html,丽声非常百科故事第一级(外研社英语分级阅读)(点读版)(配光盘),连环画出版社,2011-08-01,外语教学与研究出版社,381条评论
447.,http://product.dangdang.com/22487985.html,体验英语少儿阅读文库（SET D 小小文学 第一级 10册+MP3光盘）,美国迪士尼公司,2009-11-01,高等教育出版社,687条评论
448.,http://product.dangdang.com/20096823.html,剑桥少儿英语考试全真试题(第三级A)(含音带2盘),外语教学与研究出版社,2016-11-01,,1322条评论
449.,http://product.dangdang.com/20096796.html,剑桥少儿英语考试全真试题(第三级B)(附磁带),剑桥大学ESOL考试部,2016-04-20,,1115条评论
450.,http://product.dangdang.com/22792580.html,体验英语少儿阅读文库（SET A预备二级 10册+MP3光盘）原版引进美国圣智学习集团享誉世界的经典英语分级读物 适合3-7岁学龄前儿童使用,,2014-07-15,高等教育出版社,780条评论
451.,http://product.dangdang.com/24042080.html,我爱自然拼读-入门级（含16册图书，1张CD，1本亲子阅读手册）儿童英语启蒙分级绘本 孩子开口说英语，从自然拼读开始！,罗布,2016-01-01,中国宇航出版社,3484条评论
452.,http://product.dangdang.com/23954018.html,威尔小镇的故事3 (Happy Vill Storybook 3),外语教学与研究出版社,2014-07-01,浙江教育出版社,139条评论
453.,http://product.dangdang.com/23561622.html,丽声唱学自然拼读2(外研社英语分级阅读)(点读版)(配光盘),Cengage,2016-07-01,外语教学与研究出版社,669条评论
454.,http://product.dangdang.com/23837803.html,友情暖融融・苏斯博士奖双语绘本：全3册,高等教育出版社,2011-03-01,长江少年儿童出版社,754条评论
455.,http://product.dangdang.com/23537630.html,嘉盛英语想象力系列任务绘本：仙人掌（Cactus）,剑桥大学ESOL考试部,2015-11-01,未来出版社,1915条评论
456.,http://product.dangdang.com/20096820.html,剑桥少儿英语考试全真试题(第三级C)(含音带2盘),,2014-03-01,,1144条评论
457.,http://product.dangdang.com/23985044.html,小马宝莉友情暖心双语故事(套装共6册)(专供),剑桥大学ESOL考试部,,外语教学与研究出版社,250条评论



461.,http://product.dangdang.com/23452036.html,儿童英汉百科图解词典(新版),加拿大QA国际图书出版公司,2013-04-01,外语教学与研究出版社,853条评论
462.,http://product.dangdang.com/23440978.html,小老鼠双语故事,外语教学与研究出版社,2014-03-01,中译出版社（原中国对外翻译出版公司）,2358条评论
463.,http://product.dangdang.com/22487987.html,体验英语少儿阅读文库（SET D 小小文学 第三级 10册+MP3光盘）,尤金妮亚,2011-08-01,高等教育出版社,634条评论
464.,http://product.dangdang.com/23261192.html,读故事学英文:河马医生(外研社点读书)(附MP3光盘1张),中译出版社（原中国对外翻译出版公司）,2013-05-01,外语教学与研究出版社,719条评论
465.,http://product.dangdang.com/22792575.html,体验英语少儿阅读文库（SET A 日常生活 第八级 10册+MP3光盘）原版引进美国圣智学习集团享誉世界的经典英语分级读物 适合13-15岁学生使用,Cengage,2012-07-01,高等教育出版社,631条评论
466.,http://product.dangdang.com/23581794.html,剑桥少儿英语分级阅读 第4级,高等教育出版社,2014-10-01,中国电力出版社,1478条评论
467.,http://product.dangdang.com/23947565.html,公文式教育：我的第一本英语书 字母游戏,皮门特尔,2016-04-01,中国民族摄影艺术出版社,1896条评论
468.,http://product.dangdang.com/23742991.html,我爱小怪物双语阶梯阅读第三级(丽声双语经典阅读)(点读版)(配光盘),外语教学与研究出版社,2015-07-01,外语教学与研究出版社,763条评论
469.,http://product.dangdang.com/23395971.html,领先阅读.X计划(学生包)(7)(点读版),Cengage,2012-05-01,外语教学与研究出版社,956条评论
470.,http://product.dangdang.com/23465994.html,丽声玩转英语 第二级,高等教育出版社,2014-04-01,外语教学与研究出版社,732条评论
471.,http://product.dangdang.com/23964113.html,变形金刚英语分级读物第一级1(丽声英语分级阅读)(点读版)(配光盘),剑桥大学出版社,2016-05-12,外语教学与研究出版社,1026条评论
472.,http://product.dangdang.com/23811886.html,外研社英语分级阅读.X计划(学生包)(11)(领先阅读),中国电力出版社,2013-07-01,外语教学与研究出版社,348条评论
473.,http://product.dangdang.com/23581793.html,剑桥少儿英语分级阅读 第3级,日本公文出版,2014-10-01,中国电力出版社,1703条评论
474.,http://product.dangdang.com/20096792.html,剑桥少儿英语考试全真试题(第二级D)(附磁带),中国民族摄影艺术出版社,2014-05-01,,1665条评论
475.,http://product.dangdang.com/23476222.html,安妮花 我看世界英语分级读物 第四级（适合2-8岁）,梅瑟・迈尔,2015-03-01,机械工业出版社,394条评论
476.,http://product.dangdang.com/23689011.html,献给女孩的迪士尼双语冒险故事(套装3册)(白雪公主/小美人鱼/仙履奇缘)专供网店,外语教学与研究出版社,2013-06-01,外语教学与研究出版社,180条评论
477.,http://product.dangdang.com/23304057.html,安妮花英语BINGO 字母认知,Tony,2011-05-01,机械工业出版社,826条评论
478.,http://product.dangdang.com/21121790.html,体验英语少儿阅读文库（SET C 数学与认知 第一级 6册+MP3光盘）,外语教学与研究出版社,2016-04-06,高等教育出版社,734条评论
479.,http://product.dangdang.com/23940219.html,托马斯和朋友情商教育互动故事(套装共8册)(专供),美国创意教学出版社,2014-09-01,外语教学与研究出版社,226条评论
480.,http://product.dangdang.com/23576824.html,兰登双语经典II（共10册）,外语教学与研究出版社,,连环画出版社,967条评论
481.,http://product.dangdang.com/23217394.html,荒诞书全集：英汉双语彩色珍藏版,利尔,2013-05-01,中国城市出版社,984条评论
482.,http://product.dangdang.com/23283058.html,赛车总动员美绘双语故事,中国城市出版社,2013-06-01,外语教学与研究出版社,537条评论
483.,http://product.dangdang.com/23742996.html,我爱小怪物双语阶梯阅读第二级(丽声双语经典阅读)(点读版)(配光盘),美国迪士尼公司,2015-07-01,外语教学与研究出版社,618条评论
484.,http://product.dangdang.com/23212236.html,快乐歌谣学英语--生活,外语教学与研究出版社,2013-03-01,化学工业出版社,941条评论
485.,http://product.dangdang.com/23662699.html,双语宝宝绘本系列（10册套装）,Mercer,2015-04-01,新世纪出版社,337条评论
486.,http://product.dangdang.com/23501995.html,英文手鼓书：跳起舞来ABC,外语教学与研究出版社,2014-05-01,湖北少儿出版社,315条评论
487.,http://product.dangdang.com/23794282.html,丽声非常百科故事第四级至第六级(点读版)(配光盘)(套装共3级)(专供网店),李高恩,2015-09-01,外语教学与研究出版社,160条评论
488.,http://product.dangdang.com/20096836.html,剑桥少儿英语考试全真试题(第二级B)(含音带2盘),化学工业出版社,2015-07-01,,1442条评论
489.,http://product.dangdang.com/23746952.html,小公主苏菲亚智慧与成长双语故事第2辑(套装共4册)(专供网店),,2015-07-01,外语教学与研究出版社,244条评论
490.,http://product.dangdang.com/23722943.html,父与子全集,新世纪出版社,2016-04-01,中译出版社（原中国对外翻译出版公司）,2107条评论
491.,http://product.dangdang.com/23925319.html,多纳爱英语 双语版 （套装共6册）,苹果蜜蜂,2011-08-01,海豚出版社,62条评论
492.,http://product.dangdang.com/22487986.html,体验英语少儿阅读文库（SET D 小小文学 第二级 10册+MP3光盘）原版引进美国圣智学习集团享誉世界的经典英语分级读物 适合7-9岁学生使用,湖北少儿出版社,2016-04-01,高等教育出版社,615条评论
493.,http://product.dangdang.com/23947567.html,公文式教育：我的第一本英语书 小写字母,克丽丝蒂,2015-11-01,中国民族摄影艺术出版社,1333条评论
494.,http://product.dangdang.com/23824027.html,剑桥少儿英语考试全真试题第二级I(音带版),外语教学与研究出版社,2014-08-22,外语教学与研究出版社,443条评论
495.,http://product.dangdang.com/20096838.html,剑桥少儿英语考试全真试题(第一级B)(含音带1盘),剑桥大学ESOL考试部,2013-05-01,,1412条评论
496.,http://product.dangdang.com/23552871.html,丽声妙想英文绘本第八级(外研社英语分级阅读)(点读版)(配光盘),,2014-06-01,外语教学与研究出版社,720条评论
497.,http://product.dangdang.com/23233146.html,0-12岁英文原版阅读与学习进阶指导,美国迪士尼公司,2014-11-01,北京师范大学出版社,3142条评论
498.,http://product.dangdang.com/23480455.html,甜梦时光温馨童谣,外语教学与研究出版社,2011-07-01,湖北美术出版社,1206条评论
499.,http://product.dangdang.com/23588740.html,与美国小学生一起学英文：有趣的阅读②,埃奥卜劳恩,,蓝天出版社,1161条评论

