1.,http://product.dangdang.com/24187698.html,幼儿画报2017年第一季度合订本,高洪波,2017-03-01,中国少年儿童出版社,6876条评论
2.,http://product.dangdang.com/24187700.html,婴儿画报2017年第一季度合订本,金波,2017-03-01,中国少年儿童出版社,7503条评论
3.,http://product.dangdang.com/23352713.html,美国国家地理―― 环球少年地理 精选集1  (全9册),国家地理,2013-11-01,青岛出版社,35508条评论
4.,http://product.dangdang.com/24187701.html,《嘟嘟熊画报》2017年合订本 第一辑,葛冰,2017-03-01,中国少年儿童出版社,2792条评论
5.,http://product.dangdang.com/23576813.html,美国国家地理――环球少年地理 精选集2 (全10册),李茗茗,2015-12-01,青岛出版社,11747条评论
6.,http://product.dangdang.com/23813372.html,美国国家地理―环球少年地理 精选集3（全10册）,美国国家地理学会,2015-11-15,青岛出版社,8214条评论
7.,http://product.dangdang.com/24216528.html,幼儿画报2017年第二季度合订本,葛冰,2017-06-01,中国少年儿童出版社,4504条评论
8.,http://product.dangdang.com/24147832.html,婴儿画报2016年第四季度合订本,金波,2017-01-01,中国少年儿童出版社,3841条评论
9.,http://product.dangdang.com/23462908.html,幼儿画报2013年第四季度合装本,幼儿画报,2013-12-01,,9340条评论
10.,http://product.dangdang.com/23381649.html,幼儿画报2013年 第一季度 特惠版,高洪波,2013-11-01,中国少年儿童出版社,17856条评论
11.,http://product.dangdang.com/24026141.html,幼儿画报2016年第三季度合订本,高洪波,2016-10-01,中国少年儿童出版社,3951条评论
12.,http://product.dangdang.com/24147833.html,《嘟嘟熊画报》2016年合订本 第四辑,葛冰,2016-12-01,中国少年儿童出版社,1985条评论
13.,http://product.dangdang.com/23907984.html,幼儿画报2016年一季度合订本,高洪波,2016-04-01,中国少年儿童出版社,5883条评论
14.,http://product.dangdang.com/24216532.html,婴儿画报2017年第二季度合订本,金波,2017-06-01,中国少年儿童出版社,4587条评论
15.,http://product.dangdang.com/24147831.html,幼儿画报2016年第四季度合订本,高洪波,2007-01-01,中国少年儿童出版社,2443条评论
16.,http://product.dangdang.com/24216535.html,《嘟嘟熊画报》2017年合订本 第二辑,葛冰,2017-06-01,中国少年儿童出版社,2157条评论
17.,http://product.dangdang.com/23967752.html,幼儿画报2016年第二季度合订本,高洪波,2016-07-01,,4287条评论
18.,http://product.dangdang.com/23919734.html,嘟嘟熊画报 2016年合订本 第一辑,葛冰,2016-03-01,中国少年儿童出版社,3096条评论
19.,http://product.dangdang.com/23229934.html,环球探索  青少年版精选集第一辑(01-04),德国古纳亚尔集团出品,2013-05-01,人民邮电出版社,6897条评论
20.,http://product.dangdang.com/24216529.html,幼儿画报2017年第三季度合订本,曹文轩,2017-09-01,中国少年儿童出版社,2289条评论
21.,http://product.dangdang.com/24026140.html,婴儿画报2016年第三季度合订本,金波,2016-10-01,中国少年儿童出版社,2811条评论
22.,http://product.dangdang.com/23908872.html,婴儿画报2016年第一季度合订本,金波,2016-03-01,中国少年儿童出版社,4668条评论
23.,http://product.dangdang.com/23964066.html,婴儿画报2016年第二季度合订本,金波,2016-06-01,,2845条评论
24.,http://product.dangdang.com/24026200.html,嘟嘟熊画报2016年合订本第三辑,葛冰,2016-10-01,中国少年儿童出版社,1936条评论
25.,http://product.dangdang.com/23979704.html,《嘟嘟熊画报》2016年合订本 第二辑,葛冰,2016-06-01,中国少年儿童新闻出版总社,2041条评论
26.,http://product.dangdang.com/24216536.html,《嘟嘟熊画报》2017年合订本 第三辑,葛冰,2017-09-01,中国少年儿童出版社,1180条评论
27.,http://product.dangdang.com/23314769.html,环球探索 青少年版精选集第二辑01-04,童趣出版有限公司,2013-07-01,人民邮电出版社,3724条评论
28.,http://product.dangdang.com/23473704.html,百科探秘 玩转地球（精选集 共五辑）,新蕾出版社,2014-06-01,新蕾出版社,1351条评论
29.,http://product.dangdang.com/23555280.html,嘟嘟熊画报  2014年合订本 第二辑,葛冰,2014-09-01,中国少年儿童出版社,901条评论
30.,http://product.dangdang.com/23658541.html,幼儿画报2015年第一季度合订本,金波,2015-03-31,中国少年儿童出版社,4727条评论
31.,http://product.dangdang.com/24216533.html,婴儿画报2017年第三季度合订本,刘丙钧,2017-09-01,中国少年儿童出版社,2512条评论
32.,http://product.dangdang.com/23461199.html,连接世界少年时（问你问我/探索自我/红松鼠）2010年度精选主题12册装（生命 科学 人文 英语）,小多,2014-05-01,   ,755条评论
33.,http://product.dangdang.com/23424359.html,《问你问我》2013年合订本（12册）-深入浅出地讲述尖端科学,小多,2014-03-01,   ,823条评论
34.,http://product.dangdang.com/23424360.html,《探索自我》2013年合订本（12册）,小多,2014-02-01,   ,729条评论
35.,http://product.dangdang.com/23424361.html,《红松鼠》2013年合订本（12册）-欧美儿童文学的真实面貌,小多,2014-03-01,   ,806条评论
36.,http://product.dangdang.com/24005642.html,美国国家地理少儿版珍藏全集（共4册）  ,美国国家地理,2016-07-01,青岛出版社,869条评论
37.,http://product.dangdang.com/23922665.html,2016年一季度《我们爱科学》儿童版全9册,毛红强,2016-01-15,中国少年儿童出版社,1452条评论
38.,http://product.dangdang.com/24143810.html,童话大王2016年下半年刊合辑（全套6册）,郑渊洁,2016-12-01,童话大王杂志社,897条评论
39.,http://product.dangdang.com/23723312.html,《红袋鼠故事会》2015年第二季度合订本,王仁芳,2015-06-01,中国少年儿童出版社,1195条评论
40.,http://product.dangdang.com/23203841.html,2013年嘟嘟熊画报第一季度合订本,葛冰,2013-03-01,中国少年儿童出版社,1969条评论
41.,http://product.dangdang.com/25114843.html,《少年文艺》（少年文艺+少年读者文摘）（2016年下半年）,李秋沅,2016-07-01,中国少年儿童出版社,558条评论
42.,http://product.dangdang.com/23905112.html,《少年文艺》（少年文艺+少年读者文摘）（2015年下半年）,中国少年儿童出版社,2015-07-01,上海世纪出版股份有限公司,732条评论
43.,http://product.dangdang.com/23833593.html,2015年三季度《儿童文学》（童年版）套装,少年文艺,2015-10-01,中国少年儿童出版社,1188条评论
44.,http://product.dangdang.com/23608751.html,儿童文学 2008年全年套装（共4册）,上海世纪出版股份有限公司,2014-11-01,中国少年儿童出版社,1521条评论
45.,http://product.dangdang.com/23922667.html,2015年四季度《儿童文学》（童年版）套装,徐德霞,2015-12-01,中国少年儿童出版社,1161条评论
46.,http://product.dangdang.com/24187702.html,红袋鼠故事会2017年第一季度合订本,中国少年儿童出版社,2017-01-01,中国少年儿童出版社,1284条评论
47.,http://product.dangdang.com/23965004.html,童话大王2016年上半年刊合辑（全套6册）,徐德霞,2016-05-18,童话大王杂志社,659条评论
48.,http://product.dangdang.com/23686722.html,少年时・飞机大解剖,中国少年儿童出版社,2015-04-20,广西教育出版社,1756条评论
49.,http://product.dangdang.com/23378136.html,《探索自我》2013年下半年合订本-自我认知和生命价值,徐德霞,2013-11-25,   ,1796条评论
50.,http://product.dangdang.com/23703293.html,少年时・解译生命密码,中国少年儿童出版社,2015-05-20,广西教育出版社,1665条评论
51.,http://product.dangdang.com/22641546.html,2011年《儿童文学》全年合订本,陈梦敏,2012-03-31,中国少年儿童出版社,1463条评论
52.,http://product.dangdang.com/23462893.html,幼儿画报2013年第三季度合装本,中国少年儿童出版社,2013-10-01,葛冰,4365条评论
53.,http://product.dangdang.com/23383156.html,嘟嘟熊画报2013年特惠装（共5期十本刊，随机组装）,郑渊洁,2013-12-03,,9948条评论
54.,http://product.dangdang.com/23378137.html,《红松鼠》2013年下半年合订本,童话大王杂志社,2013-11-25,金波,1808条评论
55.,http://product.dangdang.com/24216541.html,红袋鼠故事会2017年第三季度合订本,小多,2017-10-01,陈梦敏,1146条评论
56.,http://product.dangdang.com/24147834.html,红袋鼠故事会2016年第四季度合订本,广西教育出版社,2017-01-01,小多,748条评论
57.,http://product.dangdang.com/23654646.html,少年时・美之旅,,2015-02-25,小多,1402条评论
58.,http://product.dangdang.com/23634193.html,少年时・宇宙大搜索,   ,2015-01-20,小多,1277条评论
59.,http://product.dangdang.com/23534808.html,问你问我/探索自我/红松鼠 2014年第一季度合订本,小多,2014-08-01,石立民,671条评论

61.,http://product.dangdang.com/23852496.html,《嘟嘟熊画报》2015年合订本 第四辑,葛冰,2015-10-01,中国少年儿童出版社,922条评论
62.,http://product.dangdang.com/24216540.html,红袋鼠故事会2017年第二季度合订本,谈文玉,2017-07-01,中国少年儿童出版社,1139条评论
63.,http://product.dangdang.com/23993753.html,美国国家地理少儿版珍藏特集（二）（含《475件离奇而又真实的事》  《令人惊讶的动物》）,美国国家地理,2016-06-01,青岛出版社,439条评论
64.,http://product.dangdang.com/23775427.html,2015年一季度《儿童文学》（少年版）套装,徐德霞,2015-03-01,中国少年儿童出版社,1015条评论
65.,http://product.dangdang.com/23534807.html,问你问我/探索自我/红松鼠 2014年第二季度合订本,小多,2014-08-01,广西教育出版社,565条评论
66.,http://product.dangdang.com/23488870.html,婴儿画报精品故事书（9）（精装）,刘丙钧,2014-06-01,中国少年儿童出版社,1612条评论
67.,http://product.dangdang.com/24026201.html,红袋鼠故事会2016年第三季度合订本,陈梦敏,2016-10-01,中国少年儿童出版社,1795条评论
68.,http://product.dangdang.com/22641702.html,我们爱科学 少年版 2011年合订本 全28册,毛红强,2011-01-01,中国少年儿童出版社,2046条评论
69.,http://product.dangdang.com/23810560.html,2015年二季度《儿童文学》（少年版）套装,徐德霞,2015-06-01,中国少年儿童出版社,984条评论
70.,http://product.dangdang.com/25123202.html,婴儿画报增刊babybug,婴儿画报,2017-06-15,中国少年儿童出版社,1727条评论
71.,http://product.dangdang.com/23907641.html,童话大王2016年第一季度合辑（全套3册）,郑渊洁,2016-03-01,童话大王杂志社,782条评论
72.,http://product.dangdang.com/23238866.html,幼儿画报  2012年9本装,高洪波,2012-09-01,   ,10719条评论
73.,http://product.dangdang.com/23775428.html,2015年一季度《儿童文学》（童年版）套装,徐德霞,2015-03-01,中国少年儿童出版社,674条评论
74.,http://product.dangdang.com/23911056.html,红袋鼠故事会 2016年第一季度合订本,陈梦敏,2016-03-15,中国少年儿童出版社,951条评论
75.,http://product.dangdang.com/23426986.html,幼儿画报课堂2013年特惠装（共15本，随机组装）,幼儿画报课堂,2014-04-01,中国少年儿童出版社,2498条评论
76.,http://product.dangdang.com/23810561.html,2015年二季度《儿童文学》（童年版）套装,徐德霞,2015-06-01,中国少年儿童出版社,653条评论
77.,http://product.dangdang.com/24142171.html,《少年文艺》（少年文艺+少年读者文摘）（2016年上半年）,少年文艺,2016-01-01,上海世纪出版股份有限公司,356条评论
78.,http://product.dangdang.com/23817103.html,童话大王2015年下半年刊合辑（全套6册）,郑渊洁,2015-12-01,童话大王杂志社,640条评论
79.,http://product.dangdang.com/24014173.html,《儿童文学》――英伦手记,邹凡凡,2016-08-01,中国少年儿童出版社,1005条评论
80.,http://product.dangdang.com/23785810.html,《少年文艺》（少年文艺+少年读者文摘）（2015年上半年）,少年文艺,2015-06-01,上海世纪出版股份有限公司,1010条评论
81.,http://product.dangdang.com/23608749.html, 2007年《儿童文学-选萃》全年套装（共4册）,徐德霞,2014-11-01,中国少年儿童出版社,802条评论
82.,http://product.dangdang.com/23378135.html,《问你问我》2013年下半年合订本,中国少年儿童出版社,2013-11-25,   ,1698条评论
83.,http://product.dangdang.com/23911057.html,红袋鼠故事会 2016年第二季度合订本,,2016-03-15,中国少年儿童出版社,727条评论
84.,http://product.dangdang.com/23808610.html,红袋鼠故事会 2015年第三季度合订本,   ,2015-11-30,中国少年儿童出版社,690条评论
85.,http://product.dangdang.com/23716736.html,少年时・恐龙复兴,陈梦敏,2015-06-20,广西教育出版社,1088条评论
86.,http://product.dangdang.com/23965005.html,童话大王2016年第二季度合辑（全套3册）,中国少年儿童出版社,2016-05-18,童话大王杂志社,748条评论
87.,http://product.dangdang.com/23771913.html,少年时・未来的地图更友好,陈梦敏,2015-08-20,广西教育出版社,1187条评论
88.,http://product.dangdang.com/22641549.html,儿童文学 2010年全年合订本,中国少年儿童出版社,2012-03-01,中国少年儿童出版社,621条评论
89.,http://product.dangdang.com/24187703.html,百变马丁幽默故事2017年第一季度合订本,小多,2017-01-01,中国少年儿童出版社,575条评论
90.,http://product.dangdang.com/23958603.html,意林少年励志馆山海经系列套装（全5册）,广西教育出版社,2016-05-10,小多,451条评论
91.,http://product.dangdang.com/23534812.html,问你问我/探索自我/红松鼠 2013年度精选主题12册装,郑渊洁,2013-01-01,曹文轩,435条评论
92.,http://product.dangdang.com/24216543.html,百变马丁幽默故事2017年第二季度合订本,童话大王杂志社,2017-07-01,小多,722条评论
93.,http://product.dangdang.com/23321192.html,《问你问我》2013年上半年合订本,小多,2013-08-01,上海少年儿童出版社,2010条评论
94.,http://product.dangdang.com/23785809.html,《故事大王》（2015年上半年）,广西教育出版社,2015-01-01,徐德霞,925条评论
95.,http://product.dangdang.com/23833592.html,2015年三季度《儿童文学》（少年版）套装,徐德霞,2015-10-01,上海世纪出版股份有限公司少年儿童出版社,1097条评论
96.,http://product.dangdang.com/23494715.html,《娃娃画报》（绘本馆）（第三辑）,中国少年儿童出版社,2014-06-01,小多,810条评论
97.,http://product.dangdang.com/23321193.html,《探索自我》2013年上半年合订本,秦文君,2013-08-01,徐德霞,2401条评论
98.,http://product.dangdang.com/23608753.html,儿童文学-选萃  2008年全年套装（共4册）,中国少年儿童出版社,2014-11-01,郑渊洁,914条评论
99.,http://product.dangdang.com/23608464.html,童话大王2014年下半年刊合辑（全套6册）,墨清清,2014-12-01,单伟,472条评论

101.,http://product.dangdang.com/23625302.html,问你问我  2014年合订本（12册）,小多,2015-01-20,广西教育出版社,558条评论
102.,http://product.dangdang.com/23543907.html,幼儿画报2013年第二季度合装本,广西教育出版社,2014-08-01,中国少年儿童出版社,2445条评论
103.,http://product.dangdang.com/24002064.html,幼儿画报2015年1-4月合订本,高洪波,2015-05-01,中国少年儿童出版社,418条评论
104.,http://product.dangdang.com/23455122.html,连接世界少年时（问你问我/探索自我/红松鼠）2013年第四季度合订本（生命 科学 人文 英语）,中国少年儿童出版社,2014-04-01,   ,318条评论
105.,http://product.dangdang.com/23321194.html,《红松鼠》2013年上半年合订本,金波,2013-09-01,广西教育出版社,2003条评论
106.,http://product.dangdang.com/23209547.html,娃娃画报 (绘本馆)（第一辑）,中国少年儿童出版社,2013-03-01,少年儿童出版社,900条评论
107.,http://product.dangdang.com/24015519.html,《童话大王2016年第三季度合辑》（全套3册）,小多,2016-08-19,童话大王杂志社,381条评论
108.,http://product.dangdang.com/24188265.html,童话大王2017年第一季度合辑（全套3册）,   ,2017-03-01,HarperCollins UK,356条评论
109.,http://product.dangdang.com/23608747.html, 2007年《儿童文学》全年套装（共4册）,小多,2014-11-01,中国少年儿童出版社,612条评论
110.,http://product.dangdang.com/24143811.html,《童话大王2016年第四季度合辑》（全套3册）,广西教育出版社,2016-12-01,童话大王杂志社,401条评论
111.,http://product.dangdang.com/23715805.html,童话大王2015年上半年刊合辑（全6册）,,2015-06-01,童话大王杂志社,716条评论
112.,http://product.dangdang.com/23690462.html,2014年下半年《儿童文学》少年版全4册,少年儿童出版社,2015-12-01,中国少年儿童出版社,316条评论
113.,http://product.dangdang.com/23810558.html,2015年四季度《我们爱科学》少年版套装全9册,郑渊洁,2015-12-01,中国少年儿童出版社,1088条评论
114.,http://product.dangdang.com/23507183.html,儿童文学 2013年下半年合订本（共6册）,童话大王杂志社,2013-06-01,中国少年儿童出版社,1193条评论
115.,http://product.dangdang.com/23608743.html, 2006年《儿童文学》全年套装（共4册）,郑渊洁,2014-11-01,中国少年儿童出版社,585条评论
116.,http://product.dangdang.com/23608741.html, 2005年《儿童文学》全年套装（共4册）,HarperCollins UK,2014-11-01,中国少年儿童出版社,666条评论
117.,http://product.dangdang.com/24045922.html,乐高幻影忍者第1集,徐德霞,2016-10-01,国家开放大学出版社,505条评论
118.,http://product.dangdang.com/23799968.html,少年时・还我洁净的大气,中国少年儿童出版社,2015-10-01,广西教育出版社,699条评论
119.,http://product.dangdang.com/23810559.html,2015年四季度《我们爱科学》儿童版全9册,郑渊洁,2015-12-15,中国少年儿童出版社,556条评论
120.,http://product.dangdang.com/23411311.html,Discovery“探索”系列精选集1――地理+奥秘,童话大王杂志社,2014-01-16,青岛出版社,985条评论
121.,http://product.dangdang.com/23494717.html,《故事大王》（2014年上半年）,上海世纪出版股份有限公司出版社,2014-06-05,（OEM）上海世纪出版股份有限公司少年儿童出版社,1154条评论
122.,http://product.dangdang.com/23615711.html,娃娃画报  （绘本馆）（第四辑）,（OEM）上海世纪出版股份有限公司少年儿童出版社,2014-12-05,上海世纪出版股份有限公司,898条评论
123.,http://product.dangdang.com/23463687.html,米老鼠 半月刊 2013年合订本（4-6）,少年儿童出版社,2014-06-01,人民邮电出版社,614条评论
124.,http://product.dangdang.com/24104905.html,乐高幻影忍者第2集,上海世纪出版股份有限公司,2016-11-01,国家开放大学出版社,431条评论
125.,http://product.dangdang.com/23382890.html,幼儿画报 2013年第四季度 合订本,Disney,2013-12-01,中国少年儿童出版社,3385条评论
126.,http://product.dangdang.com/23615712.html,《故事大王》（2014年下半年）,人民邮电出版社,2014-07-05,上海世纪出版股份有限公司,1147条评论
127.,http://product.dangdang.com/23492160.html,我们爱科学 少年版 2014年第二季度全9册,Blue,2014-04-01,中国少年儿童新闻出版总社,1584条评论
128.,http://product.dangdang.com/22803006.html,嘟嘟熊画报动画版2012年合订本 第二季度（4-6月）,国家开放大学出版社,2012-06-01,中国少年儿童出版社,2702条评论
129.,http://product.dangdang.com/23421108.html,我们爱科学 儿童版 2014年一季度合订本全12册,,2014-01-01,中国少年儿童出版社,1546条评论
130.,http://product.dangdang.com/23690463.html,2014年下半年《儿童文学》童年版全4册,中国少年儿童出版社,2014-12-01,中国少年儿童出版社,245条评论
131.,http://product.dangdang.com/23608739.html, 2004年《儿童文学》全年套装（共4册）,上海世纪出版股份有限公司出版社,2014-11-01,中国少年儿童出版社,481条评论
132.,http://product.dangdang.com/23741363.html,少年时・2030:太空漫游,上海世纪出版股份有限公司,2015-07-20,广西教育出版社,683条评论
133.,http://product.dangdang.com/23184126.html,《娃娃画报》（快乐园+绘本馆）（2013年5月-8月）,毛红强,2013-01-30,少年儿童出版社,325条评论
134.,http://product.dangdang.com/23590791.html,我们爱科学 儿童版 2014年三季度合订本全10册,中国少年儿童新闻出版总社,2014-09-01,中国少年儿童出版社,1016条评论
135.,http://product.dangdang.com/23722719.html,我们爱科学 儿童版 2015年二季度(全9册),葛冰,2015-04-01,中国少年儿童出版社,819条评论
136.,http://product.dangdang.com/23922666.html,2015年四季度《儿童文学》（少年版）套装,中国少年儿童出版社,2015-12-01,中国少年儿童出版社,1088条评论
137.,http://product.dangdang.com/23726492.html,《小聪仔・自然》科普系列（第十辑）,毛红强,2015-06-01,接力出版社,541条评论
138.,http://product.dangdang.com/23817102.html,童话大王2015年第四季度合辑（全套3册）,中国少年儿童出版社,2015-12-01,童话大王杂志社,336条评论
139.,http://product.dangdang.com/23494714.html,十万个为什么（2014年上半年）,徐德霞,2014-06-01,（OEM）上海世纪出版股份有限公司少年儿童出版社,320条评论
140.,http://product.dangdang.com/23616252.html,我们爱科学  儿童版2014年四季度 合订本全12册,中国少年儿童出版社,2014-12-01,中国少年儿童新闻出版总社,823条评论
141.,http://product.dangdang.com/23411967.html,美国 国家地理 少儿版珍藏特集,美国国家地理,2014-01-17,青岛出版社,3350条评论
142.,http://product.dangdang.com/22935488.html,嘟嘟熊画报第四季度（10-12月）动画版,青岛出版社,2012-12-01,中国少年儿童出版社,1614条评论
143.,http://product.dangdang.com/23681043.html,娃娃画报 （快乐园）（2014年特惠装）,葛冰,2014-12-01,少年儿童出版社,625条评论
144.,http://product.dangdang.com/23335079.html,2013年 米老鼠 半月刊精选集1-3(2013年 米老鼠 杂志上半年1-12期合订本),中国少年儿童出版社,2013-09-10,人民邮电出版社,1031条评论
145.,http://product.dangdang.com/23726392.html,小牛顿科学全知道第四季（31-40册）（套装共10册）,娃娃画报,2015-07-01,九州出版社,107条评论
146.,http://product.dangdang.com/23410864.html,嘟嘟熊画报 2013年第四季度 合订本,少年儿童出版社,2013-12-01,中国少年儿童出版社,686条评论
147.,http://product.dangdang.com/24045921.html,乐高好朋友第1集,美国迪士尼公司,2016-10-01,国家开放大学出版社,335条评论
148.,http://product.dangdang.com/23337061.html,幼儿画报 2013年第三季度 合订本,人民邮电出版社,2013-09-12,中国少年儿童出版社,5936条评论
149.,http://product.dangdang.com/23227624.html,幼儿画报课堂2012年第四季度套装（3本故事刊+3本玩具刊+3本玩法指导手册+3张好玩的贴贴乐+3张精彩动画光盘+1张红袋鼠手工卡纸）,台湾牛顿出版公司,2012-12-01,中国少年儿童出版社,525条评论
150.,http://product.dangdang.com/23626769.html,小牛顿科学全知道（套装共30册）（1-30册）,九州出版社,2015-02-01,九州出版社,71条评论
151.,http://product.dangdang.com/23590790.html,我们爱科学 少年版 2014年三季度合订本全7册,葛冰,2014-09-01,中国少年儿童出版社,1441条评论
152.,http://product.dangdang.com/23775426.html,2015年三季度《我们爱科学》儿童版全9册,中国少年儿童出版社,2015-07-15,中国少年儿童出版社,635条评论
153.,http://product.dangdang.com/23608736.html,2003年《儿童文学》全年套装 （共4册）,Blue,2014-11-01,中国少年儿童出版社,382条评论
154.,http://product.dangdang.com/25083872.html,童话大王2017年上半年刊合辑（全套6册）,国家开放大学出版社,2017-06-30,HarperCollins UK,101条评论
155.,http://product.dangdang.com/22914456.html,幼儿画报2012年第四季度合订本,,2013-01-01,中国少年儿童出版社,4536条评论
156.,http://product.dangdang.com/23488868.html,婴儿画报精品故事书（7）（精装）,中国少年儿童出版社,2014-06-01,中国少年儿童出版社,926条评论
157.,http://product.dangdang.com/23726491.html,《小聪仔・自然》科普系列（第九辑）,幼儿画报课堂,2014-12-01,接力出版社,666条评论
158.,http://product.dangdang.com/23922661.html,2016年一季度《我们爱科学》少年版套装全9册,中国少年儿童出版社,2016-01-01,中国少年儿童出版社,1598条评论
159.,http://product.dangdang.com/23421018.html,BOX宝贝盒子2013年（1-6期）（142年卓越品质，600万妈妈智慧之选！）,台湾牛顿出版公司,2015-01-01,,281条评论
160.,http://product.dangdang.com/23785807.html,《娃娃画报》（绘本馆）（第五辑）,九州出版社,,上海世纪出版股份有限公司,233条评论
161.,http://product.dangdang.com/23380458.html,《娃娃画报》(绘本馆)（第二辑）,朱莉・塞克斯,2013-11-01,少年儿童出版社,214条评论
162.,http://product.dangdang.com/24104904.html,乐高好朋友第2集,少年儿童出版社,2016-11-01,国家开放大学出版社,249条评论
163.,http://product.dangdang.com/23492161.html,我们爱科学 儿童版  2014年第二季度全12册,Blue,2014-04-15,中国少年儿童新闻出版总社,872条评论
164.,http://product.dangdang.com/23947153.html,天天爱科学2015年全年合订本（共12册）,国家开放大学出版社,2015-12-01,天天出版社有限责任公司,87条评论
165.,http://product.dangdang.com/24216544.html,百变马丁幽默故事2017年第三季度合订本,毛红强,2017-10-01,中国少年儿童出版社,283条评论
166.,http://product.dangdang.com/23608745.html, 2006年《儿童文学-选萃》全年套装（共4册）,中国少年儿童新闻出版总社,2014-11-01,中国少年儿童出版社,250条评论
167.,http://product.dangdang.com/23785806.html, 《娃娃画报》（快乐园）（2015年上半年）,多作者,2015-01-01,上海世纪出版股份有限公司,171条评论
168.,http://product.dangdang.com/23359741.html,《少年科学》（智力大风暴+动物大揭秘+十万个为什么）（2013年5月-8月）,天天出版社有限责任公司,2013-07-01,中国少年儿童出版社,243条评论
169.,http://product.dangdang.com/22893317.html,绘本英语五（12年上半年套装）,白冰,2012-01-01,   ,1226条评论
170.,http://product.dangdang.com/23160563.html,幼儿画报课堂2012年第三季度套装,中国少年儿童出版社,2012-09-01,中国少年儿童出版社,640条评论
171.,http://product.dangdang.com/23421019.html,BOX宝贝盒子2013年（7-12期）,徐德霞,2013-10-01,,234条评论
172.,http://product.dangdang.com/23251173.html,幼儿画报2013年第二季度合订本,中国少年儿童出版社,2013-01-30,   ,7330条评论
173.,http://product.dangdang.com/23184128.html,《娃娃画报》（快乐园+绘本馆）（2013年9月-12月）,丁志芸,2016-05-01,少年儿童出版社,313条评论
174.,http://product.dangdang.com/23958726.html,真好！我的第一本最纯粹的美德书,上海世纪出版股份有限公司,2014-12-01,浙江少年儿童出版社,188条评论
175.,http://product.dangdang.com/23616251.html,我们爱科学  少年版 2014年四季度合订本全9册,王伟海,2013-07-01,中国少年儿童新闻出版总社,1623条评论
176.,http://product.dangdang.com/23470490.html,百科探秘 海底世界 2013年7-12期下半年套装,中国少年儿童出版社,2014-05-01,新蕾出版社,265条评论
177.,http://product.dangdang.com/23471812.html,小牛顿科学全知道20（台湾牛顿出版公司定制――人类对月亮的探索、八色鸟的保护、冷冻食品的安全、动物鞋子的制作、数码相机的使用等，拓宽知识面，激发探索力，开启智慧之旅。）,周翔,2015-02-01,九州出版社,462条评论
178.,http://product.dangdang.com/23626780.html,小牛顿科学全知道第六辑（26-30册）（套装共5册）,   ,2014-07-01,九州出版社,59条评论
179.,http://product.dangdang.com/23590793.html,2014年上半年《儿童文学》童年版合订本全4册,幼儿画报杂志社,2013-12-01,中国少年儿童出版社,1509条评论

181.,http://product.dangdang.com/23608750.html, 2008年《儿童文学》全年套装 礼盒装（共4册）,徐德霞,2014-11-01,中国少年儿童出版社,131条评论
182.,http://product.dangdang.com/23411310.html,Discovery“探索”系列精选集1――历史+财富,中国少年儿童出版社,2014-01-16,青岛出版社,944条评论
183.,http://product.dangdang.com/23380459.html,《十万个为什么》(2013年下半年套装）,,2014-01-01,少年儿童出版社,350条评论
184.,http://product.dangdang.com/21117363.html,幼儿画报2011年第二季度合订本,青岛出版社,2011-07-01,   ,2512条评论
185.,http://product.dangdang.com/23534810.html,《探索自我》2014年上半年合订本（6册）,王伟海,2014-08-01,广西教育出版社,545条评论
186.,http://product.dangdang.com/23463692.html,2013年赛车总动员合订本（1-4）,少年儿童出版社,2014-06-01,人民邮电出版社,319条评论
187.,http://product.dangdang.com/23590792.html,儿童文学 少年版 2014年上半年 合订本全4册,高洪波,2015-05-01,中国少年儿童出版社,1699条评论
188.,http://product.dangdang.com/23463691.html,2013年小熊维尼合订本（1-4）,   ,2014-06-01,人民邮电出版社,294条评论
189.,http://product.dangdang.com/22785117.html,幼儿画报 2012年第一季度盒装本,小多,2012-06-01,中国少年儿童出版社,8457条评论
190.,http://product.dangdang.com/23423689.html,天天爱科学 2013年合订本（共12册）,广西教育出版社,2013-01-01,天天出版社,441条评论
191.,http://product.dangdang.com/23958725.html,真好！我的第一本最纯粹的励志书,Disney,2016-05-01,浙江少年儿童出版社,136条评论
192.,http://product.dangdang.com/23714610.html,童话大王2015年第二季度合辑（全套3册）,人民邮电出版社,2015-06-01,童话大王杂志社,173条评论
193.,http://product.dangdang.com/23471802.html,小牛顿科学全知道11（台湾牛顿出版公司30年精选，全新制作，全新阅读体验：跳跃的大耳朵、鹅毛笔写童话、数学王子高斯、多瑙河畔的明珠……从看、读、玩、剪中提升IQ和EQ！适用5-10岁儿童阅读）,徐德霞,2014-05-01,九州出版社,360条评论
194.,http://product.dangdang.com/23471803.html,小牛顿科学全知道12（三届台湾金鼎奖获奖刊物《小牛顿》30年精选，全新制作形式，全新阅读体验。身背家当的动物，会说外语的鸟儿，戴着王冠的大教堂……精彩有趣的故事让勤学好问的你看不够！),中国少年儿童出版社,2014-05-01,九州出版社,281条评论
195.,http://product.dangdang.com/23663411.html,童话大王2015年第一季度合辑（全套3册）,Disney,2015-03-01,童话大王杂志社,645条评论
196.,http://product.dangdang.com/23785811.html,《上下五千年》（2015年上半年）,人民邮电出版社,2015-12-01,上海世纪出版股份有限公司,112条评论
197.,http://product.dangdang.com/25083871.html,童话大王2017年第二季度合辑（全套3册）,幼儿画报,2017-06-30,HarperCollins UK,336条评论
198.,http://product.dangdang.com/23269886.html,《东方娃娃―绘本英语》（2012年下半年套装）（共6册，带光盘）,中国少年儿童出版社,2013-06-01,江苏少年儿童出版社,1475条评论
199.,http://product.dangdang.com/23961819.html,猫和老鼠：超级跳蚤,,2016-05-01,译林出版社,204条评论
200.,http://product.dangdang.com/23365346.html,2013年四季度《我们爱科学》少年版合订本全9册,天天出版社,2014-01-01,中国少年儿童出版社,1412条评论
201.,http://product.dangdang.com/23947151.html,天天爱科学2015年上半年合订本（共6册）,多作者,2015-07-01,天天出版社有限责任公司,43条评论
202.,http://product.dangdang.com/23566405.html,《童趣--小公主》杂志（2014年7-9期）,天天出版社有限责任公司,2014-07-01,人民邮电出版社,216条评论
203.,http://product.dangdang.com/23494721.html,动物大揭秘（2014年上半年）,聂政,2014-06-01,（OEM）上海世纪出版股份有限公司少年儿童出版社,96条评论
204.,http://product.dangdang.com/23494719.html,《娃娃画报》（快乐园）（2014年上半年）,人民邮电出版社,2014-06-01,（OEM）上海世纪出版股份有限公司少年儿童出版社,203条评论
205.,http://product.dangdang.com/23947152.html,天天爱科学2015年下半年合订本（共6册）,上海世纪出版股份有限公司少年儿童出版社,2015-12-01,天天出版社有限责任公司,61条评论
206.,http://product.dangdang.com/24022511.html,2016年一季度《儿童文学》（少年版）套装,（OEM）上海世纪出版股份有限公司少年儿童出版社,2015-09-01,,41条评论
207.,http://product.dangdang.com/23784447.html,童话大王2015年第三季度合辑（全套3册）,上海世纪出版股份,2014-09-01,童话大王杂志社,189条评论
208.,http://product.dangdang.com/23566412.html,《童趣--环球探索》杂志（2014年7-9期）,（OEM）上海世纪出版股份有限公司少年儿童出版社,2010-01-01,人民邮电出版社,260条评论
209.,http://product.dangdang.com/22904398.html,,多作者,2014-04-01,   ,967条评论
210.,http://product.dangdang.com/23454165.html,小牛顿科学全知道5,天天出版社有限责任公司,2015-12-31,九州出版社,216条评论
211.,http://product.dangdang.com/24198431.html,童话大王2015年全年刊合辑（全套12册）,,2014-04-01,HarperCollins UK,21条评论
212.,http://product.dangdang.com/24022513.html,2016年二季度《儿童文学》（少年版）套装,,2014-04-01,,40条评论
213.,http://product.dangdang.com/23454167.html,小牛顿科学全知道7,郑渊洁,2012-12-01,九州出版社,173条评论
214.,http://product.dangdang.com/23454164.html,小牛顿科学全知道4,童话大王杂志社,2014-06-01,九州出版社,226条评论
215.,http://product.dangdang.com/23181453.html,《小福尔摩斯》（2012下半年）,G+J德国古纳亚尔,2014-09-01,少年儿童出版社,305条评论
216.,http://product.dangdang.com/23470485.html,童话王国（原创版）2013年1-12期全年套装 ,人民邮电出版社,2016-01-10,新蕾出版社,120条评论
217.,http://product.dangdang.com/23566404.html,《儿童画报――小熊维尼》杂志（2014年7-9期）,,2012-01-01,人民邮电出版社,196条评论
218.,http://product.dangdang.com/24180955.html,红树林都市少儿（2016年4期杂志优惠套装）,   ,2014-05-01,   ,64条评论
219.,http://product.dangdang.com/22641712.html,2012年一季度《我们爱科学》儿童版合订本全6册,台湾牛顿出版公司,,中国少年儿童出版社,2449条评论

221.,http://product.dangdang.com/21060902.html,《大灰狼画报婴儿版――小太阳》第二辑,,2011-04-01,２１世纪出版社,637条评论
222.,http://product.dangdang.com/23608737.html, 2003年《儿童文学》全年套装 礼盒装（共4册）,２１世纪出版社,2014-11-01,中国少年儿童出版社,58条评论
223.,http://product.dangdang.com/23615717.html,《少年科学》（智力大风暴）（2014年下半年）,徐德霞,2014-12-01,上海世纪出版股份有限公司,195条评论
224.,http://product.dangdang.com/23454166.html,小牛顿科学全知道6,中国少年儿童出版社,2014-04-01,九州出版社,154条评论
225.,http://product.dangdang.com/25114839.html,《故事大王》（2016年下半年）,上海世纪出版股份有限公司少年儿童出版社,2016-07-01,中国少年儿童出版社,245条评论
226.,http://product.dangdang.com/23414405.html,《小福尔摩斯》（小福尔摩斯+奇幻冒险王）（2013年9月-12月）,上海世纪出版股份有限公司,2015-01-01,上海世纪出版股份有限公司,54条评论
227.,http://product.dangdang.com/23454170.html,小牛顿科学全知道10,台湾牛顿出版公司,2014-04-01,九州出版社,197条评论
228.,http://product.dangdang.com/23181449.html,《少年科学》（智力大风暴）（2012下半年）,九州出版社,2012-12-01,少年儿童出版社,174条评论
229.,http://product.dangdang.com/23566406.html,《童趣--芭比》杂志（2014年7-9期）,故事大王,2014-09-01,人民邮电出版社,144条评论
230.,http://product.dangdang.com/23562756.html,连接世界少年时（问你问我/探索自我/红松鼠）2014年第四季度合订本（生命 科学 人文 英语）,中国少年儿童出版社,2014-12-31,广西教育出版社,33条评论
231.,http://product.dangdang.com/23471808.html,小牛顿科学全知道16,秦文君,2014-05-01,九州出版社,238条评论
232.,http://product.dangdang.com/23331753.html,我们爱科学 少年版 2013年三季度 合订本全7册,上海世纪出版股份有限公司,2013-09-01,中国少年儿童出版社,1400条评论
233.,http://product.dangdang.com/23608463.html,童话大王2014年第四季度合辑（全套3册）,台湾牛顿出版公司,2014-12-01,童话大王杂志社,833条评论
234.,http://product.dangdang.com/23615718.html,动物大揭秘（2014年下半年）,九州出版社,2013-12-28,,51条评论
235.,http://product.dangdang.com/22913410.html,婴儿画报 2012年第四季度合订本?冬,,2014-11-01,中国少年儿童出版社,2918条评论
236.,http://product.dangdang.com/23562755.html,连接世界少年时（问你问我/探索自我/红松鼠）2014年第三季度合订本（生命 科学 人文 英语）,少年儿童出版社,2013-07-01,广西教育出版社,34条评论
237.,http://product.dangdang.com/23309749.html,婴儿画报2013年第一季度盒装本,Mattel,2013-12-05,,4051条评论
238.,http://product.dangdang.com/24022484.html,2016年一季度《儿童文学》（童年版）套装,人民邮电出版社,2010-07-01,高洪波,33条评论
239.,http://product.dangdang.com/23201467.html,幼儿画报2013年第一季度合订本,小多,,石立民,6926条评论

241.,http://product.dangdang.com/23414322.html,百科探秘超值精选集：《玩转地球》+《海底世界》，快来一起畅游海陆空！,新蕾出版社,2014-04-01,新蕾出版社,25条评论
242.,http://product.dangdang.com/23775425.html,2015年三季度《我们爱科学》少年版套装全9册,新蕾出版社,2015-07-01,中国少年儿童出版社,1323条评论
243.,http://product.dangdang.com/23792581.html,红树林童趣画报（2015年4期杂志优惠套装）,毛红强,2015-01-01,   ,169条评论
244.,http://product.dangdang.com/23454169.html,小牛顿科学全知道9,中国少年儿童出版社,2014-04-01,九州出版社,163条评论
245.,http://product.dangdang.com/23625303.html,探索自我  2014年合订本（12册）,深圳红树林杂志社,2015-01-20,广西教育出版社,531条评论
246.,http://product.dangdang.com/23615715.html,《娃娃画报》（快乐园）（2014年下半年）,   ,2014-07-05,上海世纪出版股份有限公司,181条评论
247.,http://product.dangdang.com/23184131.html,《作文世界》（2013年下半年）,台湾牛顿出版公司,2013-01-01,少年儿童出版社,95条评论
248.,http://product.dangdang.com/23612444.html,2014年 实用文摘 珍藏版,九州出版社,2014-12-01,   ,187条评论
249.,http://product.dangdang.com/23566403.html,《托马斯和朋友》画册（总31-33集/2014年7-9集）,小多,2014-09-01,人民邮电出版社,131条评论
250.,http://product.dangdang.com/22907077.html,童话王国（原创版） 2012全年合订本（共12册）,广西教育出版社,2012-01-01,新蕾出版社,159条评论
251.,http://product.dangdang.com/23792577.html,红树林都市少儿（2015年4期杂志优惠套装）,钦吟之,2015-01-01,   ,175条评论
252.,http://product.dangdang.com/23461201.html,连接世界少年时（生命 科学 人文 英语）（问你问我/探索自我/红松鼠）2012年度精选主题12册装,上海世纪出版股份有限公司,2014-05-01,   ,404条评论
253.,http://product.dangdang.com/23451298.html,2013年四季度《中国卡通》合订本套装全5册,,2013-07-01,中国少年儿童出版社,143条评论
254.,http://product.dangdang.com/23471811.html,小牛顿科学全知道19,少年儿童出版社,2014-05-01,九州出版社,145条评论
255.,http://product.dangdang.com/23669599.html,红树林都市少儿（2014年4期杂志优惠套装）,实用文摘,2014-04-01,   ,176条评论
256.,http://product.dangdang.com/23471810.html,小牛顿科学全知道18（台湾牛顿出版公司30年精选！揭秘大鲨鱼家族秘辛！美国民谣之父没学过音乐！自由女神的故乡原来是法国！）,   ,2014-05-01,九州出版社,145条评论
257.,http://product.dangdang.com/23681063.html,小朋友 （动手动脑）（2014年特惠装）,Mattel,2014-06-01,少年儿童出版社,60条评论
258.,http://product.dangdang.com/23463688.html,2013年小公主合订本（1-4）,人民邮电出版社,2014-06-01,人民邮电出版社,336条评论
259.,http://product.dangdang.com/23215218.html,开心学堂四年级（第一季度）共8册,童话王国,2013-01-01,青岛出版社,100条评论
260.,http://product.dangdang.com/23947150.html,天天爱科学2014年下半年合订本（共6册）,新蕾出版社,2014-12-01,天天出版社有限责任公司,28条评论
261.,http://product.dangdang.com/23471804.html,小牛顿科学全知道13（台湾牛顿出版公司30年精选，全新制作，提供全新阅读体验――青蛙王子现真身，小狗、猩猩上太空，古代帝王玩“足球”，“雨”“龙”共舞真科学，马铃薯上造苗圃……读、听、做、教四合一！）,台湾牛顿出版公司,2014-05-01,九州出版社,155条评论
262.,http://product.dangdang.com/23342885.html,开心学堂五年级（2013第三季度）共8册,九州出版社,2013-09-01,青岛出版社,70条评论
263.,http://product.dangdang.com/23536365.html,小牛顿科学全知道1-20（共20册）,青岛出版社,2014-08-01,九州出版社,27条评论
264.,http://product.dangdang.com/23184121.html,《少年科学》（智力大风暴+动物大揭秘+十万个为什么）（2013年1月-4月）,青岛出版社,2013-04-01,少年儿童出版社,130条评论
265.,http://product.dangdang.com/23184130.html,《少年科学》（智力大风暴+动物大揭秘+十万个为什么）（2013年9月-12月）,台湾牛顿出版公司,2014-07-01,少年儿童出版社,81条评论
266.,http://product.dangdang.com/23494726.html,《作文世界》（2014年上半年）,九州出版社,2014-06-05,少年儿童出版社,126条评论
267.,http://product.dangdang.com/25073838.html,《故事大王》（2016年上半年）,王伟海,2016-01-01,,198条评论
268.,http://product.dangdang.com/24022512.html,2016年二季度《儿童文学》（童年版）套装,少年儿童出版社,2014-12-05,少年儿童出版社,29条评论
269.,http://product.dangdang.com/23615710.html,十万个为什么（2014年下半年）,王伟海,2013-07-01,百科探秘・海底世界,50条评论
270.,http://product.dangdang.com/23278584.html,百科探秘・海底世界 2013年上半年1-6月期刊合订本,少年儿童出版社,2013-01-01,肖丽媛,300条评论
271.,http://product.dangdang.com/23311490.html,天天爱科学 2013年上半年1-6期合订本,上海世纪出版股份有限公司少年儿童出版社,2012-05-28,,672条评论
272.,http://product.dangdang.com/22772859.html,智力大王2010年合订本,少年儿童出版社,2013-04-01,,383条评论
273.,http://product.dangdang.com/23215219.html,开心学堂三年级（第一季度）共8册,上海世纪出版股份有限公司,2014-05-01,台湾牛顿出版公司,104条评论
274.,http://product.dangdang.com/23471805.html,小牛顿科学全知道14（科普精华大聚会――和蝴蝶一起飞舞，开启达尔文的演化之旅，在绿色的森林DIY手工，欣赏日本国画，认识会咬人的植物，识破空气变魔术。）,,2013-01-01,高洪波,185条评论
275.,http://product.dangdang.com/23235718.html,婴儿画报2012年第三季度盒装本,,2013-01-01,,1690条评论
276.,http://product.dangdang.com/23494727.html,《小福尔摩斯》（2014年上半年）,少年儿童出版社,2014-06-01,,19条评论
277.,http://product.dangdang.com/23184123.html,《小福尔摩斯》（小福尔摩斯+奇幻冒险王）（2013年1月-4月）,上海世纪出版股份有限公司,2015-12-01,Disney,117条评论
278.,http://product.dangdang.com/23463689.html,2013年芭比合订本（1-4）,百科探秘・海底世界,2012-07-01,少年儿童出版社,196条评论
279.,http://product.dangdang.com/23905113.html,《上下五千年》（2015年下半年）,新蕾出版社,,毛红强,41条评论

281.,http://product.dangdang.com/24142165.html,《娃娃画报》（快乐园）（2016年上半年）,钦吟之,2016-06-05,上海世纪出版股份有限公司,37条评论
282.,http://product.dangdang.com/23278585.html,百科探秘・玩转地球 2013年上半年1-6月期刊合订本,上海世纪出版股份有限公司,2013-07-01,新蕾出版社,390条评论
283.,http://product.dangdang.com/23785805.html,十万个为什么（少科+动物+最想问）（2015年上半年）,百科探秘・玩转地球,2015-06-01,上海世纪出版股份有限公司,13条评论
284.,http://product.dangdang.com/22482594.html,《探索自我》2010第3、4季合订本,新蕾出版社,2010-12-01,广西教育出版社,637条评论
285.,http://product.dangdang.com/23615722.html,《小朋友》（动手动脑）（2014年下半年）,十万个为什么杂志,2014-01-01,上海世纪出版股份有限公司,14条评论
286.,http://product.dangdang.com/23615721.html,《小朋友》（童话幽默）（2014年下半年）,上海世纪出版股份有限公司,2014-11-01,,13条评论
287.,http://product.dangdang.com/23608738.html, 2004年《儿童文学》全年套装 礼盒装（共4册）,小多,2015-01-01,中国少年儿童出版社,34条评论
288.,http://product.dangdang.com/23626776.html,小牛顿科学全知道27,广西教育出版社,2014-05-01,九州出版社,56条评论
289.,http://product.dangdang.com/23471806.html,小牛顿科学全知道15（台湾牛顿出版公司30年精选，全新制作，畅想全新阅读体验――拜访花儿的世界，倾听花儿生存秘籍；边走边看神秘的吴哥古迹；探索口腔里的惊天秘密，做爱牙达人；……读、听、做、教四合一！）,郑俐,2015-12-31,九州出版社,139条评论
290.,http://product.dangdang.com/23905107.html,十万个为什么（少科 动物 最想问）（2015年下半年）,上海世纪出版股份有限公司,2014-09-01,上海世纪出版股份有限公司,9条评论
291.,http://product.dangdang.com/23566409.html,《儿童画报――赛车总动员》杂志（2014年7-9期）,,2014-11-01,人民邮电出版社,268条评论
292.,http://product.dangdang.com/23608742.html, 2006年《儿童文学》全年套装 礼盒装（共4册）,,2014-07-01,中国少年儿童出版社,34条评论
293.,http://product.dangdang.com/23492304.html,作文通讯（初中版）2014年上半年1-6期（1980年创刊，全国十三所名校联袂打造，百名特级教师全力推荐，紧密结合中、高考动态和中学教学的超前信息，满足青少年读者全方位阅读写作的需求。）,徐德霞,2013-09-01,新蕾出版社,641条评论
294.,http://product.dangdang.com/23342884.html,开心学堂四年级（2013第三季度）共8册,中国少年儿童出版社,2013-07-01,青岛出版社,68条评论
295.,http://product.dangdang.com/23271589.html,小学生作文（低年级版）2013年第二季度期刊合订本,台湾牛顿出版公司,2014-11-01,新蕾出版社,166条评论
296.,http://product.dangdang.com/23608740.html, 2005年《儿童文学》全年套装 礼盒装（共4册）,九州出版社,2014-01-01,中国少年儿童出版社,45条评论
297.,http://product.dangdang.com/23388032.html,漫威英雄联盟（2013第四季度）共3册,台湾牛顿出版公司,2014-01-01,青岛出版社,67条评论
298.,http://product.dangdang.com/23388100.html,少年电脑世界（2013第四季度）共3册,九州出版社,2013-09-01,青岛出版社,240条评论
299.,http://product.dangdang.com/23342899.html,少年电脑世界（2013第三季度）共2册,十万个为什么杂志,,青岛出版社,230条评论

301.,http://product.dangdang.com/23278582.html,童话王国（原创版）2013年上半年1-6月期刊合订本,童话王国,2013-07-01,新蕾出版社,222条评论
302.,http://product.dangdang.com/23608752.html,2008年《儿童文学-选萃》全年套装 礼盒装（共4册）,新蕾出版社,2014-11-01,中国少年儿童出版社,53条评论
303.,http://product.dangdang.com/23649049.html,我们爱科学 儿童版 2015年一季度全9册,徐德霞,2015-03-01,中国少年儿童出版社,511条评论
304.,http://product.dangdang.com/23215216.html,开心学堂六年级（第一季度）共8册,中国少年儿童出版社,2013-01-01,青岛出版社,71条评论
305.,http://product.dangdang.com/23388019.html,开心学堂五年级,毛红强,2014-01-01,青岛出版社,35条评论
306.,http://product.dangdang.com/23414323.html,百科探秘超值精选集（上）：《玩转地球》+《海底世界》，快来一起畅游海陆空！,中国少年儿童出版社,2014-04-01,新蕾出版社,26条评论
307.,http://product.dangdang.com/23905108.html, 《娃娃画报》（快乐园）（2015年下半年）,,2015-03-01,,16条评论
308.,http://product.dangdang.com/23673474.html,《小神龙俱乐部》 2015年第1季精选（全3册）,青岛出版社,2014-01-01,辽宁教育出版社,113条评论
309.,http://product.dangdang.com/23388027.html,漫画王（2013第四季度）共3册,青岛出版社,2014-03-06,青岛出版社,80条评论
310.,http://product.dangdang.com/23494725.html,《小朋友》（动手动脑）（2014年上半年,青岛出版社,2013-12-01,,20条评论
311.,http://product.dangdang.com/23494724.html,《小朋友》（童话幽默）（2014年上半年）,新蕾出版社,2012-06-01,,27条评论
312.,http://product.dangdang.com/23476095.html,2013年儿童漫画合订本（1-12）期,新蕾出版社,2012-06-01,,38条评论
313.,http://product.dangdang.com/22734866.html,Fun English趣味英语阅读（2012年上半年1、2、3期）,,2014-12-01,毛红强,1761条评论
314.,http://product.dangdang.com/22750168.html,2012二季度《我们爱科学》少年版全7册,,2016-06-01,上海世纪出版股份有限公司少年儿童出版社,2681条评论
315.,http://product.dangdang.com/23615720.html,《上下五千年》（2014年下半年）,学友园,2013-01-01,段立欣,172条评论
316.,http://product.dangdang.com/23962140.html,再见，成长的烦恼（共4册）,辽宁教育出版社,2014-01-01,高洪波,38条评论
317.,http://product.dangdang.com/23203842.html,2013年婴儿画报第一季度合订本,青岛出版社,2014-09-01,新蕾出版社,3495条评论
318.,http://product.dangdang.com/23470477.html,百科探秘 玩转地铁 2013年7-12期下半年套装,青岛出版社,2015-03-01,Disney,37条评论
319.,http://product.dangdang.com/23566411.html,《儿童画报――米奇妙妙屋》杂志（2014年7-9期）,,,学友园,272条评论

321.,http://product.dangdang.com/23388018.html,开心学堂四年级（2013第四季度）共12册,青岛出版社,2014-01-01,青岛出版社,62条评论
322.,http://product.dangdang.com/23947149.html,天天爱科学2013年下半年合订本（共6册）,青岛出版社,2013-12-01,天天出版社有限责任公司,32条评论
323.,http://product.dangdang.com/22750172.html,2012年二季度《我们爱科学》儿童版合订本全6册,多作者,2012-06-01,中国少年儿童出版社,2702条评论
324.,http://product.dangdang.com/23497735.html,开心学堂五年级（2014第二季度）共12册,天天出版社有限责任公司,2013-01-01,,49条评论
325.,http://product.dangdang.com/23470483.html,童话王国（原创版）2013年1-6期上半年套装,我们爱科学,2012-12-01,新蕾出版社,50条评论
326.,http://product.dangdang.com/23181454.html,《小福尔摩斯》（奇幻冒险王）（2012下半年）,中国少年儿童出版社,2014-06-01,少年儿童出版社,129条评论
327.,http://product.dangdang.com/23470480.html,百科探秘 玩转地球 2013年1-12期全年套装,青岛出版社,2014-07-01,新蕾出版社,137条评论
328.,http://product.dangdang.com/23492302.html,作文通讯（高中版）2014年上半年1-6期（1980年创刊，全国十三所名校联袂打造，百名特级教师全力推荐，紧密结合中、高考动态和中学教学的超前信息，满足青少年读者全方位阅读写作的需求。）,,2015-02-01,新蕾出版社,285条评论
329.,http://product.dangdang.com/23626782.html,小牛顿科学全知道第五辑（21-25册）（套装共5册）,张小荫,2014-09-01,九州出版社,35条评论
330.,http://product.dangdang.com/23663672.html,红树林快乐童漫绘（增刊第六辑）六期合一,新蕾出版社,2014-09-01,   ,38条评论
331.,http://product.dangdang.com/23566408.html,米老鼠 半月刊（2014年7月上-9月下）,,2014-09-01,人民邮电出版社,247条评论
332.,http://product.dangdang.com/23542389.html,童话大王 2014年第三季度合辑（全套3册）,少年儿童出版社,2013-01-01,童话大王杂志社,1136条评论
333.,http://product.dangdang.com/23184120.html,《小朋友》（童话幽默+动手动脑）（2013年1月-4月）,百科探秘,2015-01-01,少年儿童出版社,106条评论
334.,http://product.dangdang.com/23626772.html,小牛顿科学全知道23,新蕾出版社,2013-03-01,九州出版社,64条评论
335.,http://product.dangdang.com/23301361.html,意林童话合订本2013年01月-03月（总第6卷）,新蕾出版社,2013-04-01,   ,383条评论
336.,http://product.dangdang.com/23228219.html,BOX宝贝盒子2013年（1-3季）,新蕾出版社,2013-01-01,山东科学技术出版社,490条评论
337.,http://product.dangdang.com/23184119.html,《娃娃画报》（快乐园+绘本馆）（2013年1月-4月）,台湾牛顿出版公司,2011-09-01,少年儿童出版社,288条评论
338.,http://product.dangdang.com/22482599.html,《红松鼠》2011第1、2季合订本,九州出版社,2012-10-01,广西教育出版社,791条评论
339.,http://product.dangdang.com/22916588.html,2012年第四季度《我们爱科学》少年版全7册,,2013-07-01,中国少年儿童出版社,1939条评论
340.,http://product.dangdang.com/23463690.html,2013年托马斯和朋友合订本--托马斯梦想专列,   ,,人民邮电出版社,213条评论
341.,http://product.dangdang.com/23566402.html,《喜羊羊与灰太狼》杂志（2014年7月上-9月下）,,2014-09-01,人民邮电出版社,33条评论
342.,http://product.dangdang.com/22482590.html,《问你问我》2010第3、4季合订本,人民邮电出版社,2010-09-25,广西教育出版社,552条评论
343.,http://product.dangdang.com/23470479.html,百科探秘 玩转地球 2013年4-6期第二季度套装,小多,2013-07-01,新蕾出版社,322条评论
344.,http://product.dangdang.com/23365347.html,2013年四季度《我们爱科学》儿童版合订本全6册,广西教育出版社,2013-10-01,中国少年儿童出版社,1281条评论
345.,http://product.dangdang.com/23534805.html,探索自我 2014年第一季度合订本（3册）,新蕾出版社,2014-08-01,广西教育出版社,609条评论
346.,http://product.dangdang.com/23785813.html,《作文世界》（2015年上半年）,新蕾出版社,2015-01-01,上海世纪出版股份有限公司,27条评论
347.,http://product.dangdang.com/23215217.html,开心学堂五年级（第一季度）共8册,寒木钓萌,2012-02-27,,64条评论
348.,http://product.dangdang.com/23497736.html,开心学堂六年级（2014第二季度）共12册,中国少年儿童出版社,2013-07-01,,40条评论
349.,http://product.dangdang.com/22616942.html,《红松鼠》2010第3、4季合订本,小多,2013-09-01,百科探秘,35条评论
350.,http://product.dangdang.com/23271584.html,百科探秘 玩转地球 2013年第二季度期刊合订本,广西教育出版社,2016-06-01,青岛出版社,149条评论
351.,http://product.dangdang.com/23342878.html,聪明语文与数学（2013第三季度）共2册,老舍,2014-03-01,,67条评论
352.,http://product.dangdang.com/20958566.html,漫画王（2014第一季度）共2册,上海世纪出版股份有限公司,2014-09-01,李月敏,55条评论
353.,http://product.dangdang.com/24142166.html,《娃娃画报》（绘本馆）（第七辑）,,2012-07-01,深圳红树林杂志社,28条评论
354.,http://product.dangdang.com/23690461.html,红树林童趣画报（2014年4期杂志优惠套装）,,2015-06-01,淘米,94条评论
355.,http://product.dangdang.com/23566410.html,《漫趣--摩尔庄园》杂志（2014年7-9期）,青岛出版社,2013-06-01,,42条评论
356.,http://product.dangdang.com/22775247.html,开心学堂六年级（一季度）,,,,41条评论




361.,http://product.dangdang.com/23530318.html,漫友（2014年4月-6月套装全6册）（新版升级为2015年版）,漫友文化,2014-06-01,   ,20条评论
362.,http://product.dangdang.com/23388020.html,开心学堂六年级（2013第四季度）共12册,   ,2014-01-01,青岛出版社,41条评论
363.,http://product.dangdang.com/23452112.html,开心学堂六年级（2014第一季度）共8册,青岛出版社,2014-11-01,,34条评论
364.,http://product.dangdang.com/23608748.html, 2007年《儿童文学-选萃》全年套装 礼盒装（共4册）,青岛出版社,2014-11-01,中国少年儿童出版社,32条评论
365.,http://product.dangdang.com/23595039.html,儿童绘本2014年12期,,2010-07-01,   ,32条评论
366.,http://product.dangdang.com/22482598.html,《红松鼠》2010第3、4季合订本,,2013-09-01,广西教育出版社,379条评论
367.,http://product.dangdang.com/23342886.html,开心学堂六年级（2013第三季度）共8册,徐德霞,2013-09-01,青岛出版社,41条评论
368.,http://product.dangdang.com/23184124.html,《作文世界》（2013年上半年）,中国少年儿童出版社,2015-03-01,少年儿童出版社,262条评论
369.,http://product.dangdang.com/23440195.html,《故事大王》（2013年9月-12月）,任小霞,2015-01-01,,529条评论
370.,http://product.dangdang.com/23497742.html,漫画王（2014第二季度）共3册,   ,2015-01-01,,54条评论
371.,http://product.dangdang.com/23673497.html,《天天爱学习》五年级 2015年第1季精选（全9册）,小多,2012-04-01,   ,95条评论
372.,http://product.dangdang.com/23614362.html,2013年《环球探索》（少年版）1-4期合订本,广西教育出版社,2012-07-01,人民邮电出版社,147条评论
373.,http://product.dangdang.com/23626779.html,小牛顿科学全知道30,青岛出版社,2015-01-01,九州出版社,40条评论
374.,http://product.dangdang.com/22789742.html,开心学堂五年级（二季度）3册,青岛出版社,2011-07-13,青岛出版社,50条评论
375.,http://product.dangdang.com/22775248.html,开心学堂五年级（一季度）,作文世界,2014-08-01,青岛出版社,43条评论
376.,http://product.dangdang.com/23632615.html,少儿科学周刊（儿童版）,少年儿童出版社,2014-11-01,   ,81条评论
377.,http://product.dangdang.com/22452608.html,《东方娃娃―绘本英语》（2010年下半年套装）（共6册，带光盘）,,2014-09-01,江苏少年儿童出版社,1926条评论
378.,http://product.dangdang.com/23526862.html,儿童绘本2014年08期,,,   ,55条评论


381.,http://product.dangdang.com/23494723.html,《上下五千年》（2014年上半年）,上海世纪出版股份有限公司少年儿童出版社,2014-06-01,（OEM）上海世纪出版股份有限公司少年儿童出版社,177条评论
382.,http://product.dangdang.com/23181446.html,《娃娃画报》(快乐园+绘本馆)（2012第三季度）,（OEM）上海世纪出版股份有限公司少年儿童出版社,2012-07-01,少年儿童出版社,175条评论
383.,http://product.dangdang.com/23278578.html,作文通讯（高中版）2013年上半年1-6月期刊合订本,,2013-07-01,新蕾出版社,72条评论
384.,http://product.dangdang.com/23342870.html,漫画王（2013第三季度）共2册,少年儿童出版社,2013-09-01,青岛出版社,70条评论
385.,http://product.dangdang.com/23264588.html,少年电脑世界（2013第二季度）共3册,作文通讯,2013-06-01,青岛出版社,183条评论
386.,http://product.dangdang.com/23456645.html,小牛顿科学全知道第二辑（6-10册）（套装共5册）,新蕾出版社,2014-04-01,   ,106条评论
387.,http://product.dangdang.com/23252473.html,2012年《儿童文学》下半年套装（共6册）,青岛出版社,2013-05-16,   ,1638条评论
388.,http://product.dangdang.com/23215223.html,漫画王（第一季度）共2册,青岛出版社,2013-05-01,青岛出版社,35条评论
389.,http://product.dangdang.com/22823355.html,婴儿画报 2012年第三季度合订本・秋,酋长,2013-01-01,   ,3852条评论
390.,http://product.dangdang.com/22616947.html,《红松鼠》2011第3、4季合订本,青岛出版社,2012-02-27,王帆,18条评论
391.,http://product.dangdang.com/23264579.html,漫画王（2013第二季度）共3册,台湾牛顿出版公司,2013-06-01,新蕾出版社,63条评论
392.,http://product.dangdang.com/23298057.html,作文通讯（高中版）2013年下半年7-12月期刊,   ,2013-10-01,石立民,65条评论
393.,http://product.dangdang.com/22904395.html,,,2010-02-01,,906条评论
394.,http://product.dangdang.com/23250925.html,幼儿智力世界2012年第三季度(共6册),   ,2013-05-15,,164条评论
395.,http://product.dangdang.com/23427703.html,2013年《幼儿故事大王》(1-2月合订本),,2013-01-01,,79条评论
396.,http://product.dangdang.com/23181452.html,《作文世界》（2012下半年）,青岛出版社,2012-12-01,小多,286条评论
397.,http://product.dangdang.com/23455119.html,连接世界少年时（问你问我/探索自我/红松鼠）2013年第一季度合订本（生命 科学 人文 英语）,高洪波,2014-04-01,陈蔚,119条评论
398.,http://product.dangdang.com/22867696.html,幼儿智力世界2012年第二季度(共6册),   ,2012-08-01,新蕾出版社,537条评论
399.,http://product.dangdang.com/23298055.html,小学生作文（中高年级版）2013年下半年7-12月期刊,,2013-10-01,学友园,255条评论

401.,http://product.dangdang.com/23388015.html,探索财富（2013第四季度）共3册,青岛出版社,2014-01-01,青岛出版社,156条评论
402.,http://product.dangdang.com/23673494.html,《天天爱学习》六年级 2015年第1季精选（全9册）,青岛出版社,2015-03-01,   ,51条评论
403.,http://product.dangdang.com/23388034.html,作文总动员  低年级版,学友园,2014-01-01,青岛出版社,57条评论
404.,http://product.dangdang.com/22608269.html,《探索自我》2011第3、4季合订本,   ,2011-07-01,   ,944条评论
405.,http://product.dangdang.com/22789743.html,开心学堂四年级（二季度）3册,青岛出版社,2012-04-01,青岛出版社,56条评论
406.,http://product.dangdang.com/23331755.html,2013年三季度《我们爱科学》儿童版合订本全6册,青岛出版社,2013-07-01,中国少年儿童出版社,1238条评论
407.,http://product.dangdang.com/23342882.html,开心学堂二年级（2013第三季度）共8册,石立民,2013-09-01,青岛出版社,63条评论
408.,http://product.dangdang.com/23215241.html,冒险王（第一季度）共2册,   ,2013-03-01,青岛出版社,101条评论
409.,http://product.dangdang.com/23264572.html,开心学堂六年级（2013第二季度）共9册,,2013-06-01,青岛出版社,33条评论
410.,http://product.dangdang.com/23722717.html,我们爱科学 少年版 2015年二季度 (套装全9册),青岛出版社,2015-04-01,中国少年儿童出版社,1513条评论
411.,http://product.dangdang.com/23264571.html,开心学堂五年级（2013第二季度）共9册,寒木钓萌,2013-06-01,青岛出版社,57条评论
412.,http://product.dangdang.com/23215220.html,开心学堂二年级（第一季度）共8册,中国少年儿童出版社,2013-01-01,青岛出版社,97条评论
413.,http://product.dangdang.com/23359742.html,《少年文艺》（少年文艺+少年读者文摘）（2013年5月-8月）,青岛出版社,2013-12-01,少年儿童出版社,517条评论
414.,http://product.dangdang.com/22616944.html,《问你问我》2011第3、4季合订本,青岛出版社,2012-02-27,茹昱琳,38条评论
415.,http://product.dangdang.com/23463701.html,儿童绘本2014年04期,,2014-05-01,周亚丽,15条评论
416.,http://product.dangdang.com/22916589.html,2012年四季度《我们爱科学》儿童版全6册,青岛出版社,2012-10-01,小多,2141条评论
417.,http://product.dangdang.com/23654592.html,少年时・与音乐同行,,2015-03-10,青岛出版社,381条评论
418.,http://product.dangdang.com/23388022.html,聪明语文与数学（2013第四季度）共3册,青岛出版社,2014-01-01,郝天晓,65条评论
419.,http://product.dangdang.com/23264590.html,冒险王（2013第二季度）共3册,毛红强,2013-06-01,张楠,98条评论

421.,http://product.dangdang.com/23452187.html,漫威英雄联盟（2014第一季度）共2册,,2014-12-01,,29条评论
422.,http://product.dangdang.com/23553045.html,百科探秘・玩转地球 2014年下半年期刊套装,,2013-06-01,唐兵,23条评论
423.,http://product.dangdang.com/23184127.html,《小朋友》（童话幽默+动手动脑）（2013年5月-8月）,新蕾出版社,2012-01-01,艾阁萌,77条评论
424.,http://product.dangdang.com/22875693.html,童趣托马斯和朋友 2012年 第一季度（套装1-3集）,唐兵,2013-07-01,小学生作文,82条评论
425.,http://product.dangdang.com/23271588.html,小学生作文（中高年级版）2013年第二季度期刊合订本,少年儿童出版社,2012-10-01,童话王国,386条评论
426.,http://product.dangdang.com/22907071.html,童话王国（原创版）  2012年10―12月第四季度合订本（共三册）,艾阁萌,2013-01-01,,152条评论
427.,http://product.dangdang.com/23905109.html,《娃娃画报》（绘本馆）（第六辑）,   ,2014-05-01,,7条评论
428.,http://product.dangdang.com/23451906.html,聪明数学（2014第一季度）共2册,小学生作文,2011-07-01,李茗茗,48条评论
429.,http://product.dangdang.com/23215212.html,聪明数学（第一季度）共2册,新蕾出版社,2011-08-01,,98条评论
430.,http://product.dangdang.com/23905110.html,《小朋友》（聪明学堂+快乐手工）（2015年下半年）,童话王国,2011-09-20,台湾牛顿出版公司,2条评论
431.,http://product.dangdang.com/23471813.html,小牛顿科学全知道第四辑（16-20册）（套装共5册）,新蕾出版社,2015-03-01,,30条评论
432.,http://product.dangdang.com/23497731.html,开心学堂一年级（2014第二季度）共12册,,2013-06-01,   ,43条评论
433.,http://product.dangdang.com/22478474.html,《东方娃娃― 绘本英语》（2010年上半年套装）（共6册，带光盘）（ 适合4-8岁孩子阅读）,,2012-02-27,浙江少年儿童出版社,1593条评论
434.,http://product.dangdang.com/22627471.html,《幼儿故事大王》2011年三季度合订本（共6册）,,,广西教育出版社,133条评论






441.,http://product.dangdang.com/22522602.html,探索自我《合订本2011年第3.4季》,,2011-10-17,   ,27条评论
442.,http://product.dangdang.com/23471807.html,小牛顿科学全知道第三辑（11-15册）（套装共5册）,   ,2014-05-01,学友园,42条评论
443.,http://product.dangdang.com/23673491.html,《快乐科学》少年版 2015年第1季精选（全3册）,台湾牛顿出版公司,2015-03-01,,101条评论
444.,http://product.dangdang.com/23264567.html,开心学堂一年级（2013第二季度）共9册,学友园,2013-06-01,王冬明,53条评论
445.,http://product.dangdang.com/23215240.html,少年幻想王（第一季度）共2册,   ,2013-05-01,青岛出版社,69条评论
446.,http://product.dangdang.com/23388011.html,聪明数学（2013第四季度）共3册,,2014-01-01,李茗茗,55条评论
447.,http://product.dangdang.com/23215213.html,聪明语文（第一季度）共2册,青岛出版社,2013-01-01,,93条评论
448.,http://product.dangdang.com/23478760.html,妈妈宝宝-孕味（2013年1-6期）,王冬明,2014-01-01,青岛出版社,7条评论
449.,http://product.dangdang.com/23388012.html,聪明语文（2013第四季度）共3册,青岛出版社,2014-12-05,上海世纪出版股份有限公司出版社,58条评论
450.,http://product.dangdang.com/23615723.html,《作文世界》（2014年下半年）,青岛出版社,2013-09-01,青岛出版社,114条评论
451.,http://product.dangdang.com/23342893.html,作文总动员1-3年级（2013第三季度）共6册,青岛出版社,2013-09-01,童话王国,49条评论
452.,http://product.dangdang.com/23298061.html,童话王国（美绘版）2013年第三季度7-9月期刊,李茗茗,2012-12-10,,130条评论
453.,http://product.dangdang.com/22928317.html,开心学堂五年级（第四季度）共9册,青岛出版社,2012-04-01,,26条评论
454.,http://product.dangdang.com/22789741.html,开心学堂六年级（二季度）3册,,2013-07-01,作文通讯,51条评论
455.,http://product.dangdang.com/23278579.html,作文通讯（初中版）2013年上半年1-6月期刊合订本,,2013-11-01,高洪波,571条评论
456.,http://product.dangdang.com/23435526.html,婴儿画报2013年第二季度盒装本,青岛出版社,2013-07-01,百科探秘・海底世界,3564条评论
457.,http://product.dangdang.com/23271585.html,百科探秘 海底世界 2013年第二季度期刊合订本,青岛出版社,2014-05-01,小多,181条评论
458.,http://product.dangdang.com/23461200.html,连接世界少年时（问你问我/探索自我/红松鼠）2011年度精选主题12册装（生命 科学 人文 英语）,上海世纪出版股份有限公司出版社,2012-03-01,王东,258条评论
459.,http://product.dangdang.com/22855230.html,《红领巾》高段（3-6月）,上海世纪出版股份有限公司,2013-09-01,青岛出版社,67条评论

461.,http://product.dangdang.com/23342900.html,冒险王（2013第三季度）共2册,青岛出版社,2013-09-01,青岛出版社,49条评论
462.,http://product.dangdang.com/23298078.html,百科探秘 海底世界 2013年第四季度10-12月期刊,青岛出版社,2013-12-01,新蕾出版社,110条评论
463.,http://product.dangdang.com/23446302.html,2013年《儿童文学》上半年套装（共6册）,,2014-06-01,中国少年儿童出版社,1090条评论
464.,http://product.dangdang.com/23681042.html,小朋友 （童话幽默）（2014年特惠装）,新蕾出版社,2013-07-01,,2条评论
465.,http://product.dangdang.com/23271586.html,童话王国（美绘版）2013年第二季度期刊合订本,儿童文学,2015-03-01,新蕾出版社,38条评论
466.,http://product.dangdang.com/23673495.html,《天天爱学习》三年级 2015年第1季精选（全9册）,中国少年儿童出版社,2013-09-01,   ,115条评论
467.,http://product.dangdang.com/23342896.html,玩具总动员（2013第三季度）共2册,,2012-12-01,青岛出版社,56条评论
468.,http://product.dangdang.com/23181450.html,《少年科学》（动物大揭秘）（2012第四季度）,,2013-02-01,少年儿童出版社,169条评论
469.,http://product.dangdang.com/23235318.html,创意美术与手工2013年第一季度,童话王国,2014-03-01,   ,55条评论
470.,http://product.dangdang.com/23451866.html,探索财富（2014第一季度）共2册,新蕾出版社,2013-06-01,青岛出版社,163条评论
471.,http://product.dangdang.com/23497728.html,探索地理（2014第二季度）共3册,学友园,2012-09-01,,267条评论
472.,http://product.dangdang.com/23264568.html,开心学堂二年级（2013第二季度）共9册,   ,2014-01-01,青岛出版社,63条评论
473.,http://product.dangdang.com/22844345.html,2012年三季度《我们爱科学》少年版合订本全6册,青岛出版社,2014-03-01,中国少年儿童出版社,1884条评论
474.,http://product.dangdang.com/23384897.html,婴儿画报 2013年第四季度 合订本,青岛出版社,2014-06-01,中国少年儿童出版社,2439条评论
475.,http://product.dangdang.com/23451860.html,探索地理（2014第一季度）共2册,,2014-01-01,青岛出版社,268条评论
476.,http://product.dangdang.com/23497733.html,开心学堂三年级（2014第二季度）共12册,少年儿童出版社,2013-09-01,,44条评论
477.,http://product.dangdang.com/23494722.html,《少年读者文摘》（2014年上半年）,我爱笑,2013-07-01,（OEM）上海世纪出版股份有限公司少年儿童出版社,159条评论
478.,http://product.dangdang.com/23388017.html,开心学堂三年级（2013第四季度）共12册,   ,,青岛出版社,50条评论


481.,http://product.dangdang.com/23342895.html,幽默儿童文学（2013第三季度）共2册,青岛出版社,2013-09-01,青岛出版社,50条评论
482.,http://product.dangdang.com/23215224.html,动物奇迹（第一季度）共2册,青岛出版社,2014-04-01,,202条评论
483.,http://product.dangdang.com/23263030.html,幼儿画报课堂2012年套装,,2013-06-01,中国少年儿童出版社,1903条评论
484.,http://product.dangdang.com/23264584.html,作文总动员13年级（2013第二季度）共9册,,2013-09-01,青岛出版社,61条评论
485.,http://product.dangdang.com/23342877.html,聪明数学（2013第三季度）共2册,,2015-03-01,青岛出版社,59条评论
486.,http://product.dangdang.com/23673489.html,读友 （清雅版+炫动版） 2015年第1季精选（全6册）,中国少年儿童出版社,2012-12-10,   ,171条评论
487.,http://product.dangdang.com/22928316.html,开心学堂四年级（第四季度）共9册,,2010-11-01,青岛出版社,27条评论
488.,http://product.dangdang.com/20981346.html,红袋鼠学前游戏2010年第一季度合订本,青岛出版社,2012-01-01,中国少年儿童出版社,674条评论
489.,http://product.dangdang.com/22644338.html,红袋鼠学前游戏2012年第一季度合订本,青岛出版社,2012-04-01,   ,1574条评论
490.,http://product.dangdang.com/22789744.html,开心学堂三年级（二季度）3册,青岛出版社,2012-07-01,青岛出版社,61条评论
491.,http://product.dangdang.com/22775250.html,开心学堂三年级（一季度）,学友园,2012-07-01,青岛出版社,60条评论
492.,http://product.dangdang.com/22775249.html,开心学堂四年级（一季度）,   ,2014-02-01,青岛出版社,64条评论
493.,http://product.dangdang.com/23264577.html,聪明语文与数学（2013第二季度）共3册,,2014-01-01,,19条评论
494.,http://product.dangdang.com/23497741.html,少年电脑世界（2014第二季度）共3册,青岛出版社,2014-05-01,青岛出版社,238条评论
495.,http://product.dangdang.com/23388103.html,冒险王（2013第四季度）共3册,中国儿童画报,2013-07-01,青岛出版社,35条评论
496.,http://product.dangdang.com/23452160.html,环球少年地理（2014第一季度）共2册,中国少年儿童出版社,2015-03-01,青岛出版社,271条评论
497.,http://product.dangdang.com/23451853.html,冒险王（2014第一季度）共2册,郑岩,2014-03-01,,15条评论
498.,http://product.dangdang.com/23271587.html,童话王国（原创版）2013年第二季度期刊合订本,   ,,新蕾出版社,15条评论


