1.,http://product.dangdang.com/23356805.html,汉声数学图画书（全41册+妈妈手册）,明德尔西托默,2013-10-21,贵州人民出版社,61422条评论
2.,http://product.dangdang.com/23219914.html,数学帮帮忙（全25册）多功能数学绘本,达芙妮・斯金纳,2013-04-01,新蕾出版社,180572条评论
3.,http://product.dangdang.com/22914275.html,走进奇妙的数学世界（全3册）,安野光雅,2013-01-01,新星出版社,168327条评论
4.,http://product.dangdang.com/23470966.html,365个艺术创意（全3册）,菲欧娜,2014-05-01,光明日报出版社,52719条评论
5.,http://product.dangdang.com/22883482.html,做内心强大的自己――歪歪兔逆商教育系列图画书（挫折教育绘本全10册）,歪歪兔关键期早教项目组,2012-10-01,海豚出版社,216350条评论
6.,http://product.dangdang.com/23415182.html,不用说，孩子就会听――歪歪兔逆反期教育系列图画书（全8册）,歪歪兔关键期早教项目组,2014-03-01,海豚出版社,167811条评论
7.,http://product.dangdang.com/22475905.html,长大我最棒系列（全15册，享誉欧美的儿童心理读本，打造孩子健全人格！）,谢利・J・梅纳斯,2011-08-01,未来出版社,77017条评论
8.,http://product.dangdang.com/23700790.html,培养孩子强大内心―亲子情商教育系列（全6册）,木头人儿童创想中心,2015-05-01,中国人口出版社,112993条评论
9.,http://product.dangdang.com/23449195.html,成长不烦恼（全20册）,美国心理学会,2014-05-01,化学工业出版社,32097条评论
10.,http://product.dangdang.com/22732944.html,你好！数学套装珍藏版（套装30本）,申惠恩,2012-04-01,湖北少儿出版社,71570条评论
11.,http://product.dangdang.com/22667891.html,做最好的自己――歪歪兔性格教育系列图画书（全10册）,歪歪兔关键期早教项目组,2012-06-01,海豚出版社,160657条评论
12.,http://product.dangdang.com/23536180.html,变形警车珀利―我的第一套交通安全故事（套装共24册）,VISUAL,2014-08-01,人民邮电出版社,16501条评论
13.,http://product.dangdang.com/23174548.html,独一无二的你+勇敢做自己,克兰兹,2013-02-01,北京科学技术出版社,169135条评论
14.,http://product.dangdang.com/23465123.html,天天游戏力(第1、2合辑，全18册）,李岩,2013-06-01,中国人口出版社,19606条评论
15.,http://product.dangdang.com/22930500.html,小快活卡由-幼儿逆反期行为管理贴心故事（全12册）,加拿大舒爱特出版股份有限公司,2013-01-01,人民邮电出版社,46471条评论
16.,http://product.dangdang.com/23468748.html,儿童艺术博物馆：和孩子一起欣赏世界名画,克莱尔,2014-06-01,人民美术出版社,23522条评论
17.,http://product.dangdang.com/23335201.html,做最受欢迎的自己――歪歪兔社会交往系列图画书（全10册）,歪歪兔关键期早教项目组,2013-10-01,海豚出版社,70152条评论
18.,http://product.dangdang.com/23619050.html,做内心强大的自己――歪歪兔逆商教育系列图画书第二辑（挫折教育绘本全10册）,歪歪兔关键期早教项目组,2015-01-01,海豚出版社,38537条评论
19.,http://product.dangdang.com/23460293.html,从小好习惯（全28册）,金兰珠,2014-04-30,湖南少儿出版社,16875条评论
20.,http://product.dangdang.com/20771643.html,幼儿启蒙知识库认知贴纸书（8册）,米希莱,2009-12-01,未来出版社,71786条评论
21.,http://product.dangdang.com/23437495.html,儿童古典音乐绘本（第一、二合辑，共16册）,马科希姆萨,2014-04-01,北京科学技术出版社,10463条评论
22.,http://product.dangdang.com/9261644.html,阶梯数学・4岁 （共5册）,朱慧兰,2006-10-01,北京科学技术出版社,101560条评论
23.,http://product.dangdang.com/23668698.html,好玩的数学绘本（1～3辑） (套装共30册）,金慧善,2015-03-01,化学工业出版社,12818条评论
24.,http://product.dangdang.com/9236611.html,阶梯数学・5岁 （共5册）,朱慧兰,2006-10-01,北京科学技术出版社,92300条评论
25.,http://product.dangdang.com/23732570.html,我的大画本（全3册）,乔斯夫托普森,2015-07-01,陕西人民教育出版社,71696条评论
26.,http://product.dangdang.com/22754085.html,我是数学迷第一辑（套装共16册）,辛迪・诺伊施万德,2012-06-01,外语教学与研究出版社,34487条评论
27.,http://product.dangdang.com/22544181.html,"歪歪兔儿童性关怀系列图画书（全8册,儿童性教育主题绘本）",歪歪兔关键期早教项目组,2012-01-01,海豚出版社,90127条评论
28.,http://product.dangdang.com/23477878.html,看图说话・宝宝好习惯养成系列(套装共5册),李相教,2014-06-01,文心出版社,37016条评论
29.,http://product.dangdang.com/22888268.html,做最好的自己――歪歪兔系列图画书礼品装（全5套48册）,歪歪兔关键期早教项目组,2012-10-01,海豚出版社,12094条评论
30.,http://product.dangdang.com/23342007.html,幼教三国（全36册）,儿童图书出版社,2013-10-01,贵州人民出版社,3995条评论
31.,http://product.dangdang.com/23343600.html,儿童情绪管理与性格培养绘本第八辑：逆商培养（套装全4册，适合3-6岁阅读）,莫里斯,2013-09-24,化学工业出版社,33442条评论
32.,http://product.dangdang.com/23349074.html,我是数学迷（第一、二辑合集，套装共22册）,辛迪・诺伊施万德,2013-09-01,外语教学与研究出版社,10420条评论
33.,http://product.dangdang.com/22889807.html,从小爱音乐（全18册）,李美玉,2012-11-01,湖南少年儿童出版社,15635条评论
34.,http://product.dangdang.com/23836220.html,儿童音乐之旅绘本套装,苏萨纳,2016-01-01,吉林美术出版社,3242条评论
35.,http://product.dangdang.com/9261645.html,阶梯数学・6岁 （共5册）,朱慧兰,2006-10-01,北京科学技术出版社,71298条评论
36.,http://product.dangdang.com/9261643.html,阶梯数学・3岁 （共5册）,朱慧兰,2006-10-01,北京科学技术出版社,60475条评论
37.,http://product.dangdang.com/23759169.html,我能管好自己（全套30本）,亚尼内・阿莫斯,2016-01-01,知识产权出版社,2255条评论
38.,http://product.dangdang.com/23963460.html,DADA全球艺术启蒙系列・第一辑（莫奈，沃霍尔，毕加索，梵高，夏加尔）,克里斯蒂安,2016-08-05,中信出版社,16598条评论
39.,http://product.dangdang.com/23268863.html,米奇妙妙屋数学启蒙故事书(套装全八册）,美国迪士尼公司,2013-06-07,人民邮电出版社,25883条评论
40.,http://product.dangdang.com/23204811.html,玩转数学・3+（学前幼儿数学游戏书1-5阶，全5册）,歪歪兔关键期早教项目组,2013-04-01,海豚出版社,27378条评论
41.,http://product.dangdang.com/24021132.html,团结伙伴一起解决问题（歪歪兔领导力教育系列图画书，全10册）,歪歪兔关键期早教项目组,2016-10-01,海豚出版社,21150条评论
42.,http://product.dangdang.com/23300105.html,歪歪兔玩转数学・4+（学前幼儿数学游戏书1-5阶，全5册）,歪歪兔关键期早教项目组,2013-07-22,   ,20183条评论
43.,http://product.dangdang.com/23779968.html,365个艺术创意启蒙（全3册）,菲欧娜伟特,2015-09-01,光明日报出版社,6584条评论
44.,http://product.dangdang.com/23369375.html,从小爱艺术（全3册）,迪金斯,2013-12-01,,8039条评论
45.,http://product.dangdang.com/23773340.html,0-3岁宝宝睡前故事（套装共4册）,耿湘春,2015-09-01,化学工业出版社,39842条评论
46.,http://product.dangdang.com/23174150.html,东方儿童性教育绘本（全3册）,郑智泳,2013-01-01,北京理工大学出版社,83079条评论
47.,http://product.dangdang.com/23462997.html,花袜子小乌鸦学前训练营（全12册）,多萝西・于娜,2014-05-01,长江少年儿童出版社,7485条评论
48.,http://product.dangdang.com/21066399.html,我会读（全八册）,真果果,2010-01-01,中国人口出版社,28701条评论
49.,http://product.dangdang.com/22760342.html,365个艺术创意,伟特,2012-06-01,光明日报出版社,34469条评论
50.,http://product.dangdang.com/23215378.html,快乐经济学启蒙绘本 （全10册）,柳孝真,2013-04-01,湖南少儿出版社,4208条评论
51.,http://product.dangdang.com/23236451.html,儿童情绪管理与性格培养绘本第2辑：我不再害怕,英格・迈尔,2013-05-01,化学工业出版社,29988条评论
52.,http://product.dangdang.com/23417682.html,我会表达自己 （第一、二合辑，共9册）,李赞圭,2014-03-01,北京科学技术出版社,5531条评论
53.,http://product.dangdang.com/23724705.html,奇迹幼儿数学（4~5岁 全六册）,Naon教育研究所,2015-07-01,九州出版社,9497条评论
54.,http://product.dangdang.com/23674370.html,我要更出色・孩子国优秀成长系列（全29册）,贝利,2015-04-01,北京联合出版公司,3686条评论
55.,http://product.dangdang.com/23168912.html,小马宝莉突破识字关键期认读故事书（套装全三册）,童趣出版有限公司,2013-02-01,人民邮电出版社,18809条评论
56.,http://product.dangdang.com/23354945.html,成长全知道（全30册）,南恩・沃克,2013-11-01,北京联合出版公司,7371条评论
57.,http://product.dangdang.com/20996905.html,弹儿歌学钢琴（附CD）,李妍冰,2010-11-01,湖南文艺出版社,25070条评论
58.,http://product.dangdang.com/23437051.html,我的第一本艺术启蒙书,贝亚特丽斯・丰塔内尔,2014-03-01,广西师范大学出版社,10578条评论
59.,http://product.dangdang.com/23443362.html,鼠小弟爱数学(全9册),美国凯恩出版社,2014-04-01,四川少儿出版社,7647条评论
60.,http://product.dangdang.com/23291040.html,儿童音乐之旅：世界上最美的儿童歌曲绘本,阿尔马格纳,2013-08-01,连环画出版社,13860条评论
61.,http://product.dangdang.com/22889113.html,世界音乐大师系列套装（共10册),恩斯特,2011-11-01,北京科学技术出版社,12707条评论
62.,http://product.dangdang.com/23573846.html,我可以做得更好（一、二合辑，全9册）,茱莉亚・库克,2014-10-01,   ,3432条评论
63.,http://product.dangdang.com/23791280.html,我能更强大・孩子国优秀成长系列(套装共22册）（10.13―10.31领券下单，立减15元，抢完为止）,琼・贝利,2015-10-01,北京联合出版公司,2261条评论
64.,http://product.dangdang.com/23724704.html,奇迹幼儿数学（3~4岁 全六册）,Naon教育研究所,2015-07-01,九州出版社,8355条评论
65.,http://product.dangdang.com/23415183.html,歪歪兔玩转数学・5+（学前幼儿数学游戏书1-5阶，全5册）,歪歪兔关键期早教项目组,2014-02-01,海豚出版社,13553条评论
66.,http://product.dangdang.com/22885724.html,儿童安全365（全4册）,朴恩京,2012-09-01,新星出版社,22124条评论
67.,http://product.dangdang.com/23451450.html,小小艺术家（第一辑 全10册）,韩国ARAM出版公司,2014-05-01,九州出版社,6845条评论
68.,http://product.dangdang.com/23724706.html,奇迹幼儿数学（5~6岁 全六册）,Naon教育研究所,2015-07-01,九州出版社,8514条评论
69.,http://product.dangdang.com/22644337.html,幼儿画报30年袖珍典藏本小小口袋书（共200册）,金波,2012-05-01,中国少年儿童出版社,6930条评论
70.,http://product.dangdang.com/23748341.html,大师名画全知道(套装共6册),白白兔,2015-08-01,化学工业出版社,2576条评论
71.,http://product.dangdang.com/24033821.html,凯叔古诗智能悦读礼盒（凯叔讲故事出品）,凯叔,2016-10-01,中信出版社,539条评论
72.,http://product.dangdang.com/20231618.html,我来画（全10册）,格德蕾娜・德・罗莎梅尔,2008-06-01,新世界出版社,20463条评论
73.,http://product.dangdang.com/23366911.html,真果果语言表达（全八册）,真果果,2013-10-01,中国人口出版社,7147条评论
74.,http://product.dangdang.com/23236457.html,“我要更好！”系列儿童情绪与人格培养绘本（套装共3册）,布莱恩・泽克豪森,2013-05-01,化学工业出版社,18016条评论
75.,http://product.dangdang.com/21049229.html,启发Mathstart《数学启蒙》系列绘本第1阶（共5阶，每阶8册）,墨菲,2011-03-01,万卷出版公司,8468条评论
76.,http://product.dangdang.com/23629809.html,我在幼儿园-情商培养系列（全8册）,木头人儿童创想中心,2015-01-01,中国人口出版社,7888条评论
77.,http://product.dangdang.com/23579635.html,儿童枕边数学书（共2册）,劳拉・欧文德克,2014-11-01,接力出版社,3176条评论
78.,http://product.dangdang.com/22778790.html,第一套艺术启蒙书（1-6册）,吕蒂曼,2012-05-01,电子工业出版社,15038条评论
79.,http://product.dangdang.com/21110220.html,儿童古典音乐绘本（第一辑，共8册）,马科・希姆萨,2011-03-01,   ,10710条评论
80.,http://product.dangdang.com/23198529.html,快乐小数学（全20册）,朴珠慧,2013-01-01,湖南少儿出版社,4701条评论
81.,http://product.dangdang.com/23606889.html,儿童创意美术（全3册）,杨景芝,2014-09-01,中国科学技术出版社,2716条评论
82.,http://product.dangdang.com/23614774.html,艺术大书,埃尔维杜莱,2014-12-01,重庆出版社,4374条评论
83.,http://product.dangdang.com/22918056.html,《我会表达自己》（第1辑，全4册）,安美妍,2013-01-01,北京科学技术出版社,36906条评论
84.,http://product.dangdang.com/21012333.html,跟着安柏利大师学画画（全8册）,艾德安柏利,2011-01-01,少年儿童出版社,21129条评论
85.,http://product.dangdang.com/9062952.html,365夜故事（注音版）――世界儿童共享的经典丛书,嘉妍,2006-01-01,上海人民美术出版社,26258条评论
86.,http://product.dangdang.com/23504333.html,宝宝涂色画（8册常规版套装）,余非鱼,2014-04-01,四川科技出版社,28676条评论
87.,http://product.dangdang.com/23270808.html,天天游戏力(第1辑，全8册）,李岩,2013-06-01,中国人口出版社,13646条评论
88.,http://product.dangdang.com/23493983.html,何秋光思维训练  儿童数学思维训练游戏 5-7岁（全三册）1,何秋光,2014-07-01,接力出版社,11730条评论
89.,http://product.dangdang.com/24047106.html,我会表达自己（旅行版全9册）,李赞圭,2016-12-01,北京科学技术出版社,8537条评论
90.,http://product.dangdang.com/23556551.html,可爱的咕噜汪（全6册）,间所寿子,2014-10-01,中信出版社,1677条评论
91.,http://product.dangdang.com/23888550.html,巴斯蒂安钢琴教程(1)(共4册)(附DVD一张)（原版引进）,詹姆斯・巴斯蒂安,2015-11-01,上海音乐出版社,5269条评论
92.,http://product.dangdang.com/23801242.html,青少年一定要读的国学经典（套装共10册）,童心,2015-10-01,化学工业出版社,659条评论
93.,http://product.dangdang.com/23464028.html,儿童国学启蒙经典（全5册）,文心,2014-06-01,华夏出版社,3450条评论
94.,http://product.dangdang.com/23564649.html,小小音乐家（1-8册）,安娜・欧毕奥,2014-09-01,电子工业出版社,5266条评论
95.,http://product.dangdang.com/23979415.html,儿童安全365:防止性侵和诱拐(套装4册),朴恩景,2016-06-01,新星出版社,34922条评论
96.,http://product.dangdang.com/23529008.html,爱德少儿：入学准备幼小衔接测试卷套装（全6册）,童丹,2014-05-01,,8764条评论
97.,http://product.dangdang.com/24041656.html,给孩子的古诗词（讲诵版）,叶嘉莹,2016-10-05,中信出版社,27930条评论
98.,http://product.dangdang.com/23786678.html,影响孩子一生的国学启蒙经典套装全12册（国学经典全新优享读本，中国儿童成长必读！）,文心,2015-09-01,天地出版社,4773条评论
99.,http://product.dangdang.com/23973649.html,经济好好玩套装,朴元培,2016-05-01,东方出版社,1590条评论
100.,http://product.dangdang.com/22867889.html,我的第一套亲子安全绘本,崔胜弼,2012-09-01,九州出版社,7509条评论
101.,http://product.dangdang.com/23928184.html,孩子们的哈农（修订版）,榕树,2011-12-01,上海音乐出版社,39444条评论
102.,http://product.dangdang.com/20195298.html,数学小子丛书（全五册）,玛瑞琳・伯恩斯,2008-04-01,,14638条评论
103.,http://product.dangdang.com/23697225.html,宝宝趣味涂色（套装共6册）,智趣文化,2015-05-01,文心出版社,4366条评论
104.,http://product.dangdang.com/23352652.html,艺术启蒙故事绘本（1-7册）,劳伦斯安荷特,2013-11-01,电子工业出版社,3934条评论
105.,http://product.dangdang.com/23972678.html,一看就懂：数学・美术・科学（套装共6册）,高田惠以,2016-04-01,北京联合出版公司,3331条评论
106.,http://product.dangdang.com/23522430.html,杜登经典学前启蒙书（全六册）,加比希尔格特,2014-08-01,   ,2907条评论
107.,http://product.dangdang.com/23389538.html,孩子们的拜厄.修订版（上、下）,陈福梅,2012-06-01,上海音乐出版社,5652条评论
108.,http://product.dangdang.com/23916930.html,巴斯蒂安钢琴教程演奏（1）（共4册）（原版引进）,詹姆斯・巴斯蒂安,2016-03-01,上海音乐出版社,6348条评论
109.,http://product.dangdang.com/23214445.html,365个艺术创意（共2册）,菲欧娜伟特,2012-06-01,光明日报出版社,12536条评论
110.,http://product.dangdang.com/21056064.html,启发Mathstart《数学启蒙》系列绘本第2阶（共5阶，每阶8册）,斯图尔特,2011-03-01,万卷出版公司,9202条评论
111.,http://product.dangdang.com/23906451.html,巴斯蒂安钢琴教程（二） 套装共5册（附光盘）,詹姆斯・巴斯蒂安,2009-11-01,上海音乐出版社,2220条评论
112.,http://product.dangdang.com/7437963.html,中国当代儿童绘画解析与教程,杨景芝,1996-10-01,科学普及出版社,5173条评论
113.,http://product.dangdang.com/22538586.html,我的第一本古典音乐启蒙书,吉纳维芙・赫斯比,2012-01-01,北京科学技术出版社,19478条评论
114.,http://product.dangdang.com/23236453.html,儿童情绪管理与性格培养绘本(第4辑):成长进行时,戴安・布罗伯格,2013-05-01,化学工业出版社,13945条评论
115.,http://product.dangdang.com/23177312.html,豆豆熊行为认知书系,权慧娟,2012-10-01,未来出版社,4456条评论
116.,http://product.dangdang.com/23231366.html,我是数学迷第二辑（套装共６册）,辛迪诺伊施万德,2013-04-01,外语教学与研究出版社,9749条评论
117.,http://product.dangdang.com/23906452.html,巴斯蒂安钢琴教程3（原版引进）（套装共5册）,詹姆斯・巴斯蒂安,2009-11-01,上海音乐出版社,5121条评论
118.,http://product.dangdang.com/23921875.html,巴斯蒂安钢琴教程(2)(共5册)（原版引进）,詹姆斯・巴斯蒂安,2009-11-01,上海音乐出版社,10610条评论
119.,http://product.dangdang.com/22499204.html,《汉字里的故事》全八册（3―6岁亲子阅读）,金波,2011-07-01,广东教育出版社,4313条评论
120.,http://product.dangdang.com/23392685.html,0-3岁宝宝睡前启蒙故事――IQ卷――智慧童话,稚子文化,2014-01-01,化学工业出版社,10405条评论
121.,http://product.dangdang.com/23727266.html,小小艺术家Ⅱ（全10册）,ARAM出版公司,2015-06-01,九州出版社,1772条评论
122.,http://product.dangdang.com/23950097.html,邦臣小红花・我的第一本数学启蒙贴纸游戏书(2～3岁 套装全6册）,九州出版社,2015-06-01,青岛出版社,41077条评论
123.,http://product.dangdang.com/23493985.html,何秋光思维训练  儿童数学思维训练游戏 5-7岁（全三册）3,北京小红花图书工作室,2014-07-01,接力出版社,8475条评论
124.,http://product.dangdang.com/23493984.html,何秋光思维训练  儿童数学思维训练游戏 5-7岁（全三册）2,青岛出版社,2014-07-01,接力出版社,8745条评论
125.,http://product.dangdang.com/23413521.html,我会表达自己（第2辑，全5册）,何秋光,2014-03-01,北京科学技术出版社,6462条评论
126.,http://product.dangdang.com/23477635.html,幼升小学前数学思维训练32讲,接力出版社,2014-06-01,人民邮电出版社,13726条评论
127.,http://product.dangdang.com/23184026.html,迪士尼学而乐・数学 基础级,何秋光,2013-01-30,江苏少年儿童出版社,8267条评论
128.,http://product.dangdang.com/24001561.html,成长不烦恼（第二辑）（全20册）,接力出版社,2016-07-01,化学工业出版社,2335条评论
129.,http://product.dangdang.com/23465121.html,天天游戏力(第2辑，全10册）,,2014-06-01,中国人口出版社,2044条评论
130.,http://product.dangdang.com/23394847.html,365个艺术创意Ⅲ,北京科学技术出版社,2014-02-01,光明日报出版社,6259条评论
131.,http://product.dangdang.com/22780769.html,宝宝要上幼儿园系列,摩比思维馆,2012-06-01,长江文艺出版社,10249条评论
132.,http://product.dangdang.com/23734140.html,公文式教育：动脑又好玩的数字书系列（全4册）（3-5岁）,人民邮电出版社,2015-08-01,中国民族摄影艺术出版社,13901条评论
133.,http://product.dangdang.com/22783407.html,彼得兔和他的朋友们（全8册）,美国迪士尼公司,2011-05-01,安徽少年儿童出版社,5101条评论
134.,http://product.dangdang.com/23611004.html,儿童音乐之旅：世界上最美的猴面包树儿童歌曲绘本,江苏少年儿童出版社,2015-01-01,吉林美术出版社,2953条评论
135.,http://product.dangdang.com/23523141.html,小马宝莉语言能力关键期提高读本注音版（套装共5册）,美国心理学会,2014-08-01,人民邮电出版社,4023条评论
136.,http://product.dangdang.com/23184027.html,迪士尼学而乐・数学 提高级 男孩版,化学工业出版社,2013-01-30,江苏少年儿童出版社,5163条评论
137.,http://product.dangdang.com/22789844.html,365个艺术创意Ⅱ,李岩,2014-11-01,光明日报出版社,14075条评论
138.,http://product.dangdang.com/23477375.html,学会保护自己（全3册，儿童安全教育“教科书”！防备性侵犯，学会保护自己！）,中国人口出版社,2014-05-01,青岛出版社,11815条评论
139.,http://product.dangdang.com/23603169.html,你好，幼儿园,菲欧娜・伟特,2014-11-01,辽宁科学技术出版社,7941条评论
140.,http://product.dangdang.com/23257484.html,超大绘画本（全三册）,光明日报出版社,2013-06-01,海燕出版社,4363条评论
141.,http://product.dangdang.com/23769684.html,幼儿启蒙认知小百科,塞西尔朱格拉,2015-09-01,长江少年儿童出版社,5844条评论
142.,http://product.dangdang.com/23916077.html,当世界名剧遇见世界名画（全10册）,长江少年儿童出版社,2016-04-01,长江少年儿童出版社,3498条评论
143.,http://product.dangdang.com/23949048.html,孩子们的拜厄（上、下）修订版,弗里德里希・席勒,2016-04-01,上海音乐出版社,11329条评论
144.,http://product.dangdang.com/23255190.html,弹儿歌学钢琴,长江少年儿童出版社,2013-04-01,湖南文艺出版社,7508条评论
145.,http://product.dangdang.com/22502282.html,启发Mathstart《数学启蒙》系列绘本第3阶（共5阶，每阶8册）,陈福美,2011-08-01,万卷出版公司,5551条评论
146.,http://product.dangdang.com/22880736.html,幼儿画报精品故事书・白金版（共4册）,上海音乐出版社,2012-09-01,中国少年儿童出版社,4703条评论
147.,http://product.dangdang.com/22926474.html,我可以做得更好（全4册）,李妍冰,2012-12-01,连环画出版社,28561条评论
148.,http://product.dangdang.com/24015091.html,幼学启蒙・中国古代神话（中英对照全四册精装版）,湖南文艺出版社,2016-09-01,新世界出版社,3134条评论
149.,http://product.dangdang.com/22926475.html,我们爱生活（全6册）,墨菲,2012-12-01,连环画出版社,13085条评论
150.,http://product.dangdang.com/23236450.html,儿童情绪管理与性格培养绘本第1辑：关怀成长中的心灵,万卷出版公司,2013-05-01,化学工业出版社,7511条评论
151.,http://product.dangdang.com/23279639.html,真果果数学启蒙5-6岁（全四册）,金波,2013-06-01,中国人口出版社,7441条评论
152.,http://product.dangdang.com/24023292.html,女儿四岁了，我们开始聊哲学（全彩共四册）,中国少年儿童出版社,2016-10-01,电子工业出版社,1199条评论
153.,http://product.dangdang.com/23301957.html,大师带你艺术创想--世界经典名画,茱莉亚・库克,2013-07-01,中国少年儿童出版社,3835条评论
154.,http://product.dangdang.com/22604087.html,少儿播音主持与口才训练-初级篇（6－9岁）,连环画出版社,2012-01-01,中国传媒大学出版社,5607条评论
155.,http://product.dangdang.com/22612596.html,快乐学画画（6本组套装）,赵镇琬,2007-05-01,海燕出版社,23130条评论
156.,http://product.dangdang.com/23040105.html,幼儿安全常识（全五册）,新世界出版社,2013-01-01,中国人口出版社,6630条评论
157.,http://product.dangdang.com/23279640.html,真果果数学启蒙4-5岁（全四册）,布朗先生,2013-06-01,中国人口出版社,7933条评论
158.,http://product.dangdang.com/23464681.html,孩子们的哈农（修订版）,连环画出版社,2011-12-01,上海音乐出版社,8506条评论
159.,http://product.dangdang.com/20432691.html,儿童简笔画大全,简・阿农吉亚塔,2009-02-01,吉林美术出版社,35707条评论
160.,http://product.dangdang.com/23600661.html,幼儿文学百年经典 美绘版 套装（全13册）,化学工业出版社,2014-09-01,中国少年儿童出版社,865条评论
161.,http://product.dangdang.com/23961392.html,大自然中的数学,莉安・弗拉特,2016-05-24,中信出版社,1333条评论
162.,http://product.dangdang.com/23903628.html,蔡志忠国学启蒙系列：诸子百家 上辑（套装共4册）,蔡志忠,2016-01-01,海豚出版社,2124条评论
163.,http://product.dangdang.com/22867848.html,新版名牌小学入学全方案--学前拼音,王芳,2012-09-01,江西高校出版社,14405条评论
164.,http://product.dangdang.com/23279641.html,真果果数学启蒙3-4岁（全四册）,真果果,2013-06-01,中国人口出版社,11608条评论
165.,http://product.dangdang.com/23755495.html,米奇妙妙屋认知启蒙妙想故事（10册）,迪士尼,2015-08-01,人民邮电出版社,408条评论
166.,http://product.dangdang.com/23690664.html,我的音乐启蒙第一课（全8册）,利绍尔魏因,2015-04-01,北京联合出版公司,765条评论
167.,http://product.dangdang.com/23702742.html,孩子们的哈农附DVD一张  修订版,榕树,2011-12-01,上海音乐出版社,2194条评论
168.,http://product.dangdang.com/23950098.html,邦臣小红花・我的第一本数学启蒙贴纸游戏书(3～4岁 套装全6册）,北京小红花图书工作室,2015-06-01,青岛出版社,17551条评论
169.,http://product.dangdang.com/23852426.html,漫画小小钢琴演奏家―套装版,彼得・克拉吉奥,2015-12-01,上海音乐出版社,1328条评论
170.,http://product.dangdang.com/23346266.html,儿童情绪管理与性格培养绘本（3~6岁合辑）,厄本诺维克,2013-10-01,化学工业出版社,209条评论
171.,http://product.dangdang.com/23695941.html,儿童绘画入门-创意无极限,菲奥娜瓦特,2014-08-01,二十一世纪出版社,2196条评论
172.,http://product.dangdang.com/23502009.html,快乐儿歌钢琴曲集（合订本）（新）,许乐飞,2012-06-01,湖南文艺出版社,4190条评论
173.,http://product.dangdang.com/23479148.html,真果果学前儿童学习能力培养系列丛书・5-6岁（全六册）,真果果,2014-06-01,中国人口出版社,4263条评论
174.,http://product.dangdang.com/23168927.html,小快活卡由幼儿探索期亲子互动智慧故事（全8册）,童趣出版有限公司,2013-01-01,人民邮电出版社,2041条评论
175.,http://product.dangdang.com/23734132.html,公文式教育：最好玩的数字书（1-30认数字）（3-4岁）,日本公文出版,2015-08-01,中国民族摄影艺术出版社,8063条评论
176.,http://product.dangdang.com/24015851.html,中信给孩子的系列（给孩子的古诗词+给孩子的汉字王国，共2册）,林西莉,2016-08-31,中信出版社,1250条评论
177.,http://product.dangdang.com/23438904.html,名牌小学入学必备(套装6册),马亚利,2014-03-01,化学工业出版社,1500条评论
178.,http://product.dangdang.com/23621685.html,好玩的数学绘本（第3辑）（套装共10册）,张智润,2015-03-01,化学工业出版社,1444条评论
179.,http://product.dangdang.com/23913388.html,孩子们的哈农（修订版附视频资源）,榕树,2015-12-01,上海音乐出版社,7855条评论
180.,http://product.dangdang.com/23402307.html,儿童钢琴初步教程 (1),盛建颐,1984-10-01,上海音乐出版社,4586条评论
181.,http://product.dangdang.com/23624884.html,舒克贝塔成长季（全8册）,郑渊洁,2015-01-01,天津人民出版社,1648条评论
182.,http://product.dangdang.com/22604088.html,少儿播音主持与口才训练-基础篇（4－6岁）,肖弦弈,2012-01-01,中国传媒大学出版社,4746条评论
183.,http://product.dangdang.com/24024330.html,给2~6岁孩子的职业梦想启蒙书,赫尔德・范德尔梅尔,2016-06-01,文化发展出版社,996条评论
184.,http://product.dangdang.com/24027226.html,千秋好诗词：3～6岁诵读版,汤云柯,2016-08-01,海豚出版社,19413条评论
185.,http://product.dangdang.com/23950100.html,邦臣小红花・我的第一本数学启蒙贴纸游戏书(5～6岁 套装全6册）,北京小红花图书工作室,2015-06-01,青岛出版社,9530条评论
186.,http://product.dangdang.com/24039892.html,儿童四季歌（套装4册）,高海,2016-09-01,安徽少年儿童出版社,4713条评论
187.,http://product.dangdang.com/23479146.html,真果果学前儿童学习能力培养系列丛书・3-4岁（专注力训练+记忆力训练+观察力训练）（全六册）,真果果,2014-06-01,中国人口出版社,3164条评论
188.,http://product.dangdang.com/23806324.html,一起数数123,五味太郎,2015-11-01,北京联合出版公司,2252条评论
189.,http://product.dangdang.com/22726344.html,时间小管家训练宝典（①②册）,哇春芳,2012-05-01,万卷出版公司,16850条评论
190.,http://product.dangdang.com/22604086.html,少儿播音主持与口才训练-中级篇（9－12岁）,肖弦弈,2012-01-01,中国传媒大学出版社,3826条评论
191.,http://product.dangdang.com/23479147.html,真果果学前儿童学习能力培养系列丛书・4-5岁（专注力训练+记忆力训练+观察力训练）（全六册）,真果果,2014-06-01,中国人口出版社,2746条评论
192.,http://product.dangdang.com/23916931.html,巴斯蒂安钢琴教程(3)(共5册)(附DVD一张)（原版引进）,詹姆斯・巴斯蒂安,2015-12-01,上海音乐出版社,1221条评论
193.,http://product.dangdang.com/23734133.html,公文式教育：最好玩的数字书（1-70数字游戏）（3-4岁）,日本公文出版,2015-08-01,中国民族摄影艺术出版社,6596条评论
194.,http://product.dangdang.com/23950099.html,邦臣小红花・我的第一本数学启蒙贴纸游戏书(4～5岁 套装全6册）,北京小红花图书工作室,2015-06-01,青岛出版社,13902条评论
195.,http://product.dangdang.com/23578473.html,我爱表达（全20册）,海豚传媒,2014-11-01,长江少年儿童出版社,3609条评论
196.,http://product.dangdang.com/23803262.html,365个艺术创意第二辑Ⅰ：有趣的低幼儿童艺术宝典,菲欧娜伟特,2015-11-01,光明日报出版社,1935条评论
197.,http://product.dangdang.com/23960686.html,了解我自己系列低幼版（精装全两册）,麦克・戈德史密斯,2016-06-01,山东科学技术出版社,1098条评论
198.,http://product.dangdang.com/22819561.html,宝宝生活基本功（全12册精美套装）,莱尔卢埃林,2014-10-01,黄山书社,2713条评论
199.,http://product.dangdang.com/23607901.html,真果果数学启蒙书（全12册套装）3-6岁幼儿阶梯数学思维训练系列学习游戏书,真果果,2013-06-01,中国人口出版社,1916条评论
200.,http://product.dangdang.com/23229612.html,跟我学拼音（升级版）,九通早教研究中心,2013-03-01,长江文艺出版社,6920条评论
201.,http://product.dangdang.com/23298867.html,学前必备系列（套装全4册）,孙悦,2010-07-01,江西高校出版社,3593条评论
202.,http://product.dangdang.com/23916089.html,妞妞的鹿角,江西高校出版社,2016-02-01,河北少年儿童出版社,1463条评论
203.,http://product.dangdang.com/23279642.html,真果果数学启蒙2-3岁（全四册）（学龄前儿童的数学启蒙教育，分为四阶，内容循序渐进，逐阶加深）,大卫,2013-06-01,中国人口出版社,5309条评论
204.,http://product.dangdang.com/23176943.html,幼儿行为的观察与记录（第五版）（万千教育）,河北少年儿童出版社,2013-03-01,中国轻工业出版社,4886条评论
205.,http://product.dangdang.com/23952912.html,儿童钢琴初步教程1,真果果,2016-02-01,上海音乐出版社,7673条评论
206.,http://product.dangdang.com/23828333.html,旋转的齿轮书（全套共八册）,中国人口出版社,2015-11-01,河北少年儿童出版社,203条评论
207.,http://product.dangdang.com/22897955.html,信谊世界精选图画书・画了一匹蓝马的画家,科恩,2012-09-01,明天出版社,6560条评论
208.,http://product.dangdang.com/23734131.html,公文式教育：最动脑的数字书（1-150数字游戏）（4-5岁）,中国轻工业出版社,2015-08-01,中国民族摄影艺术出版社,6791条评论
209.,http://product.dangdang.com/23602855.html,舒克贝塔折腾数学世界,盛建颐,2014-11-01,天津人民出版社,792条评论
210.,http://product.dangdang.com/23471487.html,与大师一起艺术创想・线条创意篇,上海音乐出版社,2014-05-01,天天出版社有限责任公司,2588条评论
211.,http://product.dangdang.com/23408417.html,幼儿彩绘曼陀罗（精装礼盒）,卡门吉尔,2014-03-01,河北少年儿童出版社,4910条评论
212.,http://product.dangdang.com/23577154.html,学前必备:强化练习描红本(数学1+数学2+汉字1+汉字2+拼音1+拼音2)(套装共6册),河北少年儿童出版社,2013-04-01,漓江出版社,3584条评论
213.,http://product.dangdang.com/23236455.html,儿童情绪管理与性格培养绘本第6辑:情绪变变变（套装共2册）,卡尔,2013-04-27,化学工业出版社,4064条评论
214.,http://product.dangdang.com/23904259.html,挫折教育系列――关注儿童性格形成关键期（全6册）,明天出版社,2016-01-25,中国人口出版社,843条评论
215.,http://product.dangdang.com/23807884.html,真果果语言启蒙问答版认知小百科 有问有答（全五册）   ,日本公文出版,2015-11-01,中国人口出版社,1251条评论
216.,http://product.dangdang.com/22634824.html,启发Mathstart《数学启蒙》系列绘本第5阶（共5阶，每阶8册）,中国民族摄影艺术出版社,2012-02-01,万卷出版公司,3142条评论
217.,http://product.dangdang.com/23916085.html,永远爱你,郑渊洁,2016-02-01,河北少年儿童出版社,1483条评论
218.,http://product.dangdang.com/23182544.html,幼学启蒙（3本套装）,天津人民出版社,2013-01-29,少年儿童出版社,1451条评论
219.,http://product.dangdang.com/22848178.html,时间小管家训练宝典（③④册）,黛博拉・泽姆克,2012-08-01,万卷出版公司,10510条评论
220.,http://product.dangdang.com/22844684.html,看图说话 我是小小故事家（全8册）,天天出版社有限责任公司,2012-07-01,河北少年儿童出版社,3676条评论
221.,http://product.dangdang.com/23184028.html,迪士尼学而乐・数学 提高级 女孩版,美国迪士尼公司,2013-01-30,江苏少年儿童出版社,3213条评论
222.,http://product.dangdang.com/23734130.html,公文式教育：最动脑的数字书（1-120认数字）（4-5岁）,日本公文出版,2015-08-01,中国民族摄影艺术出版社,4974条评论
223.,http://product.dangdang.com/23683093.html,学前必备天天练（套装全8册）,博尔,2015-02-01,重庆出版社,1027条评论
224.,http://product.dangdang.com/23493982.html,何秋光思维训练  儿童数学思维训练游戏 4-5岁（全二册）2,何秋光,2014-07-01,接力出版社,3558条评论
225.,http://product.dangdang.com/22634823.html,启发Mathstart《数学启蒙》系列绘本第4阶（共5阶，每阶8册）,斯图尔特,2011-10-01,万卷出版公司,3433条评论
226.,http://product.dangdang.com/23330429.html,真果果幼儿美术课堂系列 幼儿绘画（全６册）,真果果,2013-08-01,中国人口出版社,2915条评论
227.,http://product.dangdang.com/23228504.html,公文式教育―最简单的连线书（2、3岁）,日本公文出版,2013-05-01,连环画出版社,6954条评论
228.,http://product.dangdang.com/23535953.html,哈！不要搞错！,埃尔维杜莱,2014-07-01,重庆出版社,3027条评论
229.,http://product.dangdang.com/24011968.html,有故事的汉字 第1辑+第2辑（全6册）,邱昭瑜,2016-07-25,青岛出版社,2631条评论
230.,http://product.dangdang.com/23647881.html,巴斯蒂安钢琴教程（2）（共5册）（原版引进）,詹姆斯・巴斯蒂安,2009-11-01,上海音乐出版社,1510条评论
231.,http://product.dangdang.com/23535954.html,哈！永远永远不要搞错！,埃尔维杜莱,2014-07-01,重庆出版社,3131条评论
232.,http://product.dangdang.com/23990887.html,孩子们的拜厄（修订版 有声版 套装上下册 附光盘）,陈福美,2016-02-01,上海音乐出版社,15106条评论
233.,http://product.dangdang.com/23746182.html,我的第一套亲子安全绘本Ⅱ,李金姬,2015-08-01,九州出版社,1661条评论
234.,http://product.dangdang.com/23739301.html,汉字神童 3天快学300字普通盒装 幼儿启蒙早教拼音汉字识字认知卡片,纸贵满堂编委会,2015-06-01,,1751条评论
235.,http://product.dangdang.com/23549768.html,迪士尼拼音认读1-12（套装共12册）,迪士尼,2014-08-01,人民邮电出版社,289条评论
236.,http://product.dangdang.com/23833011.html,幼儿数学入门（全6册）,邹兆芳,2015-12-01,华东师范大学出版社,238条评论
237.,http://product.dangdang.com/23366958.html,我会想办法（全6册）,伊丽莎白,2013-11-01,连环画出版社,1564条评论
238.,http://product.dangdang.com/24015850.html,中信给孩子的系列（给孩子的动物寓言+给孩子的汉字王国，共2册）,林西莉,2016-08-31,中信出版社,1560条评论
239.,http://product.dangdang.com/23960683.html,我的情绪我控制――了解我自己,戴尔芬・果达尔,2014-06-01,山东科学技术出版社,3047条评论
240.,http://product.dangdang.com/23214396.html,国学经典阅读系列（全五册）,真果果,2013-04-01,中国人口出版社,3751条评论
241.,http://product.dangdang.com/23690576.html,写给孩子的艺术入门（全8册）,布律诺吉内,2015-04-01,新星出版社,1355条评论
242.,http://product.dangdang.com/23663264.html,幼儿园数学启蒙500题.中班上,歆音,2015-02-01,化学工业出版社,6681条评论
243.,http://product.dangdang.com/22591256.html,剑桥艺术学院童书插画完全教程,萨利斯伯瑞,2011-11-01,接力出版社,1350条评论
244.,http://product.dangdang.com/23578583.html,幼儿园入学心理准备绘本（《我爱幼儿园》+《幼儿园的一天》）,萨米尔・瑟努斯,2014-08-01,北京科学技术出版社,1707条评论
245.,http://product.dangdang.com/23661817.html,幼儿园数学启蒙300题.小班.上,歆音,2015-02-01,化学工业出版社,6076条评论
246.,http://product.dangdang.com/23803290.html,365个艺术创意第二辑Ⅲ:有趣的绘画创意宝典,菲欧娜伟特,2015-11-01,光明日报出版社,1648条评论
247.,http://product.dangdang.com/23493987.html,何秋光思维训练  儿童数学思维训练游戏 3-4岁,何秋光,2014-07-01,接力出版社,2224条评论
248.,http://product.dangdang.com/23593872.html,超级美术老师的100堂课(3-6岁全8册）,李力加,2014-08-31,山东美术出版社,629条评论
249.,http://product.dangdang.com/20789699.html,露露的成长故事（全套12册）,劳伦斯・吉罗,2010-03-01,未来出版社,3576条评论
250.,http://product.dangdang.com/23661016.html,幼儿园数学启蒙500题.中班.下,歆音,2015-02-01,化学工业出版社,5736条评论
251.,http://product.dangdang.com/23606887.html,幼儿创意美术: 3至6岁（少儿初级阶段）,秦明智,2014-09-01,中国科学技术出版社,2008条评论
252.,http://product.dangdang.com/23757160.html,儿童艺术启蒙亲子读本--大师名画全知道.梵・高,白白兔,2015-08-01,化学工业出版社,1573条评论
253.,http://product.dangdang.com/23906531.html,汉字！汉字！汉字原来如此（套装共5册）,小豆丫,2016-01-01,华夏出版社,669条评论
254.,http://product.dangdang.com/23760983.html,妈妈是最好的美术老师+妈妈是最好的艺术创意老师+我的第一本亲子绘画书(全3册超值畅销套装 全彩图文版),金洪大,2014-09-01,吉林摄影出版社,1161条评论
255.,http://product.dangdang.com/20709853.html,幼儿启蒙知识库（12册）(全12册),鲍蒙,2010-03-01,未来出版社,5314条评论
256.,http://product.dangdang.com/23734134.html,公文式教育：最好玩的绘画书（3-4岁）,日本公文出版,2015-08-01,中国民族摄影艺术出版社,3239条评论
257.,http://product.dangdang.com/23703622.html,笠翁对韵 大学中庸 百家姓 千字文 唐诗 弟子规 三字经 彩图注音版国学启蒙经典 全10册,李渔,2013-09-01,吉林出版集团有限责任公司,369条评论
258.,http://product.dangdang.com/23723674.html,艺术眼套装（共6本）,弗朗索瓦芭布,2015-07-15,中信出版社,489条评论
259.,http://product.dangdang.com/23953292.html,巴斯蒂安钢琴教程（4）（共5册）（原版引进）,詹姆斯・巴斯蒂安,2016-02-01,上海音乐出版社,1999条评论
260.,http://product.dangdang.com/23946783.html,涂鸦大厨,埃尔维・杜莱,2016-04-01,重庆出版社,2193条评论
261.,http://product.dangdang.com/23606888.html,儿童创意美术: 6至10岁（少儿中级阶段）,张静,2014-09-01,中国科学技术出版社,1809条评论
262.,http://product.dangdang.com/23972658.html,幼儿国学启蒙经典 彩绘全注音 套装共8册,姜小妹,2016-08-01,北方妇女儿童出版社,3660条评论
263.,http://product.dangdang.com/23661015.html,幼儿园数学启蒙500题.大班.上,歆音,2015-02-01,化学工业出版社,5491条评论
264.,http://product.dangdang.com/23803291.html,365个艺术创意第二辑Ⅱ・有趣的农场故事手工宝典,安娜・墨尔本,2015-11-01,光明日报出版社,1772条评论
265.,http://product.dangdang.com/23581044.html,穿越时空的艺术旅行（共6册）,埃米莉・伯恩,2014-10-01,天天出版社有限责任公司,1310条评论
266.,http://product.dangdang.com/23975501.html,疯狂动物城：奇思妙想趣味认知盒,苏珊娜・弗朗西斯,2016-06-13,中信出版社,346条评论
267.,http://product.dangdang.com/23926349.html,永远的儿歌：米米 听民乐 (全二册)-和英童书,周逸芬,2016-01-01,河北少年儿童出版社,327条评论
268.,http://product.dangdang.com/23236452.html,儿童情绪管理与性格培养绘本(第3辑):生病了怎么办,霍华德,2013-05-01,化学工业出版社,1925条评论
269.,http://product.dangdang.com/22841132.html,美国经典音乐启蒙书,列文,2012-08-01,北京科学技术出版社,3872条评论
270.,http://product.dangdang.com/23776836.html,儿童礼仪图画故事（全四册）,纪亚飞,2015-10-01,中国纺织出版社,1945条评论
271.,http://product.dangdang.com/23402945.html,儿童折纸大全（第2版）,艺宝文化,2014-03-01,中国纺织出版社,2855条评论
272.,http://product.dangdang.com/23493981.html,何秋光思维训练  儿童数学思维训练游戏 4-5岁（全二册）1,何秋光,2014-07-01,接力出版社,3561条评论
273.,http://product.dangdang.com/23502297.html,李秀英阶梯数学 5-6岁（6册套装）,李秀英,2014-06-01,河北少年儿童出版社,808条评论
274.,http://product.dangdang.com/23825494.html,我的第一套乐器绘本（套装）,海克・普兰格,2015-11-01,北京科学技术出版社,204条评论
275.,http://product.dangdang.com/23526413.html,幼小衔接：数学、语言、思维能力训练一本通,李伟,2014-09-01,中国铁道出版社,771条评论
276.,http://product.dangdang.com/23485261.html,迪士尼宝宝时钟礼品书（全三册）,美国迪士尼,2014-04-01,湖北少儿出版社,497条评论
277.,http://product.dangdang.com/23439719.html,我的第一本艺术鉴赏书,罗西・迪金斯,2014-04-01,光明日报出版社,3168条评论
278.,http://product.dangdang.com/23477715.html,3-6岁涂色书（全8册）填色画画书美术幼儿童书， 发挥想象涂色，手脑协调发展,北京小红花图书工作室,2014-03-01,中国人口出版社,16883条评论
279.,http://product.dangdang.com/23888551.html,巴斯蒂安钢琴教程（5）（共5册）（原版引进）,詹姆斯・巴斯蒂安,2015-11-01,上海音乐出版社,1010条评论
280.,http://product.dangdang.com/23231481.html,给孩子的第一套艺术鉴赏书（共3册）,中央美术学院美术馆,2013-04-01,中央编译出版社,1257条评论
281.,http://product.dangdang.com/23454700.html,儿童钢琴初步教程（2）,盛建颐,1988-06-01,上海音乐出版社,2303条评论
282.,http://product.dangdang.com/23375779.html,成长加油站（套装共16册）,斯图尔特,2013-11-14,外语教学与研究出版社,3119条评论
283.,http://product.dangdang.com/21124405.html,儿童美术基础教程水粉画,王兆慈,2011-08-01,化学工业出版社,4117条评论
284.,http://product.dangdang.com/23762484.html,我的第一套音乐启蒙绘本（套装5本）,马科希姆萨,2015-08-01,北京科学技术出版社,229条评论
285.,http://product.dangdang.com/23316428.html,东方沃野：《幼小衔接每日一刻钟》(全五册套装）,沃野学前教育研发组,2013-05-01,江西高校出版社,534条评论
286.,http://product.dangdang.com/23919419.html,培养孩子强大内心―提高抗挫力（合订本）,木头人儿童创想中心,2016-03-01,中国人口出版社,81条评论
287.,http://product.dangdang.com/23716157.html,我的手指画创意绘本系列（全3册）,韩泰熙,2015-07-01,九州出版社,1931条评论
288.,http://product.dangdang.com/23228506.html,公文式教育―最简单的色彩书（2、3岁）,日本公文出版,2013-05-01,连环画出版社,3238条评论
289.,http://product.dangdang.com/23595029.html,(小木马童书）学画儿童画(全6册）,格林图书,2014-10-01,新时代出版社,299条评论
290.,http://product.dangdang.com/22784403.html,高宽课程的理论与实践：我比你大，我五岁――学前儿童数学能力的发展,安・S,2012-06-01,教育科学出版社,1794条评论
291.,http://product.dangdang.com/23660420.html,幼儿园数学启蒙300题.小班.下,歆音,2015-02-01,化学工业出版社,5007条评论
292.,http://product.dangdang.com/22867849.html,新版名牌小学入学全方案--学前数学,孙悦,2012-09-01,江西高校出版社,4783条评论
293.,http://product.dangdang.com/23695943.html,儿童绘画入门-手工大课堂,菲奥娜瓦特,2014-08-01,二十一世纪出版社,1183条评论
294.,http://product.dangdang.com/23651795.html,儿童色铅笔绘画入门,张丽山,2015-03-01,化学工业出版社,4647条评论
295.,http://product.dangdang.com/23473459.html,小调皮卡米（全20册）,安琳娜．派蒂格尼,2014-03-01,安徽少年儿童出版社,935条评论
296.,http://product.dangdang.com/23953293.html,巴斯蒂安钢琴教程(4)(共5册)(附DVD一张)（原版引进）,詹姆斯・巴斯蒂安,2016-02-01,上海音乐出版社,759条评论
297.,http://product.dangdang.com/22734592.html,巴斯帝安幼儿钢琴教程 A(共二册),詹姆斯.巴斯蒂安,2012-04-01,上海音乐出版社,2627条评论
298.,http://product.dangdang.com/22858389.html,我的问题我解决（全6册）”（来自美国的儿童心理自助绘本，以书信的方式，解读孩子生活中遇到的困惑，6～9岁独立阅读。）,帕梅拉希尔内特尔顿,2012-09-01,河北少年儿童出版社,3435条评论
299.,http://product.dangdang.com/23820760.html,幼小衔接一日一练（套装共6册） （5-7岁）,佗晓丹,2014-05-01,北京少年儿童出版社,386条评论
300.,http://product.dangdang.com/23951819.html,少儿播音主持与口才训练?基础篇/初级篇/中级篇/高级篇（套）,肖弦弈,2016-04-01,中国传媒大学出版社,198条评论
301.,http://product.dangdang.com/23307692.html,嘟嘟熊画报典藏故事集（动画版）,葛冰,2013-08-01,中国少年儿童出版社,3095条评论
302.,http://product.dangdang.com/23523145.html,凯蒂猫专注力训练涂色书（套装共4册）,三丽鸥公司,2014-07-01,人民邮电出版社,579条评论
303.,http://product.dangdang.com/23734135.html,公文式教育：最简单的连线书（晋级篇）（2-3岁）,日本公文出版,2015-08-01,中国民族摄影艺术出版社,3162条评论
304.,http://product.dangdang.com/23764205.html,幼儿国学启蒙经典（8册）,北京小红花图书工作室,2015-06-01,中国人口出版社,311条评论
305.,http://product.dangdang.com/23980388.html,儿童钢琴初步教程2,盛建颐,2016-06-01,上海音乐出版社,3290条评论
306.,http://product.dangdang.com/23979862.html,3-6岁小婴孩幼小衔接入学准备：口算+拼音+识字+数学+语文+思维（套装共6册） ,教育2,2015-06-01,吉林美术出版社,388条评论
307.,http://product.dangdang.com/23393563.html,儿童古典音乐绘本（第二辑，共8册）,埃辛伯格,2014-01-01,北京科学技术出版社,1364条评论
308.,http://product.dangdang.com/23236456.html,儿童情绪管理与性格培养系列(第7辑):了解自己 做好自己,玛丽,2013-02-01,化学工业出版社,3401条评论
309.,http://product.dangdang.com/23695942.html,儿童绘画入门-技法大升级,菲奥娜瓦特,2014-08-01,二十一世纪出版社,1139条评论
310.,http://product.dangdang.com/23717368.html,“我要更好”儿童情绪管理图画书（套装共5册）,李玮,2015-06-01,化学工业出版社,510条评论
311.,http://product.dangdang.com/24024434.html,小马宝莉 跟坏情绪说再见 儿童情绪管理故事书（6册）,孩之宝公司,2016-08-01,人民邮电出版社,793条评论
312.,http://product.dangdang.com/23814825.html,来玩写作的游戏（套装共3册）,沈惠芳,2013-01-01,北京少年儿童出版社,303条评论
313.,http://product.dangdang.com/23646862.html,国学小书院(套装共8册),余非鱼,2014-11-01,江苏美术出版社,580条评论
314.,http://product.dangdang.com/23446858.html,迪士尼学而乐・数学奇迹课（套装全10册）,美国迪士尼公司,2014-01-01,江苏少年儿童出版社,109条评论
315.,http://product.dangdang.com/22927125.html,百年经典音乐绘本（共七册）,汉斯・克里斯蒂安・安徒生,2016-08-01,北京科学技术出版社,2019条评论
316.,http://product.dangdang.com/21126583.html,真果果幼儿绘画系列,真果果,2011-07-01,中国人口出版社,3822条评论
317.,http://product.dangdang.com/23923549.html,调皮兔礼貌学校,菲利普,2016-01-01,陕西人民教育出版社,591条评论
318.,http://product.dangdang.com/23582550.html,巴斯蒂安钢琴教程(4)(共5册)(附DVD一张)（原版引进）,詹姆斯・巴斯蒂安,2009-11-01,上海音乐出版社,547条评论
319.,http://product.dangdang.com/21046846.html,儿童画基础教程,蒋云标,2011-01-01,西泠印社出版社有限公司,2235条评论
320.,http://product.dangdang.com/20818735.html,宝贝熊玩转数学第二辑(套装共10册)(附赠1张全文故事CD)(全面锻炼数学思维、英语启蒙、阅读理解能力的分级读物),哈考特,2010-05-01,外语教学与研究出版社,648条评论
321.,http://product.dangdang.com/23399610.html,我会读・童话漫游阅读系列（全六册）,真果果,2013-12-31,中国人口出版社,766条评论
322.,http://product.dangdang.com/23921946.html,幼儿数学思维启蒙（套装4册）,张梅玲,2016-01-01,化学工业出版社,626条评论
323.,http://product.dangdang.com/21069047.html,幼儿画报精品系列（共4册）,金波,2011-05-01,中国少年儿童出版社,7965条评论
324.,http://product.dangdang.com/23852379.html,生命的故事（套装全6册）,朱惠芳,2016-01-01,江西高校出版社,961条评论
325.,http://product.dangdang.com/23573847.html,我可以做得更好第二辑,巴巴拉伊萨姆,2014-10-01,   ,780条评论
326.,http://product.dangdang.com/23345710.html,我爱简笔画系列（分类8册）,余非鱼,2013-10-01,,2076条评论
327.,http://product.dangdang.com/23493477.html,大猪小猪看世界（1-8册）（精装版）,艾克・罗维,2014-06-01,电子工业出版社,811条评论
328.,http://product.dangdang.com/23794553.html,撕不烂认知全书（全10册）,童茗,2015-07-01,青岛出版社,78条评论
329.,http://product.dangdang.com/23359788.html,语言表达  第1辑（全4册）,真果果,2013-10-01,中国人口出版社,1900条评论
330.,http://product.dangdang.com/22624119.html,幼儿园区角操作活动150例,福建儿童发展职业学院附属幼儿园,2012-03-01,福建教育出版社,3864条评论
331.,http://product.dangdang.com/23781833.html,儿童趣味视唱练耳（上、下册）,段晓军,2016-01-01,南海出版公司,749条评论
332.,http://product.dangdang.com/23813453.html,幼升小专项练习（套装全5册）,沃野学前教育研发组,2015-11-01,江西高校出版社,1927条评论
333.,http://product.dangdang.com/23660421.html,幼儿园数学启蒙500题.大班.下,歆音,2015-02-01,化学工业出版社,3674条评论
334.,http://product.dangdang.com/23591021.html,菲利普叔叔的超简单画画课（全10册）套装,菲利普・勒让德,2014-11-01,新世纪出版社,753条评论
335.,http://product.dangdang.com/22593354.html,小小熊启蒙图画书（全八册，风靡西班牙加泰罗尼亚的幼儿启蒙早教读本，满足幼儿探索、了解环境和认识生活的愿望，分为“形状、颜色、数字、比较、春天、夏天、秋天、冬天”）,康德尔,2012-04-01,辽宁少年儿童出版社,2180条评论
336.,http://product.dangdang.com/23502295.html,李秀英阶梯数学 3-4岁（5册套装）,李秀英,2014-06-01,河北少年儿童出版社,869条评论
337.,http://product.dangdang.com/24009052.html,吃饭的秘密！儿童健康饮食绘本（全5册）,岩间范子,2016-08-01,陕西人民教育出版社,3280条评论
338.,http://product.dangdang.com/24024433.html,小马宝莉女孩自我保护图画故事书（6册）,孩之宝公司,2016-08-01,人民邮电出版社,2150条评论
339.,http://product.dangdang.com/23963745.html,学会保护自己：幼儿安全故事书 幼儿安全启蒙故事（套装共8册）,幼学馆早教研发中心,2016-05-01,北京联合出版公司,481条评论
340.,http://product.dangdang.com/23532510.html,宝宝童书：3-6岁睡前亲子启蒙故事（套装共8册）,耿湘春,2014-07-01,化学工业出版社,216条评论
341.,http://product.dangdang.com/20479852.html,拜厄钢琴基本教程（少儿教学版）（上下册）（含光盘）,吕德玉,2008-02-01,西南师范大学出版社,2760条评论
342.,http://product.dangdang.com/23403914.html,生活数学大爆炸――学前数学思维训练4~5岁(下),摩比思维馆,2014-02-01,人民邮电出版社,1693条评论
343.,http://product.dangdang.com/23291457.html,超值版・幼儿启蒙大图卡（全8册）,吴迪,2009-06-01,   ,1626条评论
344.,http://product.dangdang.com/23904846.html,数字家园,卡洛莉.罗德,2016-01-27,机械工业出版社,1502条评论
345.,http://product.dangdang.com/23770824.html,开明幼童国语读本（全四册）（拼音版）（简繁体对照版）,叶圣陶,2015-08-01,华东师范大学出版社,877条评论
346.,http://product.dangdang.com/23582549.html,巴斯蒂安钢琴教程(5)(共5册)(附DVD一张)（原版引进）,詹姆斯・巴斯蒂安,2009-11-01,上海音乐出版社,275条评论
347.,http://product.dangdang.com/23446869.html,迪士尼学而乐・语言奇迹课（套装全10册）,美国迪士尼公司,2014-01-01,江苏少年儿童出版社,89条评论
348.,http://product.dangdang.com/23398257.html,美术启蒙绘本（法国大师带你走进非凡的艺术空间）,茱莉娅,2014-03-01,现代出版社,178条评论
349.,http://product.dangdang.com/23732734.html,可爱的咕噜汪・第3辑：全6册 ,间所寿子,2011-07-01,中信出版社,264条评论
350.,http://product.dangdang.com/22734593.html,巴斯帝安幼儿钢琴教程 B(共二册),詹姆斯・巴斯蒂安,2012-04-01,上海音乐出版社,2024条评论
351.,http://product.dangdang.com/23739899.html,斯凯瑞童书忙忙碌碌镇 拼图新奇书（含5套拼图 套装共3册）,理查德・斯凯瑞,2015-06-01,海燕出版社,241条评论
352.,http://product.dangdang.com/23685116.html,3-6岁儿童创意绘画（套装共3册）,高育娟,2015-04-01,化学工业出版社,724条评论
353.,http://product.dangdang.com/23642796.html,神奇大象巴巴（全6册装）,让・德・布吕诺夫,2015-01-01,云南出版集团公司 晨光出版社,519条评论
354.,http://product.dangdang.com/21124399.html,儿童美术基础教程线描画,王兆慈,2011-06-01,化学工业出版社,2545条评论
355.,http://product.dangdang.com/23231001.html,我为什么不能这样做 (全5册),阿戈斯蒂尼,2013-05-01,山东科学技术出版社,2181条评论
356.,http://product.dangdang.com/21029157.html,快乐儿歌钢琴曲集（上）,许乐飞,2011-01-01,湖南文艺出版社,3836条评论
357.,http://product.dangdang.com/22867847.html,新版名牌小学入学全方案--学前识字,石亦心文,2012-09-01,江西高校出版社,2949条评论
358.,http://product.dangdang.com/24029109.html,我爱上小学（与老师同学友好相处，共2册）,宋谚,2016-09-09,光明日报出版社,1664条评论
359.,http://product.dangdang.com/23477713.html,0-3岁涂色书（全8册）填色画画书美术幼儿童书， 发挥想象涂色，手脑协调发展,北京小红花图书工作室,2014-03-01,中国人口出版社,13821条评论
360.,http://product.dangdang.com/24015087.html,幼学启蒙・ 中国古代传说（中英对照全四册精装版）,赵镇琬,2016-08-31,新世界出版社,1225条评论
361.,http://product.dangdang.com/23775396.html,小不点的滑板认知书,权惠娟,2015-09-01,未来出版社,244条评论
362.,http://product.dangdang.com/23827830.html,我的绘画书（套装共5册）,荷兰印象图书,2015-09-01,海豚出版社,203条评论
363.,http://product.dangdang.com/23959376.html,童心书少年美德故事：勇气训练班,管家琪,2016-05-01,新世纪出版社,4417条评论
364.,http://product.dangdang.com/23702219.html,最新儿童简笔画大全,吉美儿童美术研发组,2015-05-01,吉林美术出版社,1224条评论
365.,http://product.dangdang.com/23960687.html,我的身体我知道――了解我自己,戴尔芬・果达尔,2014-06-01,山东科学技术出版社,1454条评论
366.,http://product.dangdang.com/23359789.html,语言表达  第2辑（全4册）（3-6岁幼儿语言潜能激发，提高语言表达能力，包括《虚词训练》、《语言游戏》、《语言表演》和《创编故事》）,真果果,2013-10-01,中国人口出版社,1604条评论
367.,http://product.dangdang.com/23916086.html,博物馆之书,珍马克,2015-05-01,河北少年儿童出版社,260条评论
368.,http://product.dangdang.com/20756712.html,我会读－3岁以上（全四册）,真果果,2010-01-01,中国人口出版社,3451条评论
369.,http://product.dangdang.com/24015081.html,幼学启蒙・中国民俗故事(中英对照全四册精装版）,赵镇琬,2016-08-30,新世界出版社,1574条评论
370.,http://product.dangdang.com/23578334.html,真果果入学准备系列《口算训练卡》、《拼音训练卡》（全两盒）,真果果,2014-10-01,中国人口出版社,717条评论
371.,http://product.dangdang.com/23721587.html,艺术原来可以这样看（修订版）,弗朗索瓦芭布,2015-07-15,中信出版社,1103条评论
372.,http://product.dangdang.com/24006779.html,一年级――学会管自己（全6册）,恐龙小Q儿童教育中心,2016-07-01,五洲传播出版社,1511条评论
373.,http://product.dangdang.com/23438866.html,幼儿蒙氏数学4(轻松学数学，在情景中互动，在游戏中提升!)(附赠学具包1份，内含游戏卡片),童心育苗早教研究小组,2014-01-01,华中科技大学出版社,575条评论
374.,http://product.dangdang.com/23438867.html,幼儿蒙氏数学6(轻松学数学，在情景中互动，在游戏中提升!)(附赠学具包1份，内含游戏卡片),童心育苗早教研究小组,2014-01-01,华中科技大学出版社,517条评论
375.,http://product.dangdang.com/22812390.html,全方位EQ开发故事系列:培养最聪明孩子的366个经典故事(全彩手绘版)(套装共4册),金波,2012-07-01,HarperCollins UK,870条评论
376.,http://product.dangdang.com/23704264.html,认名车+认国旗+认标志（英汉对照 全3册）儿童全彩图书 宝宝启蒙亲子读物 芬兰进口纸 环保印刷-小愚童书,方振宇,2015-05-15,海豚出版社,968条评论
377.,http://product.dangdang.com/23685099.html,创意手指画（全2册）,金善英,2015-06-01,九州出版社,1724条评论
378.,http://product.dangdang.com/23389997.html,阶梯数学 2岁（全5册）,韩国大教出版社,2014-04-01,安徽少年儿童出版社,561条评论
379.,http://product.dangdang.com/21021589.html,色彩大书,米拉,2011-01-01,少年儿童出版社,4197条评论
380.,http://product.dangdang.com/23695590.html,第一本艺术启蒙书,Rudolf,2015-04-01,电子工业出版社,333条评论
381.,http://product.dangdang.com/23299701.html,从指尖到心灵 儿童绘画+儿童手工图书（套装共11册）,李进海,2013-07-01,湖南美术出版社,372条评论
382.,http://product.dangdang.com/23647452.html,儿童绘画：线描画小课堂（套装共4册）,稚子文化,2015-01-01,化学工业出版社,475条评论
383.,http://product.dangdang.com/20996913.html,儿童趣味四手联弹钢琴曲集,郭瑶,2010-10-01,湖南文艺出版社,2246条评论
384.,http://product.dangdang.com/23950151.html,邦臣小红花・小学入学准备（幼儿园、学前班适用 套装共5册）,北京小红花图书工作室,2014-07-01,青岛出版社,1275条评论
385.,http://product.dangdang.com/23785827.html,蔡志忠国学启蒙系列：唐诗（套装共2册）,蔡志忠,2015-09-01,海豚出版社,1100条评论
386.,http://product.dangdang.com/23895678.html,绘童年少儿美术系列教程  创意学线描,李进海,2016-01-01,江西美术出版社,977条评论
387.,http://product.dangdang.com/24015092.html,幼学启蒙・ 中国成语故事（中英对照全四册精装版）,赵镇琬,2016-08-30,新世界出版社,1225条评论
388.,http://product.dangdang.com/23402943.html,儿童简笔画分步图典（第2版）,艺宝文化,2014-03-01,中国纺织出版社,1782条评论
389.,http://product.dangdang.com/23686480.html,我爱芭蕾舞,劳拉李,2015-05-01,北京科学技术出版社,910条评论
390.,http://product.dangdang.com/23676363.html,儿童简笔画一本通,王兆慈,2015-05-01,化学工业出版社,1743条评论
391.,http://product.dangdang.com/23408926.html,跟着大师玩创意,苏珊娜,2014-01-01,安徽少年儿童出版社,709条评论
392.,http://product.dangdang.com/23521373.html,数学真有趣儿（全5册）,李素拉,2014-07-01,文化发展出版社,852条评论
393.,http://product.dangdang.com/23969028.html,为什么不可以系列（套装共10册）,卢松虎,2016-05-01,河北少年儿童出版社,629条评论
394.,http://product.dangdang.com/23471723.html,妙妙手指画系列（五册套装）,马伊德．巴拉特,2014-05-01,,971条评论
395.,http://product.dangdang.com/22734746.html,迪士尼学而乐 数学：男孩版 (全10册),美国迪士尼公司,2012-05-02,江苏少年儿童出版社,9850条评论
396.,http://product.dangdang.com/23904848.html,字母学校,卡洛莉.罗德,2016-01-27,机械工业出版社,1453条评论
397.,http://product.dangdang.com/23302597.html,我爱简笔画（全4册),鱼非鱼,2011-09-01,   ,2581条评论
398.,http://product.dangdang.com/23403913.html,生活数学大爆炸――学前数学思维训练4～5岁(上),摩比思维馆,2014-02-01,人民邮电出版社,1142条评论
399.,http://product.dangdang.com/23824898.html,真果果阶梯数学・基础版（全六册）（幼儿数学启蒙游戏书）,真果果,2016-01-01,中国人口出版社,179条评论
400.,http://product.dangdang.com/23286658.html,《神奇甲骨文 帮你学汉字》,纸飞机,2013-05-01,清华大学出版社,679条评论
401.,http://product.dangdang.com/23640841.html,幼儿描红(套装共14册),云飞扬,2015-01-01,四川少儿出版社,469条评论
402.,http://product.dangdang.com/23906447.html,快乐钢琴启蒙教程（A级 原版引进适用于低龄儿童 套装共3册）,威拉德・阿・帕尔默,2007-04-01,上海音乐出版社,776条评论
403.,http://product.dangdang.com/23907580.html,给孩子的中国画启蒙（全彩）（含附件1份）,申颖,2016-03-01,电子工业出版社,1031条评论
404.,http://product.dangdang.com/23619581.html,童心日课（套装共5册）,鸿儒天晟,2014-11-01,海豚出版社,370条评论
405.,http://product.dangdang.com/23469122.html,新少儿小提琴集体课教程 第一册 附示范+伴奏DVD两张,邵光禄,2014-04-01,上海音乐出版社,1020条评论
406.,http://product.dangdang.com/23736312.html,有意思的国学启蒙（上）(讲国学故事让孩子爱学语文，孩子爱学语文、爱读书，语文成绩一定好！扫一扫二维码，名师讲解带回家！),窦昕,2015-07-25,石油工业出版社,2512条评论
407.,http://product.dangdang.com/23166070.html,儿童正规学画基础教材--国画(上册),赵丽华,2013-01-01,化学工业出版社,2274条评论
408.,http://product.dangdang.com/23264627.html,儿童入学成熟水平测试量表,钱志亮,2013-05-01,北京师范大学出版社,622条评论
409.,http://product.dangdang.com/23838767.html,和开心球学画画（全六册）（含《造型》、《色彩》、《工具与材料》、《特殊效果》、《主题表现》和《综合技法》）,刘海容,2015-12-20,中国人民大学出版社,486条评论
410.,http://product.dangdang.com/23209555.html,小老鼠与数字奶酪（平装全10册）,费利希娅劳,2013-05-01,山东科学技术出版社,478条评论
411.,http://product.dangdang.com/23717725.html,DK少儿电影大百科,英国DK公司,2015-04-01,科学普及出版社,380条评论
412.,http://product.dangdang.com/24043622.html,我的小小音乐家（全九册）,伽利玛少儿出版社,2016-10-01,北京科学技术出版社,711条评论
413.,http://product.dangdang.com/23757739.html,最美的识字书礼盒版 : 全9册,燕京华,2015-08-01,现代出版社,1309条评论
414.,http://product.dangdang.com/23058110.html,来玩写作的游戏 第一辑,沈惠芳,2013-01-01,北京少年儿童出版社,3662条评论
415.,http://product.dangdang.com/23606890.html,少儿创意美术: 11至16岁（少儿高级阶段）,舒鹏,2014-09-01,中国科学技术出版社,868条评论
416.,http://product.dangdang.com/22611125.html,妈妈是最好的美术老师,金洪大,2012-01-01,吉林摄影出版社,12740条评论
417.,http://product.dangdang.com/20660222.html,少年儿童朗诵、表演与主持艺术,刘建文,2009-09-01,知识产权出版社,2143条评论
418.,http://product.dangdang.com/23175467.html,数学我最棒――6岁 我是小小数学家（全五册，赠送贴纸）,泰博象,2013-01-01,中国妇女出版社,1174条评论
419.,http://product.dangdang.com/23829815.html,学社交，完善自我：河狸总动员系列绘本（ 全6册）,恐龙小Q儿童教育中心,2015-11-01,中国人口出版社,356条评论
420.,http://product.dangdang.com/23467822.html,快乐琴童养成计划（学钢琴也可以很轻松！）,李淼,2014-04-01,广西师范大学出版社,1175条评论
421.,http://product.dangdang.com/23757162.html,儿童艺术启蒙亲子读本--大师名画全知道.莫奈,白白兔,2015-08-01,化学工业出版社,796条评论
422.,http://product.dangdang.com/23984386.html,儿童入学成熟水平诊断量表,钱志亮,2016-05-01,北京师范大学出版社,784条评论
423.,http://product.dangdang.com/22867850.html,新版名牌小学入学全方案--学前语文,陈琪敬文,2012-09-01,江西高校出版社,3275条评论
424.,http://product.dangdang.com/23205580.html,幼儿钢琴入门（1）,黄因,2013-01-01,湖南文艺出版社,1948条评论
425.,http://product.dangdang.com/24009048.html,幼儿健康知识绘本（全5册）,冈田晴惠,2016-08-01,陕西人民教育出版社,2608条评论
426.,http://product.dangdang.com/23461541.html,幼升小名牌小学入学必备-拼音,九通早教研究中心,2014-03-01,长江文艺出版社,1374条评论
427.,http://product.dangdang.com/23403911.html,生活数学大爆炸――学前数学思维训练3~4岁(上),摩比思维馆,2014-02-01,人民邮电出版社,1029条评论
428.,http://product.dangdang.com/24046181.html,奇想国当代精选：幼幼翻翻小百科（套装全21册）,娜塔莉・贝里诺,2016-09-01,浙江少年儿童出版社,816条评论
429.,http://product.dangdang.com/23957248.html,青藤少儿美术教程(套装4册),青藤人,2016-03-01,河南美术出版社,300条评论
430.,http://product.dangdang.com/23567800.html,巴斯蒂安钢琴教程演奏（1）（共4册）（原版引进）,詹姆斯・巴斯蒂安,2006-01-01,上海音乐出版社,726条评论
431.,http://product.dangdang.com/23402877.html,宝贝学前训练营（全40册）,尼科莱塔,2014-01-01,中国少年儿童出版社,489条评论
432.,http://product.dangdang.com/21090049.html,新概念幼儿数学故事绘本（10册）,李淑在,2011-05-01,明天出版社,1389条评论
433.,http://product.dangdang.com/23757159.html,儿童艺术启蒙亲子读本--大师名画全知道.达・芬奇,白白兔,2015-08-01,化学工业出版社,768条评论
434.,http://product.dangdang.com/23695223.html,儿童趣味乐理（1）,金铭真,2015-03-01,上海音乐出版社,1814条评论
435.,http://product.dangdang.com/23916088.html,嘉贝拉的歌,肯戴思,2016-02-01,河北少年儿童出版社,390条评论
436.,http://product.dangdang.com/23644574.html,声律启蒙,文景,2015-01-01,中国人口出版社,512条评论
437.,http://product.dangdang.com/22585459.html,反复擦写的神奇水擦书（全4册）,克莱尔艾弗,2012-01-01,   ,12628条评论
438.,http://product.dangdang.com/24015078.html,幼学启蒙・ 中国古代帝王故事（中英对照全四册精装版）,赵镇琬,2016-09-09,新世界出版社,280条评论
439.,http://product.dangdang.com/22580735.html,外研社幼儿学前识字初级套装(配光盘)(外研社点读书),格林,2011-10-01,外语教学与研究出版社,800条评论
440.,http://product.dangdang.com/23906432.html,孩子们的音乐之旅 幼儿版 套装版 附CD四张,包菊英,2016-01-01,上海音乐出版社,108条评论
441.,http://product.dangdang.com/23576840.html,和宝贝一起玩美术――动手・创意・设计从小开始(全彩),Park,2014-10-01,电子工业出版社,508条评论
442.,http://product.dangdang.com/20881590.html,幼儿园阳光体育创新游戏活动  大班,��明琪,2010-06-01,农村读物出版社,1704条评论
443.,http://product.dangdang.com/23621051.html,芝麻街学前大课堂：全8册（为3-6岁学龄前儿童倾心打造的学前启蒙图书，美国儿童教育专家倾囊相授的经典学前教育，入学准备一应俱全，幼小衔接轻松上学，海豚传媒出品。）,美国芝麻街工作室,2014-12-01,长江少年儿童出版社,140条评论
444.,http://product.dangdang.com/23840416.html,灯孩儿,金波,2015-12-01,中国少年儿童出版社,1763条评论
445.,http://product.dangdang.com/20430954.html,快乐玩・轻松学乐理,胡雅雯,2009-02-01,南海出版公司,1733条评论
446.,http://product.dangdang.com/23980447.html,神奇的儿童瑜伽课（全2册，跟着青蛙小弟学呼吸+瓢虫姐姐教你如何放松）,迈克尔・奇斯克,2016-06-01,新星出版社,476条评论
447.,http://product.dangdang.com/23735131.html,语言表达天天练（套装共6册）,钟林姣,2015-07-01,,504条评论
448.,http://product.dangdang.com/23972661.html,幼儿国学启蒙经典 成语 神话 寓言故事 套装共3册,孙文娟,2016-06-01,北方妇女儿童出版社,1326条评论
449.,http://product.dangdang.com/22860079.html,心喜阅绘本馆：不吃糖，不许吃蔬菜（精）,艾米・克劳斯・罗森塔尔,2012-08-01,湖北美术出版社,1193条评论
450.,http://product.dangdang.com/23822212.html,0-3岁宝宝涂色（套装4册）,皮皮书坊,2016-02-01,化学工业出版社,382条评论
451.,http://product.dangdang.com/23255189.html,儿童乐理基础教程,陈四雨,2013-05-01,湖南文艺出版社,1647条评论
452.,http://product.dangdang.com/23721585.html,卢浮宫原来可以这样看（修订版）,伊莎贝拉・伯尼顿・库朗,2015-07-15,中信出版社,925条评论
453.,http://product.dangdang.com/23521415.html,跟着大师学音乐（套装8册）,切伦扎,2014-06-01,安徽少年儿童出版社,264条评论
454.,http://product.dangdang.com/23736309.html,有意思的国学启蒙（下）(讲国学故事让孩子爱学语文，孩子爱学语文、爱读书，语文成绩一定好！扫一扫二维码，名师讲解带回家！),窦昕,2015-09-01,石油工业出版社,2278条评论
455.,http://product.dangdang.com/23670806.html,青藤少儿美术教程 套装5册,河南省青藤书画艺术中心,2015-03-24,河南美术出版社,231条评论
456.,http://product.dangdang.com/23254429.html,鲑鱼向前冲,安度眩,2013-06-01,北京科学技术出版社,1639条评论
457.,http://product.dangdang.com/23774635.html,幼儿礼仪图画书,钟心,2015-07-24,教育科学出版社,837条评论
458.,http://product.dangdang.com/22634968.html,信谊世界精选图画书・小天使失踪了,杜科,2011-12-01,明天出版社,906条评论
459.,http://product.dangdang.com/23675090.html,宝宝不哭：幼儿情绪管理图画书 （全8册）,木头人儿童创想中心,2015-04-01,中国人口出版社,788条评论
460.,http://product.dangdang.com/23757158.html,儿童艺术启蒙亲子读本--大师名画全知道.毕加索,白白兔,2015-08-01,化学工业出版社,658条评论
461.,http://product.dangdang.com/23823607.html,斯凯瑞新奇书 超大故事书,斯凯瑞,2016-01-01,海燕出版社,557条评论
462.,http://product.dangdang.com/23852445.html,儿童钢琴初步教程(3),盛建颐,2015-12-01,上海音乐出版社,2136条评论
463.,http://product.dangdang.com/20881591.html,幼儿园阳光体育创新游戏活动  中班,朗明琪,2010-06-01,农村读物出版社,1491条评论
464.,http://product.dangdang.com/23975901.html,宝宝描线涂色书 共8册：2-3基础篇/提高篇+3-4岁基础篇/提高篇+4-5岁基础篇/提高篇+5-6岁基础篇+提高篇,瑞雅婴童创智中心,2015-07-01,江苏美术出版社,1481条评论
465.,http://product.dangdang.com/23595031.html,(小木马童书）学画儿童画 油画棒,格林图书,2014-10-01,新时代出版社,1039条评论
466.,http://product.dangdang.com/23213248.html,学前必备100分口算心算（全套6册）,于清峰,2013-04-01,漓江出版社,1335条评论
467.,http://product.dangdang.com/23950110.html,邦臣小红花・ 宝宝自己会读 （礼盒装 全72册）,北京小红花图书工作室,2015-10-01,青岛出版社,216条评论
468.,http://product.dangdang.com/23529856.html,幼小衔接同步课堂系列（套装6册）,于清峰,2014-03-01,武汉大学出版社,212条评论
469.,http://product.dangdang.com/20881592.html,幼儿园阳光体育创新游戏活动 小班,郎明琪,2010-06-01,农村读物出版社,1610条评论
470.,http://product.dangdang.com/23721583.html,凡尔赛宫原来可以这样看（修订版）,尼古拉・米洛瓦诺维奇,2015-07-15,中信出版社,925条评论
471.,http://product.dangdang.com/23824897.html,真果果阶梯数学・天才版（全六册）（幼儿数学启蒙游戏书）,真果果,2016-01-01,中国人口出版社,214条评论
472.,http://product.dangdang.com/23160802.html,米奇妙妙屋数学启蒙故事：米奇妙妙屋数学启蒙故事（套装共4册）,美国迪士尼公司,2013-01-01,外语教学与研究出版社,1578条评论
473.,http://product.dangdang.com/23662203.html,学前总动员（描红系列，全套共14册。根据学前指导、小学教材、入学考试题编写，权威且图文并茂。10－100口算心算、借十凑十、比较测量、时间空间、识字拼音、笔顺偏旁全包括。）,华星,2015-03-01,河北少年儿童出版社,863条评论
474.,http://product.dangdang.com/24016082.html,公文式教育：3-4岁套装（全4册）,日本公文出版,2016-08-01,连环画出版社,265条评论
475.,http://product.dangdang.com/22898693.html,嘟嘟熊画报精品故事书（精装）（共4册）,葛冰,2012-10-01,   ,2675条评论
476.,http://product.dangdang.com/23979808.html,爱德少儿 幼小衔接天天练 套装(8册) 学前儿童学习套装,爱德少儿,2016-07-01,浙江人民美术出版社,2291条评论
477.,http://product.dangdang.com/23441478.html,什密特钢琴手指练习教学版(附CD一张),方百里,2016-06-01,上海音乐出版社,2291条评论
478.,http://product.dangdang.com/23390001.html,阶梯数学 5岁（全5册）,韩国大教出版社,2014-02-01,安徽少年儿童出版社,858条评论
479.,http://product.dangdang.com/23767367.html,涂鸦学校：13堂涂鸦课＋14位艺术家＋70多种涂鸦技法,涂鸦大师工作室,2015-10-01,北京联合出版公司,372条评论
480.,http://product.dangdang.com/23737134.html,幼小衔接思维升级训练（大班下册）,张耀明,2015-06-01,华东理工大学出版社,830条评论
481.,http://product.dangdang.com/23969683.html,汉语拼音创新课程：玩游戏・识拼音（4本+3张拼音卡+光盘）,天河行舟工作室游戏拼音编委会,2015-11-30,广州出版社,77条评论
482.,http://product.dangdang.com/23582545.html,巴斯蒂安钢琴教程（4）（共5册）（原版引进）,詹姆斯・巴斯蒂安,2009-11-01,上海音乐出版社,432条评论
483.,http://product.dangdang.com/23461542.html,幼升小名牌小学入学必备-识字,九通早教研究中心,2014-03-01,长江文艺出版社,1258条评论
484.,http://product.dangdang.com/23261617.html,名牌小学入学必备 成语、语言、识字、智力、数学、拼音必备 1000例 （附易混易错100例）套装（全6册）,于清峰,2013-05-01,北方妇女儿童出版社,273条评论
485.,http://product.dangdang.com/22591513.html,宝宝的第一本字典,幼儿字典,2012-01-01,吉林大学出版社,1005条评论
486.,http://product.dangdang.com/23916090.html,踢踢踏,余光中,2016-02-01,河北少年儿童出版社,231条评论
487.,http://product.dangdang.com/23042866.html,米奇妙妙屋益智启蒙新故事（套装1-4）,美国迪士尼公司,2013-01-01,人民邮电出版社,1394条评论
488.,http://product.dangdang.com/23934221.html,让孩子痴迷的艺术启蒙大书超值套装4册：妈妈是最好的美术老师+艺术创意老师+游戏老师+我的第一本亲子绘画,金洪大,2015-04-01,,291条评论
489.,http://product.dangdang.com/23735389.html,我的第一本艺术书,罗西・狄金斯,2015-06-01,新世纪出版社,355条评论
490.,http://product.dangdang.com/23797178.html,真果果幼儿彩铅涂色书（全四册）,真果果,2015-08-01,中国人口出版社,643条评论
491.,http://product.dangdang.com/23529577.html,我的第一本亲子绘画书,朴�q祉,2014-09-01,南海出版公司,1076条评论
492.,http://product.dangdang.com/23950096.html,邦臣小红花・我的第一本数学启蒙贴纸游戏书(2～6岁 套装全24册）,北京小红花图书工作室,2015-06-01,青岛出版社,817条评论
493.,http://product.dangdang.com/23754005.html,数学启蒙问答游戏书,鱼改燕,2015-06-01,未来出版社,254条评论
494.,http://product.dangdang.com/23895677.html,绘童年少儿美术系列教程  创意学水粉,马秀明,2016-01-01,江西美术出版社,1025条评论
495.,http://product.dangdang.com/23595030.html,(小木马童书）学画儿童画 水彩笔,格林图书,2014-10-01,新时代出版社,960条评论
496.,http://product.dangdang.com/22718375.html,我要上小学啦：数学思维训练（提高篇）（幼小衔接，数学思维训练，讲故事+做游戏+入学测试=快乐学数学）,陆霞,2012-03-01,华东师范大学出版社,2935条评论
497.,http://product.dangdang.com/23331921.html,幼儿蒙氏数学5,童心育苗早教研究小组,2013-07-01,华中科技大学出版社,533条评论
498.,http://product.dangdang.com/23334126.html,“汉字树”阶梯识字图画书,刘玉美,2013-08-01,北京师范大学出版社,583条评论
499.,http://product.dangdang.com/22560767.html,中国第一套幼儿自助成长书：哆哆熊品德教育小故事丛书（全6册）  适合0-3岁,赵洁,2011-05-01,北方妇女儿童出版社,726条评论
500.,http://product.dangdang.com/22601195.html,幼小衔接－帮孩子轻松上小学（万千教育）,董旭花,2012-02-01,中国轻工业出版社,1434条评论
