1.,http://product.dangdang.com/25214219.html,原声触摸发声书：听，什么声音（套装全6册）,YOYO出版社,2016-09-01,中国环境出版社,37348条评论
2.,http://product.dangdang.com/23448875.html,小不点的触摸书（全4册）,权惠娟,2014-04-01,未来出版社,67927条评论
3.,http://product.dangdang.com/25084928.html,一玩再玩・宝宝好习惯玩具书（套装共4册）,和田琴美,2017-06-01,北京联合出版公司,24358条评论
4.,http://product.dangdang.com/24165435.html,0-3岁亲密互动玩具书（全6册）,木村裕一,2017-01-31,长江少年儿童出版社,21862条评论
5.,http://product.dangdang.com/25140858.html,噼里啪啦立体玩具书（0-3岁适用）,齐藤幸一,2017-08-01,２１世纪出版社,92042条评论
6.,http://product.dangdang.com/25213190.html,杜莱百变创意玩具书（套装5册）,埃尔维・杜莱,2018-01-01,接力出版社,37940条评论
7.,http://product.dangdang.com/25260395.html,你是我的宝贝（全7册）,洛蕾娜・西米诺维克,2018-04-16,贵州人民出版社,3663条评论
8.,http://product.dangdang.com/25325424.html,0-3岁亲子游戏纸板书（全5册）,冬野一子,2018-09-01,长江少年儿童出版社,6533条评论
9.,http://product.dangdang.com/23727776.html,杜莱百变创意玩具书（套装，5册）,埃尔维・杜莱,2015-06-01,接力出版社,32231条评论
10.,http://product.dangdang.com/25252865.html,小手摸摸全知道（全4册）：数字；对比；形状；颜色,格扎维埃・德纳,2018-04-01,外语教学与研究出版社,4891条评论
11.,http://product.dangdang.com/25304160.html,触控发声书：听，谁的音乐会？（套装全4册）,步步联盟,2018-03-01,知识出版社,3448条评论
12.,http://product.dangdang.com/24162338.html,超好玩的立体翻翻书. 车辆动起来,李萌,2017-01-01,化学工业出版社,11667条评论
13.,http://product.dangdang.com/23987084.html,米菲认知洞洞书(共8册）哪些是圆的/剪一剪/你大我小/放大镜/认颜色/去动物园/猜一猜/捉迷藏,迪克・布鲁纳,2015-05-01,二十一世纪出版社,31531条评论
14.,http://product.dangdang.com/23952643.html,DK宝宝捉迷藏认知立体书（全3册）,道恩.希瑞特,2016-04-01,未来出版社,10218条评论
15.,http://product.dangdang.com/24172889.html,大闹天宫-世界经典立体书珍藏版 乐乐趣原创出品,袁秋乡,2016-10-01,未来出版社,5080条评论
16.,http://product.dangdang.com/23770138.html,小王子-世界经典立体书珍藏版,安东尼德圣埃克苏佩里,2015-09-01,陕西人民教育出版社,6806条评论
17.,http://product.dangdang.com/25175379.html,宝宝的第一套手指推拉书:冰冰和波波,乔・洛奇,2017-09-01,花山文艺出版社,2883条评论
18.,http://product.dangdang.com/23950128.html,邦臣小红花：动手动脑玩拼图（2-3岁）（套装全6册）,北京小红花图书工作室,2014-07-01,青岛出版社,18562条评论
19.,http://product.dangdang.com/25184669.html,过年啦-节日体验立体绘本,孙肇志,2011-02-01,未来出版社,28575条评论
20.,http://product.dangdang.com/23751088.html,爱丽丝漫游奇境（世界经典立体书珍藏版）,刘易斯卡洛尔,2015-07-01,未来出版社,5300条评论
21.,http://product.dangdang.com/23912123.html,pi kids 童书・我爱弹钢琴（有声玩具书）,,2016-01-05,江苏教育出版社,5507条评论
22.,http://product.dangdang.com/25106210.html,法国孩子的创意玩具书：全4册,江苏教育出版社,2017-07-01,长江少年儿童出版社,3952条评论
23.,http://product.dangdang.com/23928987.html,杜莱百变创意玩具书（第二辑，套装5册）,雅尼克・科阿,2016-05-01,接力出版社,6351条评论
24.,http://product.dangdang.com/25277493.html,触摸发声书：听，谁在说？（套装全4册）,长江少年儿童出版社,2017-11-01,中国环境出版社,2111条评论
25.,http://product.dangdang.com/24229809.html,邦臣小红花・宝宝的第一套拼图游戏3-6岁（礼盒装）（3-6岁）,埃尔维・杜莱,2017-01-01,中国人口出版社,7110条评论
26.,http://product.dangdang.com/25121389.html,宝宝推拉游戏书（英国尤斯伯恩精品玩具书，专为0―3岁婴儿设计，全4册）,接力出版社,2017-07-01,接力出版社,2757条评论
27.,http://product.dangdang.com/25119535.html,超好玩的立体翻翻书・车辆船舶动起来（套装共2册）,步步联盟,2017-11-01,化学工业出版社,1410条评论
28.,http://product.dangdang.com/25179790.html,小猪佩奇拼图故事（套装2册）,中国环境出版社,2017-11-01,安徽少年儿童出版社,6458条评论
29.,http://product.dangdang.com/25229017.html,白水涂鸦洗澡书：Wow！水变谁？（套装全4册）,北京小红花图书工作室,2016-06-01,科学出版社,3783条评论
30.,http://product.dangdang.com/23818962.html,小可爱触摸书  全4册,中国人口出版社,2015-08-01,陕西人民教育出版社,3507条评论
31.,http://product.dangdang.com/23621962.html,小宝贝3D立体认知书（全2册）,英国尤斯伯恩出版公司,2014-12-01,长江少年儿童出版社,3639条评论
32.,http://product.dangdang.com/22575970.html,聪明宝贝互动手偶书――小熊泰迪,接力出版社,2011-11-01,未来出版社,16851条评论
33.,http://product.dangdang.com/23461520.html,喵喵和吱吱―趣味认知立体书,沐渔文化,2013-06-01,未来出版社,7564条评论
34.,http://product.dangdang.com/24020230.html,纸上艺术馆：大卫・卡特极致创意立体书-一个红点,化学工业出版社,2016-10-01,未来出版社,1162条评论
35.,http://product.dangdang.com/22596189.html,迪士尼公主-豪华音乐播放器故事书,英国快乐瓢虫公司,2012-01-01,未来出版社,3656条评论
36.,http://product.dangdang.com/23642647.html,亮丽精美触摸书系列-小兔比利,安徽少年儿童出版社,2011-09-01,未来出版社,8626条评论
37.,http://product.dangdang.com/25301414.html,创意大师拉拉翻翻大惊喜系列（套装7册）,步步联盟,2018-04-01,中信出版社,1228条评论
38.,http://product.dangdang.com/25234429.html,迪士尼宝宝我身边的小世界 (全套3册）,科学出版社,2018-01-01,人民邮电出版社,2222条评论
39.,http://product.dangdang.com/25064610.html,低幼感统玩具书（全11册，套盒也带翻翻功能哟）,巴基塔,2017-05-01,海豚出版社,1473条评论
40.,http://product.dangdang.com/23669285.html,奇妙洞洞书第三辑-一年十二个月,陕西人民教育出版社,2015-01-01,未来出版社,13456条评论
41.,http://product.dangdang.com/22466542.html,迪士尼音效认知图库系列,杨婷婷,2011-08-01,未来出版社,6713条评论
42.,http://product.dangdang.com/23690931.html,妙妙香味书-来，闻闻大自然的味道,玛丽・黛罗斯特,2013-06-01,未来出版社,9570条评论
43.,http://product.dangdang.com/23950105.html,邦臣小红花・婴幼儿拼图（升级版 套装共4册）,北京小红花图书工作室,2015-06-01,青岛出版社,6530条评论
44.,http://product.dangdang.com/25260258.html,咔嚓咔嚓齿轮书,凯特,2018-04-01,花山文艺出版社有限责任公司,2875条评论
45.,http://product.dangdang.com/25302883.html,法国大奖幼儿思维训练玩具书（精装共五册）,克劳蒂娜・莫雷尔,2018-07-01,江西美术出版社,1332条评论
46.,http://product.dangdang.com/22614736.html,喜羊羊音效认知图库系列 (乐乐趣童书：手指轻轻点一点，各种声音响起来!音、图、儿歌，给孩子一次全方位认知体验。全套包含40种音效帮助孩子认知世界。 全套共4册),刘鹏,2012-02-01,未来出版社,2349条评论
47.,http://product.dangdang.com/22642850.html,随身听音乐书-芭比经典童话,冈萨雷斯,2012-01-01,未来出版社,3820条评论
48.,http://product.dangdang.com/25113557.html,超好玩的立体翻翻书. 船舶动起来,沐渔文化,2017-07-01,化学工业出版社,1805条评论
49.,http://product.dangdang.com/25288014.html,露露生活习惯养成玩具书系列（套装5册）,卡米拉・里德,2018-01-01,中信出版社,790条评论
50.,http://product.dangdang.com/23669279.html,奇妙洞洞书第三辑-妈妈在哪里？,麦斯特里尼,2015-01-01,未来出版社,13196条评论
51.,http://product.dangdang.com/25321526.html,好好玩神奇的生命立体书（升级版）.套装（共4册）,胡巧玲,2015-01-01,安徽少年儿童出版社,1499条评论
52.,http://product.dangdang.com/25065414.html,海底小纵队・奇趣海洋大拼图（套装共4册）,・海豚传媒,2017-04-01,长江少年儿童出版社,1345条评论
53.,http://product.dangdang.com/25124586.html,跑跑乐地板玩具书・消防车呜哇呜,塔普林,2017-04-01,中信出版社,1371条评论
54.,http://product.dangdang.com/25252272.html,宝贝，你来了 （1：1真实比例胎育立体绘本）,玛丽特希利・马尔蒂,2018-04-01,中国环境出版社,1306条评论
55.,http://product.dangdang.com/23585132.html,维尼找朋友模拟音响书,美国迪士尼故事书艺术组,2012-12-01,未来出版社,2790条评论
56.,http://product.dangdang.com/25272985.html,凹凸触感摸摸书（套装全4册）,步步联盟,2018-05-01,中国环境出版社,1214条评论
57.,http://product.dangdang.com/25344836.html,好好玩神奇的生命立体书（第二辑）・套装共4册,七色王国,2018-05-01,安徽少年儿童出版社,711条评论
58.,http://product.dangdang.com/25349810.html,小熊小熊跳出来：0-3岁习惯养成立体玩具书,樱井裕司,2018-09-01,辽宁科学技术出版社,725条评论
59.,http://product.dangdang.com/25333423.html,中秋节-节日体验立体绘本,巨英,2017-09-01,未来出版社,2527条评论
60.,http://product.dangdang.com/25177998.html,费雪宝宝认知敏感期翻翻书（套装共5册）,美国美泰公司,2017-10-31,国家开放大学出版社,1276条评论
61.,http://product.dangdang.com/25182799.html,尤斯伯恩玩具书・奇妙发声书・丛林里边谁在叫,英国尤斯伯恩出版公司|译者,2017-10-01,接力出版社,1934条评论
62.,http://product.dangdang.com/25226467.html,书里藏着好多虫(共6册),大卫.A.卡特,2013-12-01,新蕾出版社,432条评论
63.,http://product.dangdang.com/22585266.html,赛车总动员水箱温泉之歌-镜屏图闪音乐书,美国迪士尼故事书艺术组,2015-02-10,未来出版社,2851条评论
64.,http://product.dangdang.com/22604068.html,和迪士尼公主一起唱,迪西科工作室,2011-10-01,未来出版社,3245条评论
65.,http://product.dangdang.com/25182800.html,尤斯伯恩玩具书・奇妙发声书・花园里边谁在唱,容墨,2017-11-01,接力出版社,1783条评论
66.,http://product.dangdang.com/24049539.html,艾布克的立体笔记系列（第三辑）恐龙王国+昆虫世界+海洋动物（套装共3册）,炫睛科技,2016-10-31,北京联合出版公司,1246条评论
67.,http://product.dangdang.com/22568713.html,聪明宝贝互动手偶书――小狗帕比（乐乐趣童书：能表演的书来了！为众多家庭提供完美亲子互动表演书，在表演中培养宝宝的明星气质！）,艾玛,2011-11-01,未来出版社,2940条评论
68.,http://product.dangdang.com/23552236.html,亮丽精美触摸书系列（全4册）,莫丽斯普莱格尔,2011-09-01,未来出版社,2012条评论
69.,http://product.dangdang.com/25325188.html,鳄鱼先生立体游戏屋,乔洛奇,2015-07-01,陕西人民教育出版社,6272条评论
70.,http://product.dangdang.com/23961236.html,宝贝亲近大自然拉拉绘本（全2册）,埃克多.戴可赛,2016-05-01,未来出版社,1098条评论
71.,http://product.dangdang.com/23642640.html,看里面第五辑-揭秘二战,罗伯・劳埃德・琼斯,2014-10-01,未来出版社,10829条评论
72.,http://product.dangdang.com/25169979.html,小公主立体书・城堡舞会,梦幻岛,2018-01-01,化学工业出版社,627条评论
73.,http://product.dangdang.com/23585131.html,喜羊羊宝宝小乐队,杨金秀,2013-05-01,阳光出版社,1907条评论
74.,http://product.dangdang.com/25203462.html,法国幼儿科学启蒙玩具书（全6册）,法国纳唐出版社,2017-12-01,长江少年儿童出版社,359条评论
75.,http://product.dangdang.com/23950129.html,邦臣小红花：动手动脑玩拼图（3-4岁）（套装全4册）,北京小红花图书工作室,2014-07-01,青岛出版社,3887条评论
76.,http://product.dangdang.com/23956248.html,DK宝宝捉迷藏认知立体书-动物找朋友,道恩.希瑞特,2016-04-01,未来出版社,2678条评论
77.,http://product.dangdang.com/25264803.html,杜莱百变创意玩具书（点燃想象力）,埃尔维,2018-05-01,接力出版社,381条评论
78.,http://product.dangdang.com/22594423.html,迪士尼公主心灵之歌 卡拉OK音乐书,美国迪士尼故事书艺术组,2011-10-01,未来出版社,6327条评论
79.,http://product.dangdang.com/23840240.html,乐乐趣绘本立体书 全两册,菲利普于什,2016-01-01,陕西人民教育出版社,2708条评论
80.,http://product.dangdang.com/22585264.html,迪士尼公主宫廷演奏会,美国迪士尼故事书艺术组,2011-10-01,未来出版社,3039条评论
81.,http://product.dangdang.com/25124587.html,跑跑乐地板玩具书・小飞机起飞啦,吉利恩,2017-06-01,中信出版社,692条评论
82.,http://product.dangdang.com/25069631.html,看里面立体书-丛林动物,菲奥娜・瓦特,2017-03-01,未来出版社,1954条评论
83.,http://product.dangdang.com/24145950.html,猜猜翻翻丛书（6本套装）,阿兰・克洛宗,2016-11-02,少年儿童出版社,1027条评论
84.,http://product.dangdang.com/25124590.html,我的第一个问题和答案翻翻书（套装3册）,凯蒂・戴恩斯,2017-06-01,中信出版社,826条评论
85.,http://product.dangdang.com/24032223.html,这不是书 THIS IS NOT A BOOK ,让・朱利安,2016-09-01,北京联合出版公司,2724条评论
86.,http://product.dangdang.com/25264268.html,邦臣小红花・阶梯拼图・第1阶・交通工具（1.5+）,北京小红花图书工作室,2018-04-01,中国人口出版社,2192条评论
87.,http://product.dangdang.com/25091678.html,跑跑乐地板玩具书・小巴士转呀转,菲奥娜,2017-04-01,中信出版社,640条评论
88.,http://product.dangdang.com/25194535.html,工程车总动员,长江少年儿童出版社,2017-11-01,长江少年儿童出版社,659条评论
89.,http://product.dangdang.com/23720262.html,德国儿童情景体验翻翻书：消防车本领大,芭芭拉温思,2015-06-01,长江少年儿童出版社,5461条评论
90.,http://product.dangdang.com/25088295.html,邦臣小红花・宝宝的触摸书 : 全4册 [0-3岁],北京小红花图书工作室,2017-05-01,中国人口出版社,494条评论
91.,http://product.dangdang.com/25162102.html,故事盒子,安妮・拉瓦尔,2017-10-01,花山文艺出版社,1036条评论
92.,http://product.dangdang.com/25236925.html,立体拼插轨道玩具书 消防车大救援,COCCINELLA,2018-03-01,科学出版社,580条评论
93.,http://product.dangdang.com/25238591.html,我的好习惯养成推拉书(全4册)（奇想国精选）,艾丽斯・勒埃南,2018-03-01,外语教学与研究出版社,400条评论
94.,http://product.dangdang.com/25228797.html,好玩的交通立体认知书（套装6册）,皮皮书坊,2018-02-01,化学工业出版社,309条评论
95.,http://product.dangdang.com/24172255.html,西游记：大闹天宫（3D中国经典故事立体书）,方素珍,2016-10-01,北京联合出版公司,438条评论
96.,http://product.dangdang.com/25246645.html,正版授权 迪士尼益智拼图书 （套装共六册）,嘉良传媒,2018-03-01,江西美术出版社,356条评论
97.,http://product.dangdang.com/25064798.html,pi kids 皮克童书・米奇的超级跑车（有声玩具书・含方向盘）,皮克童书,2017-05-01,江苏教育出版社,497条评论
98.,http://product.dangdang.com/23956250.html,DK宝宝捉迷藏认知立体书-交通工具,道恩.希瑞特,2016-04-01,未来出版社,1961条评论
99.,http://product.dangdang.com/24176040.html,小熊维尼发声书-我会读aoe,杨金秀,2011-09-01,未来出版社,4901条评论
100.,http://product.dangdang.com/25262823.html,好好玩神奇的生命立体书（升级版）：森林里的樱桃树,胡巧玲,2018-04-01,安徽少年儿童出版社,1585条评论
101.,http://product.dangdang.com/25091679.html,跑跑乐地板玩具书・拖拉机忙呀忙,希瑟・埃默里,2017-04-01,中信出版社,548条评论
102.,http://product.dangdang.com/25091680.html,跑跑乐地板玩具书・小赛车冲呀冲,萨姆・塔普林,2017-04-01,中信出版社,496条评论
103.,http://product.dangdang.com/25264277.html,邦臣小红花・阶梯拼图・第1阶・动物（1.5+）,北京小红花图书工作室,2018-04-01,中国人口出版社,1696条评论
104.,http://product.dangdang.com/25275174.html,玩转奇妙世界立体书（全4册）,斯特凡妮・勒迪,2018-01-01,外语教学与研究出版社,225条评论
105.,http://product.dangdang.com/24009050.html,DK宝宝捉迷藏翻翻发声书-热闹的交通工具,道恩・希瑞特,2016-07-01,未来出版社,1921条评论
106.,http://product.dangdang.com/24016873.html,艾布克的立体笔记系列（第二辑）伟大奇迹+伟大发明+狂野动物（套装共3册）,炫睛科技,2016-06-30,北京联合出版公司,620条评论
107.,http://product.dangdang.com/25262825.html,好好玩神奇的生命立体书（升级版）：我们长得不一样,胡巧玲,2018-04-01,安徽少年儿童出版社,1278条评论
108.,http://product.dangdang.com/23851146.html,趣狗有声挂图 汉语拼音,周勇,2016-01-11,机械工业出版社,3859条评论
109.,http://product.dangdang.com/23669271.html,看里面第四辑-揭秘房屋,艾米丽・邦,2014-10-01,未来出版社,6240条评论
110.,http://product.dangdang.com/25224564.html,欢乐中国年立体书,七色王国,2018-01-01,安徽少年儿童出版社,460条评论
111.,http://product.dangdang.com/23774240.html,和喜羊羊一起弹钢琴（普通版）,杨金秀,2014-11-01,陕西人民教育出版社,3090条评论
112.,http://product.dangdang.com/23950130.html,邦臣小红花：动手动脑玩拼图（4-6岁）（套装共4册）,北京小红花图书工作室,2014-07-01,青岛出版社,2566条评论
113.,http://product.dangdang.com/24202659.html,创意大师杜莱有趣三部曲：有趣的一家（精致版),埃尔维・杜莱,2016-12-01,中信出版社,1010条评论
114.,http://product.dangdang.com/22550979.html,迪士尼公主自由录放机故事书,白度西,2011-10-01,未来出版社,1473条评论
115.,http://product.dangdang.com/25175672.html,邦臣小红花・小小手指推拉滑板书（全4册）,北京小红花图书工作室,2017-08-01,中信出版社,474条评论
116.,http://product.dangdang.com/25269431.html,影子剧院系列套装（全三册）,娜塔莉,2018-05-01,北京联合出版公司,457条评论
117.,http://product.dangdang.com/22843360.html,巴布工程师立体炫拼插 马克和塔博,巴布工程师,2012-06-01,中国少年儿童出版社,4389条评论
118.,http://product.dangdang.com/25065415.html,海底小纵队・奇趣海洋大拼图：保护篇,・海豚传媒,2017-04-01,长江少年儿童出版社,1711条评论
119.,http://product.dangdang.com/23646338.html,洞（空间创意4D游戏书）,埃尔维・杜莱,2015-02-01,接力出版社,6920条评论
120.,http://product.dangdang.com/25264269.html,邦臣小红花・阶梯拼图・第2阶・动物（2+）,小红花图书工作室,2018-04-01,中国人口出版社,1533条评论
121.,http://product.dangdang.com/25231729.html,科学启蒙立体书：（全10册）,瑞雅婴童创智中心,2017-09-01,江西高校出版社,208条评论
122.,http://product.dangdang.com/23642646.html,亮丽精美触摸书系列-小水獭奥斯卡,莫里斯・普莱格尔,2011-09-01,未来出版社,2746条评论
123.,http://product.dangdang.com/23585134.html,和米奇一起来摇滚趣味吉他书,美国迪士尼公司,2012-10-01,未来出版社,1474条评论
124.,http://product.dangdang.com/25267912.html,翻翻看小玩家 （套装全4册）,步步联盟,2018-03-01,中国环境出版社,150条评论
125.,http://product.dangdang.com/23751907.html,鳄鱼先生立体书 成长启蒙 全9册,乔洛奇,2015-07-01,陕西人民教育出版社,572条评论
126.,http://product.dangdang.com/23642645.html,亮丽精美触摸书系列-小猫头鹰奥奇,莫里斯・普莱格尔,2011-09-01,未来出版社,2736条评论
127.,http://product.dangdang.com/25264273.html,邦臣小红花・阶梯拼图・第4阶・恐龙（4+）,北京小红花工作室,2018-04-01,中国人口出版社,1189条评论
128.,http://product.dangdang.com/25264275.html,邦臣小红花・阶梯拼图・第3阶・交通工具（3+）,北京小红花工作室,2018-04-01,中国人口出版社,1555条评论
129.,http://product.dangdang.com/25262822.html,好好玩神奇的生命立体书（升级版）：毛毛虫去哪儿了,胡巧玲,2018-04-01,安徽少年儿童出版社,1000条评论
130.,http://product.dangdang.com/25207539.html,邦臣小红花・创意早教拼图游戏（套装共3盒）,北京小红花图书工作室,2017-10-01,中国人口出版社,233条评论
131.,http://product.dangdang.com/23642648.html,亮丽精美触摸书系列-小熊波比,莫里斯・普莱格尔,2011-09-01,未来出版社,3079条评论
132.,http://product.dangdang.com/25315789.html,国学经典发声系列-我会读古诗,权惠娟,2012-11-01,未来出版社,7105条评论
133.,http://product.dangdang.com/25262773.html,我的发声书系列（2册）,权惠娟,2012-08-01,未来出版社,272条评论
134.,http://product.dangdang.com/25207017.html,邦臣小红花・神奇的弹跳立体书・全3册,小红花图书工作室,2017-08-01,中信出版社,202条评论
135.,http://product.dangdang.com/23964245.html,灰姑娘（世界经典立体书珍藏版）,夏尔・佩罗,2016-05-01,未来出版社,754条评论
136.,http://product.dangdang.com/24240489.html,芭比公主立体绘本：典藏版（全2册）,海豚传媒,2017-05-01,长江少年儿童出版社,355条评论
137.,http://product.dangdang.com/23435709.html,“书里藏着好多虫”系列（盒装，全6册）,卡特,2013-12-01,新蕾出版社,869条评论
138.,http://product.dangdang.com/23774241.html,小熊维尼玩偶随身听故事书,米勒,2013-01-01,阳光出版社,2581条评论
139.,http://product.dangdang.com/24030986.html,上翻下翻拼拼书套装(全三册),阿克塞尔・舍夫勒,2016-06-30,北京联合出版公司,1205条评论
140.,http://product.dangdang.com/25227489.html,奇妙科学胶片洞洞书 第一辑共5册（我的身体+开心农场+建筑工地+缤纷四季+消防总动员）,乔凡娜,2018-03-01,广东教育出版社,274条评论
141.,http://product.dangdang.com/25069632.html,看里面立体书系列（全2册）,菲奥娜・瓦特,2017-03-01,未来出版社,543条评论
142.,http://product.dangdang.com/25343998.html,我的发声书系列（共2册）,权惠娟,2012-08-01,未来出版社,310条评论
143.,http://product.dangdang.com/25069633.html,看里面立体书-阳光花园,亚历山德拉・普萨卡罗普洛,2017-03-01,未来出版社,1100条评论
144.,http://product.dangdang.com/23803345.html,神奇世界3D立体发声书：神奇海洋,亚娜舍丽雅高文琪,2015-10-01,长江少年儿童出版社,650条评论
145.,http://product.dangdang.com/25288638.html,会动的立体小汽车：超级小汽车+超级工程车（套装2册）,马克・克拉芒,2018-04-30,中信出版社,393条评论
146.,http://product.dangdang.com/23774238.html,海绵宝宝变声器故事书,荣信文化,2013-01-01,阳光出版社,1046条评论
147.,http://product.dangdang.com/25264270.html,邦臣小红花・阶梯拼图・第2阶・童话（2+）,北京小红花图书工作室,2018-04-01,中国人口出版社,1134条评论
148.,http://product.dangdang.com/23939824.html,费雪宝宝启蒙随身书 套装4册(写！最开始的123、听！那是谁的声音、看！森林里的颜色、画！我们的超级形状）,美泰公司,2016-01-01,国家开放大学出版社,765条评论
149.,http://product.dangdang.com/23986544.html,鳄鱼先生立体书-基础认知（全8册）,乔・洛奇,2015-09-01,陕西人民教育出版社,959条评论
150.,http://product.dangdang.com/25065418.html,海底小纵队・奇趣海洋大拼图：拯救篇,海豚传媒,2017-04-01,长江少年儿童出版社,1299条评论
151.,http://product.dangdang.com/24103121.html,纸上艺术馆：大卫・卡特极致创意立体书-600黑斑,大卫.A.卡特,2016-10-01,未来出版社,301条评论
152.,http://product.dangdang.com/25069680.html,点亮夜空的萤火虫（pi kids 皮克有声玩具书・配手电筒）,皮克童书编辑组,2017-05-01,江苏教育出版社,466条评论
153.,http://product.dangdang.com/25177152.html,露露生活习惯养成玩具书系列：露露上厕所,卡米拉・里德,2017-10-01,中信出版社,770条评论
154.,http://product.dangdang.com/23598463.html,变形金刚变声器故事书,大卫・罗,2013-09-03,阳光出版社,1843条评论
155.,http://product.dangdang.com/23964339.html,花・愿,Marshall,2015-09-01,未来出版社,519条评论
156.,http://product.dangdang.com/23923553.html,穿越自然互动立体发声书：蔚蓝海洋,布莱恩.哈里斯,2016-04-01,长江少年儿童出版社,485条评论
157.,http://product.dangdang.com/25264272.html,邦臣小红花・阶梯拼图・第4阶・游玩(4+),北京小红花工作室,2018-04-01,中国人口出版社,893条评论
158.,http://product.dangdang.com/25152888.html,你来演，我来听系列,安雅・德赖尔・布吕克尔,2015-09-01,北京联合出版公司,479条评论
159.,http://product.dangdang.com/25262777.html,小熊维尼发声书（2册）,鱼改燕,2011-09-01,陕西人民教育出版社,197条评论
160.,http://product.dangdang.com/25184905.html,露露认知启蒙纸板翻翻书系列（套装4册）,卡米拉・里德,2017-09-01,中信出版社,314条评论
161.,http://product.dangdang.com/23951527.html,最美自然洞洞绘本（全8册）,玛加丽・阿特罗比,2016-04-01,未来出版社,693条评论
162.,http://product.dangdang.com/25088800.html,幼儿社交能力培养立体屋（套装共6册）,亨利・科尔,2017-07-01,长江少年儿童出版社,177条评论
163.,http://product.dangdang.com/23476396.html,噼里啪啦立体玩具书 特别版（共5册）,童公佳,2014-05-01,２１世纪出版社,11395条评论
164.,http://product.dangdang.com/25157095.html,小马宝莉大声朗读故事(中英双语版)(套装共10册)(专供),美国孩之宝公司,2017-08-01,外语教学与研究出版社,320条评论
165.,http://product.dangdang.com/23721956.html,宝宝的第一套拼图游戏,北京小红花图书工作室,2015-01-01,中国人口出版社,1044条评论
166.,http://product.dangdang.com/25142069.html,英国宝宝双语探索玩具书（全8册）,麦克米伦出版公司,2017-08-01,长江少年儿童出版社,104条评论
167.,http://product.dangdang.com/24103120.html,纸上艺术馆：大卫・卡特极致创意立体书-藏藏找找,大卫・卡特,2016-10-01,未来出版社,286条评论
168.,http://product.dangdang.com/25091677.html,跑跑乐地板玩具书・小火车跑呀跑,瓦特,2017-04-01,中信出版社,624条评论
169.,http://product.dangdang.com/24160608.html,胡桃夹子-乐乐趣绘本立体书,尼鲁特・普塔皮帕特,2016-12-01,未来出版社,739条评论
170.,http://product.dangdang.com/25270793.html,好习惯互动翻翻书（套装6册）,沐渔文化,2018-04-01,化学工业出版社,300条评论
171.,http://product.dangdang.com/25277178.html,《各种各样的房子（套装8册）》,大鹭,2018-05-18,电子工业出版社,125条评论
172.,http://product.dangdang.com/24044095.html,我的启蒙认知拼图书（套装6册）,皮皮书坊,2016-11-01,化学工业出版社,391条评论
173.,http://product.dangdang.com/25190692.html,袋鼠妈妈 幼儿立体手工书升级版（全6册）,袋鼠妈妈童书,2017-11-01,金盾出版社,1262条评论
174.,http://product.dangdang.com/23803344.html,神奇世界3D立体发声书：野生动物,埃琳娜卡琳汀娜,2015-10-01,长江少年儿童出版社,513条评论
175.,http://product.dangdang.com/25262824.html,好好玩神奇的生命立体书（升级版）：我不要变大怪物,胡巧玲,2018-04-01,安徽少年儿童出版社,766条评论
176.,http://product.dangdang.com/23956251.html,DK宝宝捉迷藏认知立体书-该睡觉了,道恩.希瑞特,2016-04-01,未来出版社,2014条评论
177.,http://product.dangdang.com/25065417.html,海底小纵队・奇趣海洋大拼图：探险篇,・海豚传媒,2017-04-01,长江少年儿童出版社,1222条评论
178.,http://product.dangdang.com/24185225.html,神奇洞洞书（全四册）,袋鼠妈妈童书,2016-10-01,江西美术出版社,449条评论
179.,http://product.dangdang.com/23917641.html,汉语拼音             南极熊有声读物系列,大宝小寒工作室,2015-11-01,二十一世纪出版社,822条评论
180.,http://product.dangdang.com/25160844.html,尤斯伯恩玩具书・宝宝触摸游戏书,英国尤斯伯恩出版公司,2017-05-01,接力出版社,246条评论
181.,http://product.dangdang.com/25264271.html,邦臣小红花・阶梯拼图・第3阶・花园（3+）,小红花图书工作室,2018-04-01,中国人口出版社,970条评论
182.,http://product.dangdang.com/25329485.html,趣味科普立体书第2辑（全5册）,多里翁,2012-06-01,未来出版社,1086条评论
183.,http://product.dangdang.com/25236922.html,立体拼插轨道玩具书 警车大追捕,COCCINELLA,2018-03-01,科学出版社,238条评论
184.,http://product.dangdang.com/25320637.html,3D变形金刚・终极立体宇宙,马修・瑞恩哈特,2017-08-01,安徽少年儿童出版社,233条评论
185.,http://product.dangdang.com/25264276.html,邦臣小红花・阶梯拼图・第5阶・节日(5+),北京小红花工作室,2018-04-01,中国人口出版社,768条评论
186.,http://product.dangdang.com/25157062.html,比得兔的故事立体书,比阿特丽克斯,2017-06-01,陕西人民教育出版社,256条评论
187.,http://product.dangdang.com/24157794.html,邦臣小红花-我的第一本触摸翻翻玩具书（全4册）,北京邦臣小红花工作室,2016-11-01,中国人口出版社,419条评论
188.,http://product.dangdang.com/23682290.html,幼儿认知有声学习书2  南极熊有声读物系列,台湾风车图书,2015-02-01,二十一世纪出版社,1107条评论
189.,http://product.dangdang.com/25313791.html,国学经典发声系列-我会读三字经,马莉,2013-03-01,未来出版社,805条评论
190.,http://product.dangdang.com/25478391.html,动物朋友翻翻触摸书系列（全4册）,莫里斯・普莱格尔,2018-10-01,陕西人民教育出版社,3125条评论
191.,http://product.dangdang.com/25177149.html,露露生活习惯养成玩具书系列：露露吃午餐,卡米拉・里德,2017-10-01,中信出版社,583条评论
192.,http://product.dangdang.com/25329484.html,趣味科普立体书第1辑（全5册）,多里翁,2012-08-01,未来出版社,2058条评论
193.,http://product.dangdang.com/25153109.html,正版授权 迪士尼益智拼图书：米奇妙妙屋,嘉良传媒,2017-09-01,江西美术出版社,1291条评论
194.,http://product.dangdang.com/25204136.html,4D实景互动恐龙翻翻书(全套3册),邢立达,2017-09-01,吉林科学技术出版社,122条评论
195.,http://product.dangdang.com/23585133.html,维尼睡眠曲小夜灯音乐书,美国迪士尼故事书艺术组,2012-10-01,未来出版社,3350条评论
196.,http://product.dangdang.com/23639299.html,欢乐学数学           南极熊有声读物系列,台湾风车图书,2014-10-01,二十一世纪出版社,769条评论
197.,http://product.dangdang.com/23909853.html,乐乐趣手制立体书（全2册）,阿诺,2016-01-01,陕西人民教育出版社,1024条评论
198.,http://product.dangdang.com/24000149.html,费雪宝宝益智触摸书(套装3册）,美泰公司,2016-12-01,国家开放大学出版社,297条评论
199.,http://product.dangdang.com/24103028.html,纸上艺术馆：大卫・卡特极致创意立体书-黄色方块,大卫・卡特,2016-10-01,未来出版社,198条评论
200.,http://product.dangdang.com/25264274.html,邦臣小红花・阶梯拼图・第5阶・动物(5+),北京小红花工作室,2018-04-01,中国人口出版社,679条评论
201.,http://product.dangdang.com/23669270.html,看里面第四辑-揭秘发明,艾米丽・邦,2014-10-01,未来出版社,4495条评论
202.,http://product.dangdang.com/25273616.html,宝宝立体认知游戏书 （全4册）（彩虹岛童书馆出品）,未来出版社,2018-05-17,辽宁少年儿童出版社,145条评论
203.,http://product.dangdang.com/25177150.html,露露生活习惯养成玩具书系列：露露穿衣服,张然,2017-10-01,中信出版社,545条评论
204.,http://product.dangdang.com/22620294.html,咚咚咚！喜羊羊打鼓书,辽宁少年儿童出版社,2012-02-01,未来出版社,1029条评论
205.,http://product.dangdang.com/25207538.html,邦臣小红花・恐龙拼图（套装共3盒）,卡米拉・里德,2017-09-01,中国人口出版社,200条评论
206.,http://product.dangdang.com/23669277.html,喵喵和吱吱的颜色游戏――趣味认知立体书,中信出版社,2013-06-01,未来出版社,1557条评论
207.,http://product.dangdang.com/23642641.html,看里面第五辑-揭秘古埃及,杨金秀,2014-10-01,未来出版社,4518条评论
208.,http://product.dangdang.com/25207540.html,邦臣小红花・创意早教拼图游戏. 动物,未来出版社,2017-10-01,中国人口出版社,363条评论
209.,http://product.dangdang.com/22550978.html,迪士尼公主音乐王冠故事书,北京小红花图书工作室,2011-09-01,未来出版社,887条评论
210.,http://product.dangdang.com/23991996.html,鳄鱼先生立体农场游戏屋,中国人口出版社,2016-06-01,陕西人民教育出版社,656条评论
211.,http://product.dangdang.com/25215788.html,跟着Wolly游世界 AR互动探索版：这才是伦敦,戴维・佩勒姆,2018-01-01,浙江少年儿童出版社,234条评论
212.,http://product.dangdang.com/23851142.html,趣狗有声挂图 水果蔬菜,未来出版社,2016-01-11,机械工业出版社,1334条评论
213.,http://product.dangdang.com/25157063.html,比得兔立体故事屋,琼斯,2017-06-01,陕西人民教育出版社,158条评论
214.,http://product.dangdang.com/25258110.html,惊奇拉拉看：里面外面+前面后面+上面下面+现在将来（套装4册）,未来出版社,2018-01-01,哈尔滨出版社,149条评论
215.,http://product.dangdang.com/23320502.html,国学经典发声系列――中国神话故事,北京小红花图书工作室,2013-05-01,未来出版社,5831条评论
216.,http://product.dangdang.com/23851147.html,趣狗有声挂图 动物世界,中国人口出版社,2016-01-11,机械工业出版社,1218条评论
217.,http://product.dangdang.com/24103029.html,纸上艺术馆：大卫・卡特极致创意立体书-白色噪音,英国读者文摘,2016-10-01,未来出版社,205条评论
218.,http://product.dangdang.com/23680611.html,有趣的透视立体书（全7册）,未来出版社,2013-01-01,科学普及出版社,162条评论
219.,http://product.dangdang.com/25344845.html,小猪佩奇全景立体书・礼包（粉红色）,乔・洛奇,2017-08-01,浙江摄影出版社,236条评论
220.,http://product.dangdang.com/21057426.html,迪士尼公主观影机故事书,陕西人民教育出版社,2011-03-01,未来出版社,1082条评论
221.,http://product.dangdang.com/23495977.html,信谊世界精选图画书・好饿的毛毛虫 立体洞洞书,艾瑞・卡尔,2014-01-01,明天出版社,3205条评论
222.,http://product.dangdang.com/25258115.html,无字翻翻书：春夏秋冬+热闹的农场+白天黑夜+忙碌的工地（套装4册）,卡佳・曼森,2017-09-01,哈尔滨出版社,79条评论
223.,http://product.dangdang.com/23669278.html,奇妙洞洞书第三辑-猜猜它是谁？,麦斯特里尼,2015-01-01,未来出版社,2444条评论
224.,http://product.dangdang.com/23427172.html,《叮叮咚咚，来唱歌》启发精选世界优秀畅销绘本,台湾麦克编辑群,2014-02-01,北京联合出版公司,422条评论
225.,http://product.dangdang.com/25201400.html,4D实景互动武器翻翻书 枪械大师翻开看,韩雨江,2017-11-01,吉林科学技术出版社,305条评论
226.,http://product.dangdang.com/25153112.html,正版授权 迪士尼益智拼图书：冰雪奇缘,嘉良传媒,2017-09-01,江西美术出版社,1075条评论
227.,http://product.dangdang.com/25175381.html,《点点和多多 生活情境系列》,艾玛・杜德,2017-12-01,海豚出版社,110条评论
228.,http://product.dangdang.com/25324762.html,超好玩的立体翻翻书. 恐龙动起来,派糖童书,2018-08-01,化学工业出版社,228条评论
229.,http://product.dangdang.com/24103030.html,纸上艺术馆：大卫・卡特极致创意立体书-百变蓝2,大卫.A.卡特,2016-10-01,未来出版社,183条评论
230.,http://product.dangdang.com/25194955.html,互动认知翻翻看（全4册）,艺琳堂,2017-05-01,现代教育出版社,116条评论
231.,http://product.dangdang.com/25087581.html,海润阳光・娜娜快乐成长系列（幼儿触摸认知立体绘本）（套装共4册）,陈长海,2015-11-01,中国人口出版社,173条评论
232.,http://product.dangdang.com/23489381.html,小手翻翻玩具书（套装4本）,七色王国,2014-03-01,科学普及出版社,1901条评论
233.,http://product.dangdang.com/24049632.html,咔嚓咔嚓牙齿书,贝阿特丽丝・卡塔马尼亚,2016-08-01,北京联合出版公司,275条评论
234.,http://product.dangdang.com/25324520.html,噼里啪啦立体玩具书 宝宝捉迷藏,童公佳,2018-08-01,二十一世纪出版社,237条评论
235.,http://product.dangdang.com/23330124.html,“看里面”情境认知洞洞书:不一样的公园+了不起的交通（套装2册）,莎丽・毛雷尔,2013-07-01,化学工业出版社,5551条评论
236.,http://product.dangdang.com/25153114.html,正版授权 迪士尼益智拼图书：赛车总动员,嘉良传媒,2017-09-01,江西美术出版社,987条评论
237.,http://product.dangdang.com/23718494.html,有趣的透视立体书 机械篇（全8册）,明洋卓安,2015-05-01,科学普及出版社,275条评论
238.,http://product.dangdang.com/25207542.html,邦臣小红花・创意早教拼图游戏. 颜色・形状・对比,北京小红花图书工作室,2017-10-01,中国人口出版社,306条评论
239.,http://product.dangdang.com/23851140.html,趣狗有声挂图 英文字母,周勇,2016-01-11,机械工业出版社,1251条评论
240.,http://product.dangdang.com/23642642.html,看里面第五辑-揭秘古代世界,琼斯,2014-10-01,未来出版社,3643条评论
241.,http://product.dangdang.com/23593407.html,《后面是什么？》手脑互动翻翻书，适合18个月龄以上宝宝,卡特娅・许勒尔,2014-08-01,新蕾出版社,1846条评论
242.,http://product.dangdang.com/23810597.html,Pi kids 童书・我是歌手(（有声玩具书・配麦克风）),新蕾出版社,2015-09-01,江苏教育出版社,156条评论
243.,http://product.dangdang.com/25215791.html,跟着Wolly游世界 AR互动探索版：这才是东京,,2018-01-01,浙江少年儿童出版社,202条评论
244.,http://product.dangdang.com/25065416.html,海底小纵队・奇趣海洋大拼图：发现篇,江苏教育出版社,2017-04-01,长江少年儿童出版社,726条评论
245.,http://product.dangdang.com/22550977.html,长发公主音乐梳子故事书,Wolledge工作室,2011-09-01,未来出版社,1926条评论
246.,http://product.dangdang.com/25324521.html,噼里啪啦立体玩具书 动物躲猫猫,浙江少年儿童出版社,2018-08-01,二十一世纪出版社,204条评论
247.,http://product.dangdang.com/25245686.html,百变抠抠书（全4册：恐龙、昆虫、野生动物、农场动物）,・海豚传媒,2018-03-01,新星出版社,60条评论
248.,http://product.dangdang.com/25088297.html,邦臣小红花・宝宝的触摸书・农场 [0-3岁],长江少年儿童出版社,2017-05-01,中国人口出版社,580条评论
249.,http://product.dangdang.com/25207541.html,邦臣小红花・创意早教拼图游戏. 字母・数字,迪士尼故事书艺术组,2017-10-01,中国人口出版社,228条评论
250.,http://product.dangdang.com/23930581.html,动物捉迷藏系列（全6册）,未来出版社,2013-04-01,未来出版社,609条评论
251.,http://product.dangdang.com/25234175.html,超级飞侠双语发声故事书（套装共2册）,童公佳,2018-01-01,四川少儿出版社,91条评论
252.,http://product.dangdang.com/25307302.html,小手触摸大世界・第二辑（全3册）,二十一世纪出版社,2018-07-01,长江少年儿童出版社,25条评论
253.,http://product.dangdang.com/23923556.html,穿越自然互动立体发声书：缤纷雨林,劳拉・汉布尔顿,2016-04-01,长江少年儿童出版社,351条评论
254.,http://product.dangdang.com/25196576.html,成语故事（蜗牛故事绘，有声版）,新星出版社,2017-11-01,福建少年儿童出版社,935条评论
255.,http://product.dangdang.com/25288013.html,露露社交能力培养翻翻绘本（套装3册）,北京小红花图书工作室,2018-01-01,中信出版社,197条评论
256.,http://product.dangdang.com/23992151.html,大揭秘最酷3D儿童立体百科-火山与地震之谜,中国人口出版社,2016-02-01,陕西人民教育出版社,951条评论
257.,http://product.dangdang.com/22737186.html,玩具乐翻天 毛绒玩具发声书（共4册）,北京小红花图书工作室,2012-05-01,   ,11884条评论
258.,http://product.dangdang.com/25207016.html,邦臣小红花・神奇的弹跳立体书・开车出发啦,中国人口出版社,2017-08-01,中信出版社,325条评论
259.,http://product.dangdang.com/23743278.html,疯狂外星人拼图故事书,杰克・迪克尔,2015-06-01,国家开放大学出版社,648条评论
260.,http://product.dangdang.com/25153110.html,正版授权 迪士尼益智拼图书：小公主苏菲亚,未来出版社,2017-09-01,江西美术出版社,916条评论
261.,http://product.dangdang.com/25088760.html,法国幼儿科学启蒙玩具书（套装共6册）,法国纳唐出版社,2017-06-01,长江少年儿童出版社,80条评论
262.,http://product.dangdang.com/25215790.html,跟着Wolly游世界 AR互动探索版：这才是巴黎,长江少年儿童出版社,2018-01-01,浙江少年儿童出版社,163条评论
263.,http://product.dangdang.com/25166464.html,pi kids 皮克童书・会说话的动物百科(有声玩具书),Wolledge工作室,2017-06-30,江苏教育出版社,123条评论
264.,http://product.dangdang.com/23931285.html,彩虹翻翻书系列 第2辑（全6册）,浙江少年儿童出版社,2012-03-01,未来出版社,414条评论
265.,http://product.dangdang.com/23961202.html,pi kids 童书・快来数数（皮克有声玩具书・配可擦写笔）,,2016-04-15,江苏教育出版社,164条评论
266.,http://product.dangdang.com/25102083.html,宝宝，真棒！婴幼生活情境互动体验书,江苏教育出版社,2016-05-01,北京联合出版公司,214条评论
267.,http://product.dangdang.com/23960505.html,小不点系列弹跳立体书（全3册）,布索拉蒂,2016-04-01,未来出版社,244条评论
268.,http://product.dangdang.com/25075420.html,恐龙时代拼图书（精装版）（全彩）,未来出版社,2017-04-01,电子工业出版社,271条评论
269.,http://product.dangdang.com/25120032.html,百变亲子小剧场 （全四册）,艾瑞克,2017-07-01,北京联合出版公司,127条评论
270.,http://product.dangdang.com/24174426.html,费雪宝宝抠抠拼图书（套装全3册）,江苏教育出版社,2017-05-01,国家开放大学出版社,191条评论
271.,http://product.dangdang.com/25175380.html,《点点和多多 成长认知系列》,汉斯,2017-12-01,海豚出版社,100条评论
272.,http://product.dangdang.com/23720266.html,德国儿童情景体验翻翻书：建筑工地真热闹,北京联合出版公司,2015-06-01,长江少年儿童出版社,1363条评论
273.,http://product.dangdang.com/25215789.html,跟着Wolly游世界 AR互动探索版：这才是巴塞罗那,埃里克・森仕林,2018-01-01,浙江少年儿童出版社,161条评论
274.,http://product.dangdang.com/25224494.html,会动的立体小汽车：超级工程车,未来出版社,2018-04-01,中信出版社,263条评论
275.,http://product.dangdang.com/23923555.html,穿越自然互动立体发声书：壮美草原,Paola,2016-04-01,长江少年儿童出版社,241条评论
276.,http://product.dangdang.com/25212061.html,上拼下拼翻翻书：疯狂的耳朵+疯狂的脚丫+疯狂的尾巴（套装3册）,电子工业出版社,2018-01-01,哈尔滨出版社,177条评论
277.,http://product.dangdang.com/24220988.html,影子剧院-消失的太阳,贝内迪克特・古提艾,2016-09-01,北京联合出版公司,636条评论
278.,http://product.dangdang.com/23851141.html,趣狗有声挂图 学数字,北京联合出版公司,2016-01-11,机械工业出版社,883条评论
279.,http://product.dangdang.com/25156065.html,迪士尼经典故事3D立体剧场第二辑（全五册）,美泰公司,2017-07-01,未来出版社,103条评论
280.,http://product.dangdang.com/25177153.html,露露生活习惯养成玩具书系列：露露学穿鞋,国家开放大学出版社,2017-10-01,中信出版社,332条评论
281.,http://product.dangdang.com/25224495.html,会动的立体小汽车：超级小汽车,马克・克拉芒,2018-04-01,中信出版社,274条评论
282.,http://product.dangdang.com/25196575.html,好习惯故事（蜗牛故事绘，有声版）,中信出版社,2017-11-01,福建少年儿童出版社,736条评论
283.,http://product.dangdang.com/23992152.html,大揭秘最酷3D儿童立体百科（全4册）,蜗年少儿,2016-02-01,陕西人民教育出版社,213条评论
284.,http://product.dangdang.com/25086097.html,有趣的动物立体书系列：第一辑（套装全4册）,福建少年儿童出版社,2017-05-01,中信出版社,125条评论
285.,http://product.dangdang.com/25203466.html,法国幼儿科学启蒙玩具书：我爱幼儿园,安妮塔・加奈莉,2017-12-01,长江少年儿童出版社,406条评论
286.,http://product.dangdang.com/23851144.html,趣狗有声挂图 交通工具,陕西人民教育出版社,2016-01-11,机械工业出版社,731条评论
287.,http://product.dangdang.com/23457901.html,有趣的3D立体书（精装全4册）,鲁道夫・卢克什,2013-06-01,科学普及出版社,1601条评论
288.,http://product.dangdang.com/23923554.html,穿越自然互动立体发声书：奇境森林,中信出版社,2016-04-01,长江少年儿童出版社,195条评论
289.,http://product.dangdang.com/25124708.html,我的第一个问题和答案翻翻书：天空为什么会下雨？,纳唐出版社,2017-06-01,中信出版社,333条评论
290.,http://product.dangdang.com/23902420.html,乐乐趣 快乐动物(附鳄鱼先生玩偶1个),长江少年儿童出版社,2012-08-01,未来出版社,322条评论
291.,http://product.dangdang.com/23724434.html,谁的……翻翻书系列绘本（全10册）,周勇,2015-06-01,重庆出版社,674条评论
292.,http://product.dangdang.com/25273615.html,奇思妙想 创意玩具书 （全4册）（彩虹岛童书馆出品）,机械工业出版社,2018-03-01,辽宁少年儿童出版社,57条评论
293.,http://product.dangdang.com/22629522.html,玩具乐翻天 欢乐时光立体认知书 第二辑（共4册）（澳洲国宝级认知类玩具书，已被译为多国文字，销量达200万册）,约翰・伍德沃德,2012-03-01,   ,903条评论
294.,http://product.dangdang.com/25162786.html,上学第一天,科学普及出版社,2017-08-01,北京联合出版有限公司,152条评论
295.,http://product.dangdang.com/25088296.html,邦臣小红花・宝宝的触摸书・ 动物 [0-3岁],布莱恩.哈里斯,2017-05-01,中国人口出版社,396条评论
296.,http://product.dangdang.com/24220987.html,影子剧院-石头公主,长江少年儿童出版社,2016-09-01,北京联合出版公司,576条评论
297.,http://product.dangdang.com/23654488.html,翻翻寻找书，陪伴开心入园-快乐伙伴找找找,凯蒂・戴恩斯,2015-02-01,二十一世纪出版社,474条评论
298.,http://product.dangdang.com/22576021.html,迪士尼手偶书-跳跳虎(乐乐趣玩具书：迪士尼经典人物，套上小手偶，装上小小书。在跳跳虎的表演下，让宝宝快乐认知颜色、形状、数字等知识。),中信出版社,2011-10-01,未来出版社,4176条评论
299.,http://product.dangdang.com/25101115.html,小不点布书洗澡书礼盒,马修斯,2017-04-01,未来出版社,247条评论
300.,http://product.dangdang.com/23817596.html,迪士尼公主（Pi kids 童书・贴纸、亮片等立体书礼品套装）,未来出版社,2015-10-01,江苏教育出版社,133条评论
301.,http://product.dangdang.com/23639298.html,A B C英文歌谣        南极熊有声读物系列,台湾风车图书,2014-11-01,二十一世纪出版社,1451条评论
302.,http://product.dangdang.com/25124709.html,我的第一个问题和答案翻翻书：植物为什么要开花？,二十一世纪出版社,2017-06-01,中信出版社,278条评论
303.,http://product.dangdang.com/23910625.html,宝宝游戏力培养翻翻书 全2册,凯蒂・戴恩斯,2016-01-01,未来出版社,401条评论
304.,http://product.dangdang.com/24177607.html,艺术跑出来了:超好玩的3D实境互动艺术大百科,中信出版社,2017-01-01,中信出版社,225条评论
305.,http://product.dangdang.com/23770336.html,视觉启蒙认知系列 全4册,阿兰・克洛宗,2015-07-01,未来出版社,1537条评论
306.,http://product.dangdang.com/24220986.html,影子剧院-沉睡的美人,未来出版社,2016-09-01,北京联合出版公司,513条评论
307.,http://product.dangdang.com/23250610.html,喜羊羊大战灰太狼 音乐游戏书（乐乐趣童书：钢琴弹奏与打灰太狼游戏完美结合，快速提升专注力与反应能力。还有评分系统哦！）,苏西・霍奇,2013-03-01,阳光出版社,456条评论
308.,http://product.dangdang.com/23669284.html,奇妙洞洞书第三辑-小红帽童话大串烧（引自意大利经典的宝宝认知系列童书。“花婆婆”方素珍倾情编译；全新的“洞洞”阅读形式，促进手部精细小动作，培养触觉神经发育和语言能力的发展。乐乐趣童书）,中信出版社,2015-01-01,未来出版社,1832条评论
309.,http://product.dangdang.com/23774239.html,和喜羊羊一起弹钢琴（豪华版）,索菲佩勒姆,2013-05-01,阳光出版社,1633条评论
310.,http://product.dangdang.com/25207545.html,邦臣小红花・恐龙拼图. 3,未来出版社,2017-09-01,中国人口出版社,346条评论
311.,http://product.dangdang.com/23251409.html,我最喜爱的黑板书（全4册）,娜塔莉・迪特雷,2013-05-15,江西高校出版社,1317条评论
312.,http://product.dangdang.com/25344846.html,小猪佩奇全景立体书・礼包（黄色）,北京联合出版公司,2017-08-01,浙江摄影出版社,115条评论
313.,http://product.dangdang.com/25269426.html,团团和圆圆（全4册）,杨金秀,2018-05-01,北京联合出版公司,101条评论
314.,http://product.dangdang.com/25089636.html,正版授权 迪士尼故事拼图书：赛车总动员,阳光出版社,2017-06-01,江西美术出版社,747条评论
315.,http://product.dangdang.com/25206605.html,邦臣小红花・亲亲宝贝翻翻书（全4册）,麦斯特里尼,2017-10-01,中国人口出版社,86条评论
316.,http://product.dangdang.com/23909178.html,芭比360度全景立体书・女孩的梦想城堡,未来出版社,2016-03-01,长江少年儿童出版社,560条评论
317.,http://product.dangdang.com/25232886.html,小猪佩奇立体剧场书：好习惯养成系列：整理房间,荣信文化出品,2017-08-01,浙江摄影出版社,282条评论
318.,http://product.dangdang.com/25201403.html,4D实景互动恐龙翻翻书 翻开侏罗纪,阳光出版社,2017-09-01,吉林科学技术出版社,154条评论
319.,http://product.dangdang.com/24158038.html,圣诞星节日立体绘本,北京小红花图书工作室,2016-12-01,陕西人民教育出版社,320条评论
320.,http://product.dangdang.com/25327386.html,可爱动物涂鸦发声书,中国人口出版社,2018-03-01,未来出版社,105条评论
321.,http://product.dangdang.com/25254306.html,小公主之家立体书,卡里奥,2018-04-01,新蕾出版社,64条评论
322.,http://product.dangdang.com/23766035.html,DK大眼睛洞洞书系列第四辑・亲近小可爱（3册套装）,新蕾出版社,2015-10-01,国家开放大学出版社,592条评论
323.,http://product.dangdang.com/25125425.html,丛林妙想,DK公司,2017-07-01,北京联合出版有限公司,230条评论
324.,http://product.dangdang.com/23851143.html,趣狗有声挂图 看图识字,国家开放大学出版社,2016-01-11,机械工业出版社,597条评论
325.,http://product.dangdang.com/25280282.html,花格子大象手偶书：晚安，艾玛！,托马斯・思科图,2018-06-01,中信出版社,258条评论
326.,http://product.dangdang.com/23720261.html,德国儿童情景体验翻翻书：我从哪里来,北京联合出版有限公司,2015-06-01,长江少年儿童出版社,1456条评论
327.,http://product.dangdang.com/24142698.html,邦臣小红花・0-3岁婴幼儿脑科学互动发声玩具盒（全2套）,周勇,2016-10-01,青岛出版社,223条评论
328.,http://product.dangdang.com/23496224.html,小公主之家,机械工业出版社,2014-05-01,新蕾出版社,204条评论
329.,http://product.dangdang.com/25313908.html,邦臣小红花-创意条形拼图・交通工具,大卫・麦基,2018-06-01,中国人口出版社,233条评论
330.,http://product.dangdang.com/23985238.html,“自然之声”多维立体发声书-海洋,中信出版社,2011-10-01,未来出版社,406条评论
331.,http://product.dangdang.com/25201401.html,4D实景互动恐龙翻翻书 翻开白垩纪,芭芭拉温思,2017-09-01,吉林科学技术出版社,140条评论
332.,http://product.dangdang.com/25075669.html,洞咚动,长江少年儿童出版社,2017-03-01,中国青年出版社,1193条评论
333.,http://product.dangdang.com/25245687.html,百变抠抠书. 恐龙,北京小红花图书工作室,2018-03-01,新星出版社,220条评论
334.,http://product.dangdang.com/25177151.html,露露生活习惯养成玩具书系列：露露过圣诞,青岛出版社,2017-10-01,中信出版社,231条评论
335.,http://product.dangdang.com/23992153.html,大揭秘最酷3D儿童立体百科-人体的奥秘,卡里奥・卡斯塔罗,2016-02-01,陕西人民教育出版社,324条评论
336.,http://product.dangdang.com/25234041.html,法国益智积木：家里的蒙氏玩教具,新蕾出版社,2017-08-01,陕西人民教育出版社,111条评论
337.,http://product.dangdang.com/23669281.html,奇妙洞洞书第三辑-然后呢？,北京小红花图书工作室,2015-01-01,未来出版社,1186条评论
338.,http://product.dangdang.com/23810629.html,Pi kids 童书・迪士尼故事屋,中国人口出版社,2015-09-01,江苏教育出版社,30条评论
339.,http://product.dangdang.com/24049542.html,艾布克的立体笔记探索恐龙王国,伍德,2016-10-31,北京联合出版公司,478条评论
340.,http://product.dangdang.com/25315397.html,跳跳发声书：达达驾到 可可驾到（套装全2册）,未来出版社,2018-02-01,中国环境出版社,164条评论
341.,http://product.dangdang.com/23964244.html,宝贝亲近大自然拉拉绘本-神秘的夜晚,埃克多.戴可赛,2016-05-01,未来出版社,457条评论
342.,http://product.dangdang.com/24190988.html,邦臣小红花・我的第一本躲猫猫洞洞书. 猜猜我是谁 : 全4册,北京小红花图书工作室,2017-02-01,中国人口出版社,332条评论
343.,http://product.dangdang.com/25153116.html,正版授权 迪士尼涂色故事拼图书：冰雪奇缘,嘉良传媒,2017-06-01,江西美术出版社,385条评论
344.,http://product.dangdang.com/23950084.html,邦臣小红花-创意宝贝益智游戏盒. 神奇图章,北京小红花图书工作室,2015-11-01,青岛出版社,281条评论
345.,http://product.dangdang.com/25203464.html,法国幼儿科学启蒙玩具书：小小消防员,纳唐出版社,2017-12-01,长江少年儿童出版社,273条评论
346.,http://product.dangdang.com/25089638.html,正版授权 迪士尼故事拼图书：白雪公主,嘉良传媒,2017-06-01,江西美术出版社,611条评论
347.,http://product.dangdang.com/23926678.html,赛车总动员2 立体拼图轨道书：闪电麦坤的世界之旅,鱼改燕,2016-01-01,陕西人民教育出版社,341条评论
348.,http://product.dangdang.com/25280283.html,花格子大象洗澡书：艾玛爱洗澡,大卫・麦基,2018-06-01,中信出版社,229条评论
349.,http://product.dangdang.com/25273402.html,皮皮和米莉（全5册）,雅优,2018-05-01,中国环境出版社,36条评论
350.,http://product.dangdang.com/23495976.html,信谊世界精选图画书・猜猜我有多爱你（立体游戏书）,麦克・山姆布雷尼,2014-01-01,明天出版社,3076条评论
351.,http://product.dangdang.com/24041932.html,费雪认知启蒙转盘书（套装3册）,美泰公司,2016-10-01,国家开放大学出版社,160条评论
352.,http://product.dangdang.com/23893665.html,好好玩神奇的生命立体书 我不要变大怪物,七色王国,2015-01-01,安徽少年儿童出版社,2123条评论
353.,http://product.dangdang.com/25063880.html,pi kids 童书・爱探险的朵拉(故事机套装),皮克童书,2017-04-01,江苏教育出版社,21条评论
354.,http://product.dangdang.com/25203465.html,法国幼儿科学启蒙玩具书：建筑工地,纳唐出版社,2017-12-01,长江少年儿童出版社,895条评论
355.,http://product.dangdang.com/25313911.html,邦臣小红花-创意条形拼图・恐龙,北京小红花图书工作室,2018-06-01,中国人口出版社,201条评论
356.,http://product.dangdang.com/23598462.html,大肥羊学校的安全讲堂,蔡娜,2012-05-05,阳光出版社,781条评论
357.,http://product.dangdang.com/25162517.html,我是优秀小行人,乐范菌,2017-08-01,北京联合出版有限公司,117条评论
358.,http://product.dangdang.com/25269761.html,线（奇想国当代精选）,哥伦,2018-06-01,世界图书出版公司,294条评论
359.,http://product.dangdang.com/25204137.html,4D实景互动武器翻翻书（全套2册）,韩雨江,2017-11-01,吉林科学技术出版社,63条评论
360.,http://product.dangdang.com/23720271.html,德国儿童情景体验翻翻书：我不怕看医生,芭芭拉温思,2015-06-01,长江少年儿童出版社,1126条评论
361.,http://product.dangdang.com/23912506.html,费雪宝宝汽车书,美泰公司,2015-12-15,国家开放大学出版社,161条评论
362.,http://product.dangdang.com/22880018.html,我会念童谣,国家开放大学出版社,2012-08-01,未来出版社,2738条评论
363.,http://product.dangdang.com/25181580.html,米奇的魔术箱（pi kids 皮克有声童书・配魔术箱）,梁春燕,2017-10-01,江苏教育出版社,71条评论
364.,http://product.dangdang.com/23766033.html,DK大眼睛洞洞书系列第二辑・工程车派队（2册套装）,未来出版社,2015-10-01,国家开放大学出版社,746条评论
365.,http://product.dangdang.com/25087584.html,海润阳光・娜娜快乐成长系列. 自理能力培养立体手工书（套装共4册）,迈克吉,2016-08-01,中国人口出版社,80条评论
366.,http://product.dangdang.com/24184355.html,赛迦奥特曼创意拼图游戏盒?超人合体,江苏教育出版社,2017-02-01,国家开放大学出版社,568条评论
367.,http://product.dangdang.com/23718492.html,有趣的透视立体书（套装4册 客机+直升机+火箭+坦克）,DK公司,2015-05-01,科学普及出版社,153条评论
368.,http://product.dangdang.com/24173063.html,小鸡彩虹 多功能有声互动绘本 套装共8册,国家开放大学出版社,2017-01-01,人民邮电出版社,418条评论
369.,http://product.dangdang.com/23950082.html,邦臣小红花-创意宝贝益智游戏盒. 智慧雪花片,陈长海,2015-11-01,青岛出版社,207条评论
370.,http://product.dangdang.com/23930580.html,动物捉迷藏系列-忙碌的蜜蜂,中国人口出版社,2013-04-01,未来出版社,404条评论
371.,http://product.dangdang.com/25248808.html,海底小纵队AR情境互动书（全4册）,国开童媒,2018-05-01,长江少年儿童出版社,43条评论
372.,http://product.dangdang.com/23718493.html,有趣的透视立体书（套装4册 汽车+消防车+房车+赛车）,国家开放大学出版社,2015-05-01,科学普及出版社,184条评论
373.,http://product.dangdang.com/23669273.html,看里面第四辑-揭秘身体,明洋卓安,2014-10-01,未来出版社,13698条评论
374.,http://product.dangdang.com/25262409.html,翻翻书・问题百宝箱系列（全6册）,科学普及出版社,2018-02-07,中国青年出版社,31条评论
375.,http://product.dangdang.com/25207018.html,邦臣小红花・神奇的弹跳立体书・天气变呀变,杭州天雷动漫有限公司,2017-08-01,中信出版社,144条评论
376.,http://product.dangdang.com/23840172.html,自然好声音           南极熊有声读物系列,人民邮电出版社,2015-11-01,二十一世纪出版社,781条评论
377.,http://product.dangdang.com/25304223.html,超炫超酷的3D立体发音书--野生动物弹出来,北京小红花图书工作室,2018-06-01,化学工业出版社,163条评论
378.,http://product.dangdang.com/23918093.html,pi kids 童书・小小音乐家（有声玩具书套装・配可独立使用的小钢琴）,青岛出版社,2016-02-23,江苏教育出版社,30条评论
379.,http://product.dangdang.com/23669282.html,奇妙洞洞书第三辑-谁和谁一样重？（引自意大利经典的宝宝认知系列童书。“花婆婆”方素珍倾情编译；全新的“洞洞”阅读形式，促进手部精细小动作，培养触觉神经发育和语言能力的发展。乐乐趣童书）,杰克・迪克尔,2015-01-01,未来出版社,860条评论
380.,http://product.dangdang.com/25227367.html,好玩的交通立体认知书：工程车,未来出版社,2018-03-01,化学工业出版社,251条评论
381.,http://product.dangdang.com/24049540.html,艾布克的立体笔记探索海洋动物,炫睛科技,2016-10-31,北京联合出版公司,457条评论
382.,http://product.dangdang.com/25088299.html,邦臣小红花・宝宝的触摸书・颜色 [0-3岁],北京联合出版公司,2017-05-01,中国人口出版社,257条评论
383.,http://product.dangdang.com/23720270.html,德国儿童情景体验翻翻书：我会坐飞机,北京小红花图书工作室,2015-06-01,长江少年儿童出版社,1505条评论
384.,http://product.dangdang.com/25107513.html,赛车总动员3・拼插故事书・赛场新搭档,中国人口出版社,2017-08-20,中信出版社,273条评论
385.,http://product.dangdang.com/25089812.html,动物认知翻翻书(共2册）吵闹的农场/我不咬人 麦克米伦世纪,芭芭拉温思,2016-01-01,二十一世纪出版社,394条评论
386.,http://product.dangdang.com/25201402.html,4D实景互动恐龙翻翻书 翻开三叠纪,长江少年儿童出版社,2017-09-01,吉林科学技术出版社,114条评论
387.,http://product.dangdang.com/25207543.html,邦臣小红花・恐龙拼图. 1,美国迪士尼公司,2017-09-01,中国人口出版社,205条评论
388.,http://product.dangdang.com/23642643.html,看里面第五辑-揭秘古罗马,中信出版社,2014-10-01,未来出版社,2390条评论
389.,http://product.dangdang.com/25207544.html,邦臣小红花・恐龙拼图. 2,罗德,2017-09-01,中国人口出版社,217条评论
390.,http://product.dangdang.com/25069637.html,万物的故事-乐乐趣科普立体书,二十一世纪出版社,2016-12-01,未来出版社,166条评论
391.,http://product.dangdang.com/25203467.html,法国幼儿科学启蒙玩具书：天气变变变,邢立达,2017-12-01,长江少年儿童出版社,232条评论
392.,http://product.dangdang.com/23669283.html,奇妙洞洞书第三辑-我喜欢吃草（引自意大利经典的宝宝认知系列童书。“花婆婆”方素珍倾情编译；全新的“洞洞”阅读形式，促进手部精细小动作，培养触觉神经发育和语言能力的发展。乐乐趣童书）,吉林科学技术出版社,2015-01-01,未来出版社,1154条评论
393.,http://product.dangdang.com/24044347.html,邦臣小红花・宝宝启蒙认知积木塔小百科,北京小红花图书工作室,2016-08-01,中国人口出版社,381条评论
394.,http://product.dangdang.com/25232890.html,小猪佩奇立体剧场书：好习惯养成系列：快乐午餐,中国人口出版社,2017-08-01,浙江摄影出版社,241条评论
395.,http://product.dangdang.com/25175671.html,邦臣小红花・小小手指推拉滑板书・动物园,凯蒂・戴恩斯,2017-08-01,中信出版社,283条评论
396.,http://product.dangdang.com/24155864.html,姆咪图画翻翻书(套装共5册),未来出版社,2016-12-01,清华大学出版社,241条评论
397.,http://product.dangdang.com/25326137.html,小不点童书 宝宝的第一套数学启蒙翻翻书（全4册）,北京小红花图书工作室,2018-08-01,浙江少年儿童出版社,105条评论
398.,http://product.dangdang.com/23992150.html,大揭秘最酷3D儿童立体百科-神秘古埃及,中国人口出版社,2016-02-01,陕西人民教育出版社,584条评论
399.,http://product.dangdang.com/25153111.html,正版授权 迪士尼益智拼图书：小熊维尼,尼尔,2017-09-01,江西美术出版社,453条评论
400.,http://product.dangdang.com/23991995.html,迪士尼互动发声游戏书-嘀嗒嘀嗒几点了？,未来出版社,2016-06-01,陕西人民教育出版社,530条评论
401.,http://product.dangdang.com/25285516.html,神奇世界3D立体发声书：恐龙时代,海豚传媒,2018-07-01,长江少年儿童出版社,653条评论
402.,http://product.dangdang.com/25088298.html,邦臣小红花・宝宝的触摸书・数字 [0-3岁],长江少年儿童出版社,2017-05-01,中国人口出版社,229条评论
403.,http://product.dangdang.com/25270213.html,趣狗有声翻翻卡 儿歌唐诗,北京小红花图书工作室,2018-05-05,机械工业出版社,131条评论
404.,http://product.dangdang.com/24040390.html,我的启蒙认知拼图书：恐龙来啦,中国人口出版社,2016-11-01,化学工业出版社,628条评论
405.,http://product.dangdang.com/25101118.html,飞吧，天堂鸟-乐乐趣绘本立体书系列,周勇,2017-04-01,陕西人民教育出版社,153条评论
406.,http://product.dangdang.com/25153113.html,正版授权 迪士尼益智拼图书：疯狂动物城,机械工业出版社,2017-09-01,江西美术出版社,439条评论
407.,http://product.dangdang.com/25227499.html,正版授权 迪士尼趣味故事拼图・冰雪奇缘（盒装）,皮皮书坊,2018-02-01,江西美术出版社,259条评论
408.,http://product.dangdang.com/25101119.html,璀璨星空-乐乐趣绘本立体书系列,化学工业出版社,2017-04-01,陕西人民教育出版社,171条评论
409.,http://product.dangdang.com/23930582.html,动物捉迷藏系列-有趣的青蛙,菲利普,2013-04-01,未来出版社,402条评论
410.,http://product.dangdang.com/25107512.html,赛车总动员3・极速挑战・益智创想拼图书,陕西人民教育出版社,2017-08-15,中信出版社,263条评论
411.,http://product.dangdang.com/25124591.html,我的第一个问题和答案翻翻书：宝宝从哪里来？,嘉良传媒,2017-06-01,中信出版社,238条评论
412.,http://product.dangdang.com/23810626.html,Pi kids 童书・快乐农场,江西美术出版社,2015-09-30,江苏教育出版社,19条评论
413.,http://product.dangdang.com/25181581.html,米奇米奇几点了(pi kids 皮克童书・配时钟),嘉良传媒,2017-10-01,江苏教育出版社,65条评论
414.,http://product.dangdang.com/25235281.html,勾勾手指头・奇妙洞洞创意游戏,江西美术出版社,2018-03-01,石油工业出版社,66条评论
415.,http://product.dangdang.com/25101117.html,雪中精灵-乐乐趣绘本立体书系列,菲利普,2017-04-01,陕西人民教育出版社,147条评论
416.,http://product.dangdang.com/23766036.html,DK大眼睛洞洞书系列第一辑・快来认识它（2册套装）,陕西人民教育出版社,2015-10-01,国家开放大学出版社,608条评论
417.,http://product.dangdang.com/25245688.html,百变抠抠书. 昆虫,杰克・迪克尔,2018-03-01,新星出版社,178条评论
418.,http://product.dangdang.com/25149473.html,捉迷藏翻翻书. 变成了什么？+好吃的食物在哪里？+里边长什么样子？+我的孩子在哪里？+我的家在哪里？+我的妈妈在哪里？+我的朋友在哪里？+长大后的我是什么样子？,未来出版社,2017-08-01,江西高校出版社,94条评论
419.,http://product.dangdang.com/24004171.html,时光穿梭・趣味历史翻翻书（全2册）,美国迪士尼公司,2016-12-30,中信出版社,189条评论
420.,http://product.dangdang.com/25313907.html,邦臣小红花-创意条形拼图・动物,中信出版社,2018-06-01,中国人口出版社,155条评论
421.,http://product.dangdang.com/24016874.html,艾布克的立体笔记：探索狂野动物,炫睛科技,2016-06-30,北京联合出版公司,412条评论
422.,http://product.dangdang.com/24196768.html,闪光系列3D立体书-闪光美人鱼,北京联合出版公司,2015-08-01,江苏科学技术出版社,123条评论
423.,http://product.dangdang.com/25075424.html,史前生物拼图书（精装版）（全彩）,麦克尼古拉斯,2017-04-01,电子工业出版社,153条评论
424.,http://product.dangdang.com/23916484.html,奇幻花园-乐乐趣手制立体书,江苏科学技术出版社,2016-03-01,陕西人民教育出版社,1114条评论
425.,http://product.dangdang.com/23912485.html,喜羊羊与灰太狼儿童巧手立体纸工书：职业扮演,Paola,2015-12-01,国家开放大学出版社,416条评论
426.,http://product.dangdang.com/25177945.html,奇妙混搭翻翻书（全2册）（有趣的动物+有趣的恐龙）,电子工业出版社,2017-11-09,现代出版社,59条评论
427.,http://product.dangdang.com/23912481.html,喜羊羊与灰太狼儿童巧手立体纸工书：海底寻宝,阿诺・文,2015-12-01,国家开放大学出版社,455条评论
428.,http://product.dangdang.com/23950081.html,邦臣小红花-创意宝贝益智游戏盒. 趣味积木,陕西人民教育出版社,2015-11-01,青岛出版社,150条评论
429.,http://product.dangdang.com/25232889.html,小猪佩奇立体剧场书：好习惯养成系列：佩奇生病了,广州原创动力文化传播有限分司,2017-08-01,浙江摄影出版社,245条评论
430.,http://product.dangdang.com/25245690.html,百变抠抠书. 野生动物,国家开放大学出版社,2018-03-01,新星出版社,136条评论
431.,http://product.dangdang.com/25114531.html,立体触摸认知书.果蔬+动物+食物+物品+形状+数字+汽车+自然现象,吉达,2017-06-01,江西高校出版社,83条评论
432.,http://product.dangdang.com/23720267.html,德国儿童情景体验翻翻书：交通工具大比拼,现代出版社,2015-06-01,长江少年儿童出版社,980条评论
433.,http://product.dangdang.com/25231735.html,科学启蒙立体书：神秘的海底世界,广州原创动力文化传播有限分司,2017-09-01,江西高校出版社,292条评论
434.,http://product.dangdang.com/25142076.html,英国宝宝双语探索玩具书：游泳池,国家开放大学出版社,2017-08-01,长江少年儿童出版社,182条评论
435.,http://product.dangdang.com/24016875.html,艾布克的立体笔记：探索人类的伟大发明,北京小红花图书工作室,2016-06-30,北京联合出版公司,442条评论
436.,http://product.dangdang.com/24040392.html,我的启蒙认知拼图书：热闹的农场,青岛出版社,2016-11-01,化学工业出版社,585条评论
437.,http://product.dangdang.com/23720269.html,德国儿童情景体验翻翻书：我的身体真奇妙,,2015-06-01,长江少年儿童出版社,938条评论
438.,http://product.dangdang.com/25107514.html,赛车总动员3・拼插故事书・终极争霸赛,浙江摄影出版社,2017-08-20,中信出版社,235条评论
439.,http://product.dangdang.com/24016876.html,艾布克的立体笔记：探索人类的伟大奇迹,劳拉・汉布尔顿,2016-06-30,北京联合出版公司,417条评论
440.,http://product.dangdang.com/25212058.html,上拼下拼翻翻书：疯狂的耳朵,新星出版社,2018-01-01,哈尔滨出版社,199条评论
441.,http://product.dangdang.com/25285517.html,神奇世界3D立体发声书：神奇海洋,海豚传媒,2018-07-01,长江少年儿童出版社,703条评论
442.,http://product.dangdang.com/23810594.html,Pi kids 童书・冰雪奇缘（有声玩具书・配魔法棒）,长江少年儿童出版社,2015-09-30,江苏教育出版社,94条评论
443.,http://product.dangdang.com/25064833.html,绿野仙踪-世界经典立体书珍藏版,,2016-12-01,未来出版社,139条评论
444.,http://product.dangdang.com/23720268.html,德国儿童情景体验翻翻书：我会坐火车,江苏教育出版社,2015-06-01,长江少年儿童出版社,1397条评论
445.,http://product.dangdang.com/23931287.html,忙碌的小虫子（全4册）,莱曼,2008-07-01,未来出版社,242条评论
446.,http://product.dangdang.com/24033721.html,和朵拉一起边走边唱（pi kids皮克有声童书）,未来出版社,2016-11-09,江苏教育出版社,82条评论
447.,http://product.dangdang.com/23984352.html,"我的第一本动物形状躲猫猫-幼儿全方位思考形状洞洞书（0-3岁全方位游戏书!立体图书随手翻,提升宝宝的认知能力,锻练宝宝的观察力与判锻力）",芭芭拉温思,2016-06-01,福建科技出版社,421条评论
448.,http://product.dangdang.com/23964243.html,宝贝亲近大自然拉拉绘本-奇妙的海洋,长江少年儿童出版社,2016-05-01,未来出版社,214条评论
449.,http://product.dangdang.com/24002853.html,小车迷交通工具立体书（全4册）,博尔顿,2016-06-01,未来出版社,210条评论
450.,http://product.dangdang.com/25142070.html,英国宝宝双语探索玩具书：飞机场,未来出版社,2017-09-01,长江少年儿童出版社,178条评论
451.,http://product.dangdang.com/23717731.html,有趣的透视立体书―透视奇妙的火箭,,2015-05-01,科学普及出版社,698条评论
452.,http://product.dangdang.com/25201399.html,4D实景互动武器翻翻书 陆地霸主翻开看,江苏教育出版社,2017-11-01,吉林科学技术出版社,92条评论
453.,http://product.dangdang.com/23720265.html,德国儿童情景体验翻翻书：会魔法的天气,金版幼福,2015-06-01,长江少年儿童出版社,675条评论
454.,http://product.dangdang.com/25229018.html,邦臣小红花・看里面玩捉迷藏翻翻发声书・可爱的动物,福建科技出版社,2017-02-01,中国人口出版社,86条评论
455.,http://product.dangdang.com/25107511.html,赛车总动员3・极速挑战・益智创想嘉年华,埃克多.戴可赛,2017-08-15,中信出版社,126条评论
456.,http://product.dangdang.com/23810595.html,Pi kids 童书・你发现了什么？（有声玩具书・配放大镜）,未来出版社,2015-09-01,江苏教育出版社,88条评论
457.,http://product.dangdang.com/25070367.html,翻翻变洞洞书.衣服鞋子+飞鸟昆虫+海洋动物+交通工具+生活用品+可爱动物+野生动物+水果蔬菜,罗德.格林,2017-04-01,江西高校出版社,70条评论
458.,http://product.dangdang.com/23912480.html,喜羊羊与灰太狼儿童巧手立体纸工书：丛林冒险,未来出版社,2015-12-01,国家开放大学出版社,375条评论
459.,http://product.dangdang.com/25227368.html,好玩的交通立体认知书：街道上的车,麦克米伦出版公司,2018-03-01,化学工业出版社,181条评论
460.,http://product.dangdang.com/25227500.html,正版授权 迪士尼趣味故事拼图・赛车总动员（盒装）,长江少年儿童出版社,2018-02-01,江西美术出版社,168条评论
461.,http://product.dangdang.com/25203468.html,法国幼儿科学启蒙玩具书：恐龙王国,纳唐出版社,2017-12-01,长江少年儿童出版社,185条评论
462.,http://product.dangdang.com/25228798.html,好玩的交通立体认知书：各种各样的车（套装4册）,长江少年儿童出版社,2018-03-01,化学工业出版社,39条评论
463.,http://product.dangdang.com/23930583.html,动物捉迷藏系列-聪明的鳄鱼,皮皮书坊,2013-04-01,未来出版社,318条评论
464.,http://product.dangdang.com/23840173.html,动物好声音           南极熊有声读物系列,化学工业出版社,2015-11-01,二十一世纪出版社,1176条评论
465.,http://product.dangdang.com/24196698.html,芭比公主故事3D立体书―珍珠公主,杰克・迪克尔,2016-04-01,江苏科学技术出版社,129条评论
466.,http://product.dangdang.com/23598461.html,喜羊羊立体剧场书,未来出版社,2013-05-01,阳光出版社,592条评论
467.,http://product.dangdang.com/25270214.html,趣狗有声翻翻卡 汉语拼音,吴振尘,2018-05-05,机械工业出版社,80条评论
468.,http://product.dangdang.com/25101116.html,跟大师学做立体书,二十一世纪出版社,2017-05-01,未来出版社,355条评论
469.,http://product.dangdang.com/25087572.html,海润阳光・儿童专注力情景翻翻绘本. 视觉大发现（套装共4册）,美国美泰公司,2015-01-01,山东美术出版社,49条评论
470.,http://product.dangdang.com/24012486.html,交通工具3D模型书（全3册）,江苏科学技术出版社,2016-08-01,未来出版社,79条评论
471.,http://product.dangdang.com/23960506.html,查理骑士-幽默冒险翻翻绘本（全6册）,杨金秀,2016-03-01,未来出版社,324条评论
472.,http://product.dangdang.com/25230231.html,三字经早早读（有声版，精装，蜗牛国学馆）,阳光出版社,2018-02-01,福建少年儿童出版社,319条评论
473.,http://product.dangdang.com/23593478.html,《洞洞翻翻书》帆布活页书，洞洞翻翻玩不停，适合24个月龄以上宝宝。,周勇,2014-08-01,新蕾出版社,816条评论
474.,http://product.dangdang.com/25203463.html,法国幼儿科学启蒙玩具书：奇妙的小动物,机械工业出版社,2017-12-01,长江少年儿童出版社,176条评论
475.,http://product.dangdang.com/23964736.html,越拼越专注--迪士尼双语拼图：疯狂动物城,Paul,2016-05-01,国家开放大学出版社,1106条评论
476.,http://product.dangdang.com/24154748.html,迪士尼宝贝多功能洗澡书（全4册）,未来出版社,2016-10-01,未来出版社,119条评论
477.,http://product.dangdang.com/25075998.html,邦臣小红花・会动的立体翻翻书・一起来玩吧,陈长海,2017-04-01,中国人口出版社,155条评论
478.,http://product.dangdang.com/25242939.html,宝宝乐翻翻（ar版）套装（全套8册）,山东美术出版社,2017-11-01,山东美术出版社,77条评论
479.,http://product.dangdang.com/23308439.html,木制拼图―小号少儿世界地图（【学+玩】 早教?益智?认知，适合3~12岁儿童。）,加比・戈德萨克,2013-06-01,地质出版社,406条评论
480.,http://product.dangdang.com/25232888.html,小猪佩奇立体剧场书：好习惯养成系列：睡觉时间到了,未来出版社,2017-08-01,浙江摄影出版社,224条评论
481.,http://product.dangdang.com/25089639.html,正版授权 迪士尼故事拼图书：狮子王,嘉良传媒,2017-06-01,江西美术出版社,370条评论
482.,http://product.dangdang.com/24158023.html,邦臣小红花-我的第一本触摸翻翻玩具书-农场,江西美术出版社,2016-11-01,中国人口出版社,295条评论
483.,http://product.dangdang.com/25227366.html,好玩的交通立体认知书：飞机来啦,北京邦臣小红花工作室,2018-03-01,化学工业出版社,175条评论
484.,http://product.dangdang.com/25258105.html,奇妙小洞洞系列：彩虹村+大搬家+你搭哪一种车+兔子妈妈有块布+小怪兽+小星星交朋友+这是谁的（套装7册）,中国人口出版社,2018-01-01,哈尔滨出版社,26条评论
485.,http://product.dangdang.com/24156303.html,小公主苏菲亚・苏菲亚的下午茶（pi kids皮克童书・有声玩具书）,皮皮书坊,2016-11-24,江苏教育出版社,38条评论
486.,http://product.dangdang.com/25169957.html,露露认知启蒙纸板翻翻书系列：露露爱数字,化学工业出版社,2017-09-01,中信出版社,229条评论
487.,http://product.dangdang.com/24177606.html,音乐跑出来了 : 超好玩的3D实境互动音乐大百科,乔凡娜・曼泰加扎,2017-01-01,中信出版社,128条评论
488.,http://product.dangdang.com/24156685.html,谁在做鬼脸？Fais Pas Cette Tête！,哈尔滨出版社,2016-09-01,北京联合出版公司,231条评论
489.,http://product.dangdang.com/25232887.html,小猪佩奇立体剧场书：好习惯养成系列：猪爸爸减肥,,2017-08-01,浙江摄影出版社,170条评论
490.,http://product.dangdang.com/23834075.html,费雪宝宝妙趣滑动拼图（宠物伙伴在哪里？+森林里有什么？+海洋里有什么？）,江苏教育出版社,2015-12-01,国家开放大学出版社,78条评论
491.,http://product.dangdang.com/25245689.html,百变抠抠书. 农场动物,卡米拉・里德,2018-03-01,新星出版社,60条评论
492.,http://product.dangdang.com/25082905.html,男孩立体纸魔坊.汽车（套装四册）,中信出版社,2017-05-01,江西高校出版社,181条评论
493.,http://product.dangdang.com/25142071.html,英国宝宝双语探索玩具书：火车站,乔・富尔曼,2017-08-01,长江少年儿童出版社,143条评论
494.,http://product.dangdang.com/25230229.html,百科故事（有声版，蜗牛故事绘）,中信出版社,2018-02-01,福建少年儿童出版社,292条评论
495.,http://product.dangdang.com/25224846.html,恐龙崛起拼图（套装共4册）,娜塔莉・迪尔特勒,2018-02-01,四川少儿出版社,43条评论
496.,http://product.dangdang.com/23720273.html,德国儿童情景体验翻翻书：神奇的地球,北京联合出版公司,2015-06-01,长江少年儿童出版社,703条评论
497.,http://product.dangdang.com/25091188.html,宝宝迷你立体书套装,,2017-04-01,江西美术出版社,93条评论
498.,http://product.dangdang.com/25068464.html,中国拼图（筒装）拼地图  涂颜色  存钱罐  探索世界启蒙  大脑潜能开发  良好性格养成,浙江摄影出版社,2017-03-01,成都地图出版社,151条评论
499.,http://product.dangdang.com/23238469.html,噼里啪啦立体玩具书（共6册）,美泰公司,2013-05-03,２１世纪出版社,54391条评论
500.,http://product.dangdang.com/24020344.html,好好玩：立体互动经典童话绘本-小蝌蚪找妈妈,国家开放大学出版社,2016-06-01,安徽少年儿童出版社,551条评论
