1.,http://product.dangdang.com/20948886.html,美国经典专注力培养大书 （全8册）,Highlights杂志社,2013-07-01,湖南少年儿童出版社,230727条评论
2.,http://product.dangdang.com/9284655.html,斯凯瑞金色童书・第一辑（全4册）,斯凯瑞,2007-05-01,贵州人民出版社,398000条评论
3.,http://product.dangdang.com/20910676.html,斯凯瑞金色童书超级礼盒装,理查德・斯凯瑞,2010-09-01,贵州人民出版社,36575条评论
4.,http://product.dangdang.com/23878838.html,米小圈脑筋急转弯（套装共4册）,北猫,2016-01-01,四川少儿出版社,208837条评论
5.,http://product.dangdang.com/24040304.html,神奇的专注力训练游戏书(全四册),贝基・威尔逊,2016-10-01,贵州教育出版社,52110条评论
6.,http://product.dangdang.com/23997756.html,我的专注力训练游戏（全3册）,efuca.伊藤由香,2016-07-01,化学工业出版社,78611条评论
7.,http://product.dangdang.com/24013630.html,邦臣小红花・0-3岁专注力训练贴纸书 全6册,北京小红花图书工作室,2016-07-01,中国人口出版社,68191条评论
8.,http://product.dangdang.com/25257768.html,I SPY 视觉大发现（精选版，共8册）,吉恩・玛佐洛,2018-05-01,接力出版社,133595条评论
9.,http://product.dangdang.com/25201860.html,思维导图（全彩少儿版，套装3册）,东尼・博赞,2018-01-01,化学工业出版社,20083条评论
10.,http://product.dangdang.com/23825184.html,美国经典专注力培养大书（进阶版）（全6册）,Highlight杂志社,2015-12-10,湖南少年儿童出版社,33977条评论
11.,http://product.dangdang.com/23229890.html,专注力训练系列・找不同（全六册）,真果果,2013-04-01,中国人口出版社,94583条评论
12.,http://product.dangdang.com/23966618.html,德国专注力养成大画册(6册套装),德国慕尼黑康帕,2016-03-01,安徽少年儿童出版社,23168条评论
13.,http://product.dangdang.com/23790673.html,英国脑力阶梯训练: 故事版・第1辑（全8册）,苏珊娜・利,2015-10-01,天天出版社有限责任公司,20338条评论
14.,http://product.dangdang.com/21097059.html,数学游戏绘本・第一辑（8册）,中野弘隆,2011-07-01,新蕾出版社,53133条评论
15.,http://product.dangdang.com/23723384.html,全脑开发聪明贴纸书3-4岁（全六册）,袋鼠妈妈童书,2015-06-01,江西美术出版社,79148条评论
16.,http://product.dangdang.com/20910678.html,斯凯瑞金色童书 益智游戏（全3册）,理查德斯凯瑞,2010-09-01,贵州人民出版社,48324条评论
17.,http://product.dangdang.com/23723385.html,全脑开发聪明贴纸书2-3岁（全六册）,袋鼠妈妈童书,2015-06-01,江西美术出版社,69666条评论
18.,http://product.dangdang.com/23471719.html,让孩子痴迷的创意思维游戏（共2册）,凯特,2014-05-01,光明日报出版社,37477条评论
19.,http://product.dangdang.com/20001316.html,斯凯瑞金色童书・第二辑（全2册）,斯凯瑞,2007-09-01,贵州人民出版社,75777条评论
20.,http://product.dangdang.com/23643320.html,英国脑力阶梯训练（全三册）,亚历克斯・弗里思,2015-01-01,天天出版社有限责任公司,70359条评论
21.,http://product.dangdang.com/23477712.html,0-3岁贴纸书（全8册）发挥想象随意贴，开发创造性思维,北京小红花图书工作室,2014-03-01,中国人口出版社,22867条评论
22.,http://product.dangdang.com/25228833.html,猜猜谁会赢（套装全13册）,杰瑞・帕洛塔,2018-01-01,中信出版社,6927条评论
23.,http://product.dangdang.com/23977655.html,德国幼儿智力发展启蒙训练书：经典WIMMELBUCH小汽车图画书,斯蒂芬,2016-07-22,石油工业出版社,13495条评论
24.,http://product.dangdang.com/24013631.html,邦臣小红花・3-6岁专注力训练贴纸书 全6册,北京小红花图书工作室,2016-07-01,中国人口出版社,23077条评论
25.,http://product.dangdang.com/24167327.html,空间思维大挑战:立体王(套装共4册 基础入门篇),高滨正伸,2016-12-01,浙江少年儿童出版社,14750条评论
26.,http://product.dangdang.com/24244002.html,数学思维游戏书：唤醒3-6岁孩子的数学脑,詹雅岚,2016-12-01,北京理工大学出版社,10085条评论
27.,http://product.dangdang.com/23279782.html,贴进大自然系列（全6册）,奥林维娅・科斯纳,2013-04-01,未来出版社,50212条评论
28.,http://product.dangdang.com/23473370.html,美国经典学习能力培养大书（全12册）,美国Highlights杂志社,2014-05-01,湖南少年儿童出版社,27933条评论
29.,http://product.dangdang.com/24247622.html,超级飞侠玩转大脑游戏书（全6册）,广州童年美术设计有限公司,2017-02-01,湖南少年儿童出版社,13576条评论
30.,http://product.dangdang.com/25225955.html,好好玩立体书：3D西游记（中国古典名著立体珍藏版，抖音同款，马德华推荐）,吴承恩,2017-02-01,安徽少年儿童出版社,2700条评论
31.,http://product.dangdang.com/24007244.html,美国经典专注力培养大书（幼儿版）,HIGHLIGHTS,2016-09-01,湖南少年儿童出版社,12805条评论
32.,http://product.dangdang.com/25296136.html,让孩子着迷的77×2个经典科学游戏（2018版）,后藤道夫,2018-07-01,南海出版公司,101241条评论
33.,http://product.dangdang.com/25170122.html,可以玩的多彩世界 : 德国经典专注力、观察力、记忆力培养纸板书（全6册）,娜斯提亚・霍特弗雷特,2017-08-01,中国青年出版社,4697条评论
34.,http://product.dangdang.com/23734139.html,公文式教育：最益智的迷宫书套装（全3册）（5-6岁）,日本公文出版,2015-08-01,中国民族摄影艺术出版社,19204条评论
35.,http://product.dangdang.com/9284654.html,轱辘轱辘转,斯凯瑞,2007-06-01,贵州人民出版社,82989条评论
36.,http://product.dangdang.com/24019812.html,玩出来的专注力（低幼版）（套装，全3册）,菲奥娜・瓦特,2016-09-30,中信出版社,6459条评论
37.,http://product.dangdang.com/9284653.html,忙忙碌碌镇,斯凯瑞,2007-06-01,贵州人民出版社,72083条评论
38.,http://product.dangdang.com/22650529.html,数独合集（共6册）,谢道台,2011-06-01,天天出版社,43253条评论
39.,http://product.dangdang.com/25164077.html,儿童逻辑思维训练・5分钟玩出专注力+5分钟玩出观察力+5分钟玩出记忆力（套装共10册）,丽莎・里根,2017-09-01,中国人口出版社,5104条评论
40.,http://product.dangdang.com/23953074.html,MAMOKO妈妈看！（全3册）,亚历山德拉・米热林斯卡,2016-05-01,未来出版社,9724条评论
41.,http://product.dangdang.com/25168776.html,公文式教育：思维训练游戏（套装共4册）,日本公文出版,2017-10-01,中国民族摄影艺术出版社,4392条评论
42.,http://product.dangdang.com/23313526.html,我的第一套启蒙认知贴纸书(全8册),北京小红花图书工作室,2013-05-01,中国人口出版社,18616条评论
43.,http://product.dangdang.com/25302476.html,小象汉字 汉字奥秘大迷宫（套装共5册）,小象汉字,2018-07-01,湖南少年儿童出版社,3764条评论
44.,http://product.dangdang.com/24158843.html,德国经典专注力亲子游戏书（套装共3册）,拉尔夫・布奇科,2016-10-01,文化发展出版社,13911条评论
45.,http://product.dangdang.com/25223579.html,儿童经典专注力培养贴纸书（全8册，在培养孩子观察力、专注力的同时，提升孩子的数学空间想象力和艺术想象力）,伊丽莎白・戈尔丁,2018-03-01,湖南少年儿童出版社,3294条评论
46.,http://product.dangdang.com/24197645.html,公文式教育：3-4岁套装（全4册）,日本公文出版,2015-08-01,连环画出版社,5720条评论
47.,http://product.dangdang.com/23194161.html,米奇妙妙屋 益智游戏互动启蒙故事 （套装12册）,美国迪士尼公司,2010-08-01,人民邮电出版社,8806条评论
48.,http://product.dangdang.com/25266055.html,公文式教育：思维训练游戏进阶版（套装共4册）,日本公文出版,2018-04-01,中国民族摄影艺术出版社,3793条评论
49.,http://product.dangdang.com/23543377.html,经典版图画捉迷藏（全4册）,童光萃集出版社,2014-09-01,北京科学技术出版社,18056条评论
50.,http://product.dangdang.com/23614773.html,杜噜嘟嘟（精装全四册）,埃尔维杜莱,2014-12-01,重庆出版社,10919条评论
51.,http://product.dangdang.com/25174722.html,超级飞侠儿童专注力训练营（全6册）,广州童年美术有限公司,2017-10-31,湖南少年儿童出版社,3147条评论
52.,http://product.dangdang.com/23950153.html,邦臣小红花・动脑贴贴画（2～3岁　套装全4册）,北京小红花图书工作室,2014-03-01,青岛出版社,16588条评论
53.,http://product.dangdang.com/24102141.html,法国原版引进左右脑全脑思维游戏大书  （礼盒装 四册）,雅克・杜昆尼,2016-08-01,江西美术出版社,2426条评论
54.,http://product.dangdang.com/25244596.html,小猪佩奇趣味贴纸游戏书（第二辑）（4册套装）,英国快乐瓢虫出版公司,2018-03-01,安徽少年儿童出版社,3786条评论
55.,http://product.dangdang.com/23950103.html,邦臣小红花：0-3岁 多元智能神奇贴纸（套装全8册）,北京小红花图书工作室,2014-12-01,青岛出版社,5413条评论
56.,http://product.dangdang.com/23950160.html,邦臣小红花・我来贴贴纸（2-3岁，套装全6册）,北京小红花图书工作室,2014-06-01,青岛出版社,15878条评论
57.,http://product.dangdang.com/20789681.html,我来贴（1-3岁，共6册）,博伊斯纳德,2014-01-12,新世界出版社,64602条评论
58.,http://product.dangdang.com/25108146.html,汪汪队立大功儿童安全救援贴纸书（全2册）,美国尼克儿童频道,2017-06-01,天地出版社,13882条评论
59.,http://product.dangdang.com/25280238.html,I SPY 视觉大发现（全集，共16册）,吉恩・玛佐洛,2018-05-01,接力出版社,15634条评论
60.,http://product.dangdang.com/23965981.html,公文式教育：打造天才大脑的益智手工第二辑（套装）,日本公文出版,2016-05-01,,6554条评论
61.,http://product.dangdang.com/25185757.html,125游戏提升孩子专注力（第1、2合辑，共6册）,许正典,2017-10-01,青岛出版社,2296条评论
62.,http://product.dangdang.com/22808237.html,数学游戏绘本・第二辑（10册）,山本和子,2012-07-01,新蕾出版社,10548条评论
63.,http://product.dangdang.com/25141263.html,儿童世界历史迷宫大冒险（套装共3册）,格雷厄姆・怀特,2017-08-01,天津人民出版社,7429条评论
64.,http://product.dangdang.com/25262425.html,写给儿童的古诗游戏书（全四册）,一米阳光童书馆,2018-04-01,贵州教育出版社,2841条评论
65.,http://product.dangdang.com/23950078.html,邦臣小红花・2-4岁神奇泡泡贴纸（IQ+EQ+CQ 套装共3册）,北京小红花图书工作室,2015-11-01,青岛出版社,10781条评论
66.,http://product.dangdang.com/25254543.html,情景洞洞认知书就是找不到(套装全六册）,卡特娅,2018-04-01,文化发展出版社,1166条评论
67.,http://product.dangdang.com/23775768.html,今晚七点半，我家的游戏是数学（彩色套装，共4册）,曲少云,2015-10-01,电子工业出版社,5592条评论
68.,http://product.dangdang.com/23986806.html,数独游戏――从基础到精通，让你越玩越聪明,江安海,2016-08-01,化学工业出版社,13015条评论
69.,http://product.dangdang.com/25159992.html,全景创意磁力贴：轱辘轱辘小汽车,沐渔文化,2017-09-01,化学工业出版社,2200条评论
70.,http://product.dangdang.com/24009051.html,创意大爆炸百变游戏书（全3册）,玛丽.福尔达科,2016-08-01,未来出版社,5914条评论
71.,http://product.dangdang.com/23335488.html,全脑思维升级训练3-4岁（全4册）,北京小红花图书工作室,2013-06-01,中国人口出版社,8205条评论
72.,http://product.dangdang.com/23405347.html,轱辘轱辘转（精装）,理查德・斯凯瑞,2014-01-01,贵州人民出版社,9164条评论
73.,http://product.dangdang.com/23561987.html,什么是什么・游戏书（低幼版，共12册）,海豚传媒,2014-10-01,长江少年儿童出版社,4545条评论
74.,http://product.dangdang.com/23813984.html,我是创作家（共两册）,梅根库里斯,2015-11-01,天天出版社,6476条评论
75.,http://product.dangdang.com/23238653.html,公文式教育丛书―最动脑的动手动脑益智书（4-5岁）,日本公文出版,2013-02-01,连环画出版社,7107条评论
76.,http://product.dangdang.com/25226856.html,我的世界(创意+探索+下界+红石进阶)（4册）,MOJANG公司,2017-12-01,人民邮电出版社,1825条评论
77.,http://product.dangdang.com/25229350.html,5分钟专注力训练迷宫100. 炫酷汽车,沐渔文化,2018-02-01,化学工业出版社,7495条评论
78.,http://product.dangdang.com/24154722.html,“逻辑帮帮忙”系列（12册盒装）,刘易斯,2016-09-01,新蕾出版社,1695条评论
79.,http://product.dangdang.com/23346919.html,益智游戏大集合！迷宫大冒险 大家来找茬 图画捉迷藏 趣味找找看,中迫和彦,2013-10-01,南海出版公司,31251条评论
80.,http://product.dangdang.com/23477714.html,3-6岁贴纸书（全8册）发挥想象随意贴，开发创造性思维,北京小红花图书工作室,2014-03-01,中国人口出版社,5619条评论
81.,http://product.dangdang.com/23487421.html,125游戏提升孩子专注力（第1辑，共3册）,许正典,2014-05-01,青岛出版社,19795条评论
82.,http://product.dangdang.com/23942064.html,有趣的颜色（套装3册）《柠檬不是粉色的》《斑点狗不是黄色的》《太阳不是绿色的》,埃尔维,2016-06-07,中信出版社,2454条评论
83.,http://product.dangdang.com/25203338.html,多湖辉新头脑开发丛书：4岁系列（套装共8册）,多湖,2017-12-01,浙江人民美术出版社,1658条评论
84.,http://product.dangdang.com/25230603.html,图画捉迷藏2018精华版（全两册）,美国童光萃集出版社,2018-01-01,北京科学技术出版社,2860条评论
85.,http://product.dangdang.com/25070597.html,邦臣小红花・入园准备贴纸书 : 全6册 [3-6岁],北京小红花图书工作室,2017-06-01,中国人口出版社,3719条评论
86.,http://product.dangdang.com/23522648.html,数学游戏绘本・第三辑（共11册）,岗本一郎,2014-09-01,新蕾出版社,4253条评论
87.,http://product.dangdang.com/23405346.html,忙忙碌碌镇（精装）,斯凯瑞,2014-01-01,贵州人民出版社,10775条评论
88.,http://product.dangdang.com/25229307.html,德国幼儿智力发展启蒙训练书・小捣蛋游世界,朱迪斯・德鲁,2018-01-01,石油工业出版社,1403条评论
89.,http://product.dangdang.com/23642378.html,男孩最爱玩的汽车贴纸书（套装共5册）,沐渔文化,2015-01-01,化学工业出版社,5690条评论
90.,http://product.dangdang.com/25138374.html,暖房子游乐园・最喜欢妈妈,宫西达也,2017-07-01,北京联合出版有限公司,5698条评论
91.,http://product.dangdang.com/23737838.html,儿童美术手工资料大全--新编儿童折纸200例,稚子文化,2015-06-01,化学工业出版社,18404条评论
92.,http://product.dangdang.com/23514452.html,冰雪奇缘贴纸全收藏（套装2册）,美国迪士尼公司,2014-08-01,人民邮电出版社,8879条评论
93.,http://product.dangdang.com/25076238.html,改善视力专注力3D训练（全10册）,德永贵久,2017-05-01,南海出版公司,6891条评论
94.,http://product.dangdang.com/23826761.html,学前专注力训练500题 （套装共4册）,薛月英,2016-01-01,化学工业出版社,6774条评论
95.,http://product.dangdang.com/25111183.html,挑战你的大脑系列（套装共7册）,罗伯特・艾伦,2017-06-01,五洲传播出版社,2011条评论
96.,http://product.dangdang.com/22462813.html,有助于孩子提升想象力的400个脑筋急转弯(拼音版),李代广,2011-08-01,化学工业出版社,14946条评论
97.,http://product.dangdang.com/23335490.html,全脑思维升级训练5-6岁（全4册）,北京小红花图书工作室,2013-06-01,中国人口出版社,6193条评论
98.,http://product.dangdang.com/23950161.html,邦臣小红花・我来贴贴纸（3-4岁，套装全6册）,北京小红花图书工作室,2014-06-01,青岛出版社,6687条评论
99.,http://product.dangdang.com/23279551.html,全脑开发600题・4～5岁(上)(学前全方位智力测试精选集),歆音,2013-07-01,化学工业出版社,13404条评论
100.,http://product.dangdang.com/22886420.html,我来贴（3-5岁套装，共24册）,安妮特博伊斯纳德,2012-10-01,新世界出版社,12599条评论
101.,http://product.dangdang.com/25213925.html,小猪佩奇益智涂鸦,英国快乐瓢虫出版公司,2018-02-01,安徽少年儿童出版社,2150条评论
102.,http://product.dangdang.com/23462090.html,我的第一本艺术书（全2册）,罗西・迪金斯,2014-05-01,光明日报出版社,4790条评论
103.,http://product.dangdang.com/25353005.html,超级大脑（让孩子成绩稳步提升的37种学习记忆法）,埃里克,2018-10-09,民主与建设出版社,4484条评论
104.,http://product.dangdang.com/24164697.html,越玩越聪明的数独游戏,梁天明,2016-11-01,北京联合出版公司,9339条评论
105.,http://product.dangdang.com/25338790.html,神奇的逻辑思维游戏书,索尼国际教育公司,2018-10-01,北京日报出版社（原同心出版社）,9428条评论
106.,http://product.dangdang.com/23754075.html,幼儿启蒙知识库认知贴纸书第2辑,希尔维米希,2015-09-01,未来出版社,12186条评论
107.,http://product.dangdang.com/25311755.html,尤斯伯恩英国幼儿经典全景贴纸书（交通工具・城市卷）（共六册）,英国尤斯伯恩出版公司,2018-07-01,接力出版社,1214条评论
108.,http://product.dangdang.com/22856509.html,幼儿小手工-第一辑（全6册）,北京小红花图书工作室,2013-12-01,青岛出版社,14044条评论
109.,http://product.dangdang.com/23950167.html,邦臣小红花・0～3岁涂色贴纸书（套装共16册）,北京小红花图书工作室,2014-04-01,中国人口出版社,1783条评论
110.,http://product.dangdang.com/24010685.html,英国幼儿经典情景大迷宫（共3册）,柯尔斯廷,2016-06-01,接力出版社,3694条评论
111.,http://product.dangdang.com/23270560.html,全脑开发500题・3～4岁(上),歆音,2013-07-01,化学工业出版社,11065条评论
112.,http://product.dangdang.com/23746942.html,立体书制作指南（立体书、玩具书的创作圣经、纸艺设计必备参考书）,大卫・A.卡特,2015-04-01,文化发展出版社,1861条评论
113.,http://product.dangdang.com/23393433.html,真果果记忆力训练（全6册）,真果果,2013-12-19,中国人口出版社,21159条评论
114.,http://product.dangdang.com/25077098.html,汪汪队立大功儿童安全救援游戏书(全4册)（玩益智游戏，读安全故事，让孩子在游戏中掌握安全救援密钥）,美国尼克儿童频道,2017-06-01,天地出版社,6075条评论
115.,http://product.dangdang.com/25203339.html,多湖辉新头脑开发丛书：5岁系列（套装共7册）,多湖,2017-12-01,浙江人民美术出版社,1191条评论
116.,http://product.dangdang.com/25308588.html,真相只有一个（全3册）,保罗・马丁,2018-08-01,北京科学技术出版社,1918条评论
117.,http://product.dangdang.com/23335489.html,全脑思维升级训练4-5岁（全4册）,北京小红花图书工作室,2013-06-01,中国人口出版社,5173条评论
118.,http://product.dangdang.com/25224941.html,脑筋急转弯 彩绘注音版（套装 共4册）,小鱼,2018-01-01,浙江少年儿童出版社,2060条评论
119.,http://product.dangdang.com/22514297.html,让孩子痴迷的趣味科学游戏,吉尔平,2012-04-01,中国城市出版社,43808条评论
120.,http://product.dangdang.com/25203337.html,多湖辉新头脑开发丛书：3岁系列（套装共8册）,多湖,2017-12-01,浙江人民美术出版社,1125条评论
121.,http://product.dangdang.com/25061974.html,超级飞侠 神奇贴纸书套装（全6册） 创意天地+美妙世界+趣味空间+绚彩星空+益智乐园+宇宙飞行,上海仙剑文化传媒股份有限公司,2015-12-01,山东美术出版社,2733条评论
122.,http://product.dangdang.com/24105083.html,《地图创意游戏》,亚历山德拉・米热林斯卡,2016-11-10,贵州人民出版社,4411条评论
123.,http://product.dangdang.com/25163821.html,邦臣小红花・我的早教启智贴纸游戏书（全8册）,北京小红花图书工作室,2017-07-01,中信出版社,1551条评论
124.,http://product.dangdang.com/23228503.html,公文式教育―最好玩的迷宫书（3、4岁）,日本公文出版,2013-05-01,连环画出版社,19552条评论
125.,http://product.dangdang.com/23961231.html,英国经典思维冒险游戏书（全8册）,苏珊娜・利,2016-04-01,天天出版社有限责任公司,3504条评论
126.,http://product.dangdang.com/25203336.html,多湖辉新头脑开发丛书：2岁系列（套装共7册）,多湖,2017-11-01,浙江人民美术出版社,1150条评论
127.,http://product.dangdang.com/23950154.html,邦臣小红花・动脑贴贴画（3～4岁　套装全4册）,北京小红花图书工作室,2014-03-01,青岛出版社,6415条评论
128.,http://product.dangdang.com/25292181.html,视觉大发现Can you see what I see？（共8册）,沃尔特・维克,2018-05-01,接力出版社,11259条评论
129.,http://product.dangdang.com/23246632.html,让孩子痴迷的创意思维游戏,凯特・纳普顿,2013-05-01,光明日报出版社,16963条评论
130.,http://product.dangdang.com/23950162.html,邦臣小红花・我来贴贴纸（4-5岁）（套装全6册）,北京小红花图书工作室,2014-06-01,青岛出版社,5683条评论
131.,http://product.dangdang.com/25197490.html,数独套装：风靡世界的头脑体操，越玩越聪明！,马殿佳,2017-12-01,北京联合出版有限公司,2450条评论
132.,http://product.dangdang.com/23560370.html,公文式教育：打造天才大脑的益智手工系列套装（共4册）,日本公文出版,2014-10-01,,5638条评论
133.,http://product.dangdang.com/23193279.html,谜语大王--儿童谜语大全,武冀平,2013-03-01,化学工业出版社,24832条评论
134.,http://product.dangdang.com/25157854.html,爸爸妈妈，今天我们玩什么,李白,2017-09-01,中国大百科全书出版社,982条评论
135.,http://product.dangdang.com/25211775.html,数独书全10册  聪明人都爱玩数独书入门初级 儿童九宫格数独书  九宫格数字游戏 儿童益智游戏书 思维游戏训练书籍,何涛,2017-01-01,文化发展出版社,1709条评论
136.,http://product.dangdang.com/23273064.html,托马斯和朋友早教贴纸书（套装4册）,童趣出版有限公司,2013-06-01,人民邮电出版社,14675条评论
137.,http://product.dangdang.com/23677898.html,儿童专注力训练游戏书 找不同・连线・迷宫・找一找・捉迷藏 (套装共5册),智趣文化,2015-04-01,文心出版社,9981条评论
138.,http://product.dangdang.com/23228508.html,公文式教育丛书―最好玩的动手动脑益智书（3-4岁）全三册,日本公文出版,2013-04-17,连环画出版社,3578条评论
139.,http://product.dangdang.com/25244112.html,365个艺术创意升级版（全3册）,安娜・墨尔本,2018-03-01,光明日报出版社,687条评论
140.,http://product.dangdang.com/24242166.html,三维空间智力游戏情景迷宫脑力训练地板书,马丁・纳加迪,2017-03-25,石油工业出版社,1755条评论
141.,http://product.dangdang.com/23228498.html,公文式教育―最动脑的迷宫书（4、5岁）,日本公文出版,2013-05-01,连环画出版社,20819条评论
142.,http://product.dangdang.com/25257260.html,金牌数独 红卷（套装 共3册）,谢道台,2017-06-01,浙江少年儿童出版社,1706条评论
143.,http://product.dangdang.com/25265337.html,儿童数独入门,邢声远,2018-05-01,化学工业出版社,5367条评论
144.,http://product.dangdang.com/23335487.html,全脑思维升级训练2-3岁（全2册）,北京小红花图书工作室,2013-06-01,中国人口出版社,7370条评论
145.,http://product.dangdang.com/23803963.html,3-6岁综合能力开发趣味贴纸(套装共6册)(第2辑),智趣文化,2015-10-01,文心出版社,5610条评论
146.,http://product.dangdang.com/23228509.html,公文式教育丛书―最简单的动手动脑益智书（2-3岁）,日本公文出版,2013-05-01,连环画出版社,3665条评论
147.,http://product.dangdang.com/23640493.html,大吃一惊！！眼见不为实（全6册）,竹内龙人,2015-01-01,中国少年儿童出版社,3573条评论
148.,http://product.dangdang.com/22856531.html,神奇贴纸2-3岁（全3册）,北京小红花图书工作室,2013-12-01,青岛出版社,9255条评论
149.,http://product.dangdang.com/23929161.html,海底小纵队梦幻贴纸书：全4册,Vampire,2016-04-01,长江少年儿童出版社,2993条评论
150.,http://product.dangdang.com/23354453.html,动动小手可爱折纸、剪纸游戏书（共2册）,袁谧,2014-01-01,,7774条评论
151.,http://product.dangdang.com/23898421.html,培养酷帅男孩的1500个贴纸-运动篇,西蒙图德普,2016-01-01,陕西人民教育出版社,2330条评论
152.,http://product.dangdang.com/23852350.html,我的创意手工书――精装手工百宝箱，彩泥、软陶、折纸、拼布样样全！,�z西�{安娜・利莫斯・普罗梅尔,2016-03-01,山东科学技术出版社,2370条评论
153.,http://product.dangdang.com/22889720.html,趣味贴纸书（共4册）,索尼娅卡纳尔斯,2014-01-12,新世界出版社,12518条评论
154.,http://product.dangdang.com/23966979.html,亲子创意立体手工书（全6册）,MKT4工作室,2016-01-01,未来出版社,1418条评论
155.,http://product.dangdang.com/25229349.html,5分钟专注力训练迷宫100. 神秘恐龙,沐渔文化,2018-02-01,化学工业出版社,3410条评论
156.,http://product.dangdang.com/23349495.html,大师三人行-少儿国际象棋入门（上下册）,叶江川,2013-09-01,青岛出版社,8513条评论
157.,http://product.dangdang.com/25268156.html,《全世界孩子都爱玩的700个游戏》（全5册）,陈书凯,2018-01-01,吉林出版集团股份有限公司,540条评论
158.,http://product.dangdang.com/24215714.html,滴滴汽车帮.  全景自由贴纸书--趣味汽车全景自由贴纸书. 车行轰隆隆,张立国,2017-03-01,化学工业出版社,7225条评论
159.,http://product.dangdang.com/23279552.html,全脑开发500题・3～4岁(下)(学前全方位智力测试精选集),歆音,2013-07-01,化学工业出版社,7319条评论
160.,http://product.dangdang.com/23929179.html,海底小纵队思维大挑战：全4册,Vampire,2016-03-01,长江少年儿童出版社,3011条评论
161.,http://product.dangdang.com/25087432.html,海润阳光・0～3岁认知贴纸书（套装共8册）,陈长海,2016-12-01,中国人口出版社,1852条评论
162.,http://product.dangdang.com/25193002.html,杜噜嘟嘟的魔法游戏书系列,埃尔维・杜莱,2016-03-01,光明日报出版社,6573条评论
163.,http://product.dangdang.com/25319601.html,公文式教育：儿童益智手工书礼盒装（2-4岁） 独家特供KUMON品牌文具（套装共6册）,日本公文出版,2018-08-01,中国民族摄影艺术出版社,416条评论
164.,http://product.dangdang.com/24185503.html,图画捉迷藏・2017精华版（全2册）,美国童光萃集出版社,2017-01-01,北京科学技术出版社,3707条评论
165.,http://product.dangdang.com/23228502.html,公文式教育―最好玩的剪纸书（3、4岁）,日本公文出版,2013-05-01,连环画出版社,13840条评论
166.,http://product.dangdang.com/23924925.html,DK视觉大发现（全12册）套装,英国DK出版公司,2016-03-01,新世纪出版社,660条评论
167.,http://product.dangdang.com/23950079.html,邦臣小红花・3-5岁神奇泡泡贴纸（IQ+EQ+CQ 套装共3册）,北京小红花图书工作室,2015-11-01,青岛出版社,3504条评论
168.,http://product.dangdang.com/23950155.html,邦臣小红花・动脑贴贴画（4～5岁　套装共4册）,北京小红花图书工作室,2014-03-01,青岛出版社,4256条评论
169.,http://product.dangdang.com/23427700.html,风靡世界的数字游戏  金牌数独（共3册）,谢道台,2014-02-01,浙江少年儿童出版社,7246条评论
170.,http://product.dangdang.com/23645479.html,真果果推理力训练（全六册）,真果果,2015-01-01,中国人口出版社,7046条评论
171.,http://product.dangdang.com/20506654.html,聪明宝宝创作坊（共8册）,克瓦斯拜尔,2008-12-01,未来出版社,4737条评论
172.,http://product.dangdang.com/22591093.html,专注力训练（全6册）,真果果,2012-02-01,中国人口出版社,38416条评论
173.,http://product.dangdang.com/23579634.html,抓狂大迷宫系列,伊丽莎白・卡朋特,2014-11-01,接力出版社,1335条评论
174.,http://product.dangdang.com/25203340.html,多湖辉新头脑开发丛书：6岁系列（套装共7册）,多湖,2017-12-01,浙江人民美术出版社,690条评论
175.,http://product.dangdang.com/25229351.html,5分钟专注力训练迷宫100. 勇敢公主,沐渔文化,2018-02-01,化学工业出版社,2732条评论
176.,http://product.dangdang.com/23370646.html,全脑思维升级训练4-6岁（全8册）,北京小红花图书工作室,2013-06-01,中国人口出版社,1357条评论
177.,http://product.dangdang.com/23743103.html,让孩子痴迷的梦幻手工Ⅱ（全5册）,莱恩・阿思曼,2015-08-01,九州出版社,1337条评论
178.,http://product.dangdang.com/23698743.html,毛毛虫嘉年华・益智游戏画册,孙�D志,2010-05-01,未来出版社,2177条评论
179.,http://product.dangdang.com/22856513.html,左脑开发右脑开发 3-4岁（全2册）,北京小红花图书工作室,2013-12-01,青岛出版社,8902条评论
180.,http://product.dangdang.com/20824702.html,和福尔摩斯一起探案（全2册）,金元燮,2010-01-01,中国少年儿童出版社,23992条评论
181.,http://product.dangdang.com/23950104.html,邦臣小红花：3-6岁多元智能神奇贴纸（套装全8册）,北京小红花图书工作室,2014-12-01,青岛出版社,1352条评论
182.,http://product.dangdang.com/23977657.html,德国幼儿智力发展启蒙训练书：哇呜，好多好多小汽车,斯蒂芬,2016-07-15,石油工业出版社,5132条评论
183.,http://product.dangdang.com/25251499.html,创造自己的世界,劳拉・卡琳,2018-05-01,湖南美术出版社,1423条评论
184.,http://product.dangdang.com/25122016.html,图画捉迷藏（旅行版）（全6册）,童光萃集出版社,2017-07-01,北京科学技术出版社,1372条评论
185.,http://product.dangdang.com/25093994.html,恐龙迷宫大冒险（套装共4册）,沐渔文化,2017-06-01,化学工业出版社,1577条评论
186.,http://product.dangdang.com/25236122.html,邦臣小红花・我的行为指导互动游戏书・（全2册）,北京小红花图书工作室,2018-01-01,中国人口出版社,664条评论
187.,http://product.dangdang.com/25240651.html,美国经典专注力培养大书（探险版）（全4册）,美国Highlights出版社,2018-04-01,湖南少年儿童出版社,1364条评论
188.,http://product.dangdang.com/23734137.html,公文式教育：最益智的迷宫书（环游世界）（5-6岁）,日本公文出版,2015-08-01,中国民族摄影艺术出版社,7370条评论
189.,http://product.dangdang.com/23950134.html,邦臣小红花・头脑潜能开发4～5岁（绘画+手工+数学+智力+迷宫）（套装共10册）,北京小红花图书工作室,2014-06-01,青岛出版社,972条评论
190.,http://product.dangdang.com/25094861.html,汪汪队立大功儿童安全救援涂色书（套装全4册）：边读边涂，轻松掌握儿童安全救援密钥,美国尼克儿童频道,2017-06-01,天地出版社,2306条评论
191.,http://product.dangdang.com/23757167.html,儿童谜语300则（注音版）,武冀平,2015-08-01,化学工业出版社,5499条评论
192.,http://product.dangdang.com/25192980.html,奇妙的数学：激发大脑潜能的经典名题,江安海,2017-11-01,化学工业出版社,2834条评论
193.,http://product.dangdang.com/23523084.html,3-6岁综合能力开发趣味贴纸书(套装共6册),智趣文化,2014-08-01,文心出版社,12313条评论
194.,http://product.dangdang.com/22856514.html,左脑开发右脑开发 2-3岁（全2册）,北京小红花图书工作室,2013-12-01,青岛出版社,7743条评论
195.,http://product.dangdang.com/25535500.html,空间思维大挑战:立体王(套装共8册),高滨正伸,2018-10-01,浙江少年儿童出版社,15400条评论
196.,http://product.dangdang.com/25177926.html,125游戏提升孩子专注力（第2辑，共3册）,许正典,2017-10-01,青岛出版社,962条评论
197.,http://product.dangdang.com/23692898.html,全脑益智总动员（共四册）,汉纳伍德,2015-04-01,天天出版社,3135条评论
198.,http://product.dangdang.com/25206529.html,英国经典认知启蒙贴纸书・双语版（全4册）,汉娜・伍德,2017-12-01,中信出版社,593条评论
199.,http://product.dangdang.com/25138949.html,公文式教育：益智立体手工书+益智拼贴手工书（套装共2册,日本公文出版,2017-08-01,中国民族摄影艺术出版社,1356条评论
200.,http://product.dangdang.com/25114083.html,幼儿阶梯数学(全10册)2-3-4-5-6岁学前专注力逻辑思维训练书 儿童认知启蒙早教益智 鹿公子点读书,鹿公子,2017-01-01,海豚出版社,1724条评论
201.,http://product.dangdang.com/24013027.html,我是拼插小天才（第2辑）升级版（全6册）,姜恩美,2015-09-01,二十一世纪出版社,420条评论
202.,http://product.dangdang.com/25237643.html,超级飞侠3宝宝贴纸书（套装全4册）,上海仙剑文化传媒股份有限公司,2017-12-01,山东美术出版社,1266条评论
203.,http://product.dangdang.com/24169054.html,我的疯狂发明书：My Crazy Inventions Sketchbook,丽莎・里根,2017-02-01,北京联合出版公司,2033条评论
204.,http://product.dangdang.com/24101000.html,挑战你的大脑（套装共5册）,罗伯特・艾伦,2016-06-01,五洲传播出版社,1599条评论
205.,http://product.dangdang.com/25083122.html,可可蒙游戏贴纸大集合系列（全3册）,未来恩,2014-09-01,中国言实出版社,1860条评论
206.,http://product.dangdang.com/23575671.html,我的第一本职业启蒙游戏书（全5册）,威廉波特,2014-10-01,接力出版社,1429条评论
207.,http://product.dangdang.com/25105972.html,《益智游戏大集合1、2、3》,中迫和彦,2017-07-10,吉林摄影出版社,1524条评论
208.,http://product.dangdang.com/25201870.html,思维导图(全彩少儿版):学习力训练,东尼・博赞,2018-02-01,化学工业出版社,1461条评论
209.,http://product.dangdang.com/23926882.html,无所不在的形状――走进正方形、三角形和圆形的世界――告诉你生活中无所不在的图形趣闻，引导你进入千变万化的形状世界。,凯瑟琳,2016-04-01,吉林出版集团有限责任公司,2621条评论
210.,http://product.dangdang.com/23452744.html,观察力训练（全六册）,真果果,2014-03-01,中国人口出版社,7049条评论
211.,http://product.dangdang.com/25267717.html,“就是找不到”情景洞洞认知书系列第二辑（全3册）,斯蒂芬妮・沙恩贝格,2018-05-01,北京联合出版公司,502条评论
212.,http://product.dangdang.com/25103391.html,公文式教育：我的第一本贴纸书（套装共2册）,日本公文出版,2017-07-01,中国民族摄影艺术出版社,1265条评论
213.,http://product.dangdang.com/23950077.html,邦臣小红花-2-5岁幼儿益智泡泡贴纸(全4册),北京小红花图书工作室,2015-11-01,青岛出版社,2052条评论
214.,http://product.dangdang.com/24144712.html,德国经典专注力培养纸板书（套装5册）,卡亚德,2017-01-01,化学工业出版社,958条评论
215.,http://product.dangdang.com/23950132.html,邦臣小红花・头脑潜能开发2~3岁（绘画+手工+数学+智力+迷宫）（套装共10册）,北京小红花图书工作室,2014-06-01,青岛出版社,749条评论
216.,http://product.dangdang.com/23670959.html,手工大王彩纸宝盒（共3册 剪纸大全+纸飞机大全+折纸大全）,幼狮文化,2015-01-01,浙江少年儿童出版社,1345条评论
217.,http://product.dangdang.com/25239563.html,0-3岁潜能开发贴纸书,张丛,2017-05-01,河北美术出版社,1345条评论
218.,http://product.dangdang.com/23370645.html,全脑思维升级训练2-4岁（全6册）,北京小红花图书工作室,2013-06-01,中国人口出版社,1376条评论
219.,http://product.dangdang.com/23666979.html,快乐启智365（共三册）,菲尔・克拉克,2015-04-01,天天出版社有限责任公司,1419条评论
220.,http://product.dangdang.com/23951831.html,美国经典脑力训练书旅行版,童光萃集,2016-05-11,中信出版社,1603条评论
221.,http://product.dangdang.com/23950135.html,邦臣小红花・头脑潜能开发5～6岁（绘画+手工+数学+智力+迷宫）（套装共10册）,北京小红花图书工作室,2014-06-01,青岛出版社,825条评论
222.,http://product.dangdang.com/23959798.html,轻松玩写作,凯蒂・戴恩斯,2016-05-01,天天出版社有限责任公司,4111条评论
223.,http://product.dangdang.com/25299638.html,多湖辉新头脑开发丛书：5-6岁系列（套装共9册）,多湖,2018-06-01,浙江人民美术出版社,366条评论
224.,http://product.dangdang.com/23950164.html,邦臣小红花・幼儿小手工（第2辑 套装共6册）,北京小红花图书工作室,2013-12-01,青岛出版社,2755条评论
225.,http://product.dangdang.com/24012983.html,绘本中华故事・中国寓言（套装全10册）,郑勤砚,2016-08-01,２１世纪出版社,1241条评论
226.,http://product.dangdang.com/22802161.html,园长教你做  60款亲子入门折纸,川并知子,2012-06-01,河南科学技术出版社,23588条评论
227.,http://product.dangdang.com/23352617.html,角色扮演手工提包书（全4册）,艾曼纽尔・泰拉斯,2013-07-01,未来出版社,6070条评论
228.,http://product.dangdang.com/25237642.html,3～6岁幼儿学前专注力训练200题（全5册）,智典棒棒糖,2018-05-01,中国纺织出版社,738条评论
229.,http://product.dangdang.com/25272130.html,你一定找不到（套装全4册）,洛朗・里夏尔,2018-05-01,中信出版社,416条评论
230.,http://product.dangdang.com/25262579.html,世界国旗（卡牌记忆游戏）,北斗儿童地理,2017-06-01,成都地图出版社,843条评论
231.,http://product.dangdang.com/23974490.html,小婴孩2岁智力全脑开发亲子互动阅读游戏童书（2岁爱阅读+2岁全脑开发+我2岁） 套装共3册,教育2,2016-01-01,吉林出版集团有限责任公司,2382条评论
232.,http://product.dangdang.com/25226858.html,我的世界下界与末地指南,MOJANG,2017-12-01,人民邮电出版社,1521条评论
233.,http://product.dangdang.com/25178347.html,一张纸做一本书,王淑芬,2017-09-01,浙江少年儿童出版社,1684条评论
234.,http://product.dangdang.com/25102314.html,美国经典脑力训练书：旅行版（第二辑・共8册）,美国童光萃集出版社,2017-08-01,中信出版社,800条评论
235.,http://product.dangdang.com/23950133.html,邦臣小红花・头脑潜能开发3~4岁（绘画+手工+数学+智力+迷宫）（套装共10册）,北京小红花图书工作室,2014-06-01,青岛出版社,788条评论
236.,http://product.dangdang.com/25239565.html,3-6岁专注力训练贴贴画,小树果果,2017-05-01,河北美术出版社,1305条评论
237.,http://product.dangdang.com/22856530.html,神奇贴纸 3-4岁 （全3册）,北京小红花图书工作室,2013-12-01,青岛出版社,6048条评论
238.,http://product.dangdang.com/24002389.html,博赞儿童思维导图,东尼・博赞,2016-05-01,华东师范大学出版社,3609条评论
239.,http://product.dangdang.com/25353007.html,我的世界・头号玩家（套装全四册）,斯特凡・皮莱,2018-10-08,民主与建设出版社,843条评论
240.,http://product.dangdang.com/25319602.html,公文式教育：儿童益智手工书礼盒装(4-6岁）  独家特供KUMON品牌文具（套装共6册）,日本公文出版,2018-08-01,中国民族摄影艺术出版社,249条评论
241.,http://product.dangdang.com/23658215.html,儿童脑力训练丛书（全5册）,李笑砒,2015-03-12,河北少年儿童出版社,1012条评论
242.,http://product.dangdang.com/23798027.html,图画捉迷藏幼儿专注力培养（全6册）,童光萃集出版社,2015-11-01,北京科学技术出版社,1279条评论
243.,http://product.dangdang.com/23434567.html,让孩子痴迷的趣味艺术游戏,菲欧娜・伟特,2014-04-01,光明日报出版社,5178条评论
244.,http://product.dangdang.com/23948072.html,少儿视觉宇宙地图集,马克・A・加里克,2016-05-01,阳光出版社,455条评论
245.,http://product.dangdang.com/25226857.html,我的世界红石进阶指南,MOJANG公司,2017-12-01,人民邮电出版社,1429条评论
246.,http://product.dangdang.com/25180981.html,超级纸飞机（全2册，附赠136张全彩纸飞机素材纸）,肯・布莱克布恩,2017-11-01,新星出版社,12921条评论
247.,http://product.dangdang.com/22856512.html,左脑开发右脑开发 4-5岁（全2册）,北京小红花图书工作室,2013-12-01,青岛出版社,6148条评论
248.,http://product.dangdang.com/25306539.html,法国系列科普迷宫书:就是出不去（全三册）人体/太空/地下,克罗迪娜,2018-07-01,河北科技出版社,596条评论
249.,http://product.dangdang.com/25295033.html,与孩子共享自然的60个游戏,洪琼君,2018-06-01,贵州教育出版社,1161条评论
250.,http://product.dangdang.com/25226601.html,图画捉迷藏2018彩图精华版（全两册）,美国童光萃集出版社,2018-01-01,北京科学技术出版社,710条评论
251.,http://product.dangdang.com/25298656.html,《德国经典专注力训练（全6册套装）》,Tessloff出版社,2018-02-01,河北少年儿童出版社,573条评论
252.,http://product.dangdang.com/25114045.html,公文式教育：益智拼贴手工书,日本公文出版,2017-08-01,中国民族摄影艺术出版社,2267条评论
253.,http://product.dangdang.com/25240421.html,5分钟专注力训练迷宫（套装3册）,沐渔文化,2018-03-01,化学工业出版社,558条评论
254.,http://product.dangdang.com/25274824.html,给孩子的艺术创想 4册 （眼的色彩训练；手的造型培养；脑的创意激发；综合自由创想）,英国尤斯伯恩出版公司,2018-06-01,接力出版社,4103条评论
255.,http://product.dangdang.com/25239564.html,3-6岁潜能开发贴纸书,小树果果,2017-05-01,河北美术出版社,1139条评论
256.,http://product.dangdang.com/23821614.html,《最新版脑筋急转弯》全六册,墨彩书坊编委会,2015-11-01,中国戏剧出版社,742条评论
257.,http://product.dangdang.com/23647453.html,儿童益智手工：纸模王国(套装共4册),萤火虫,2015-01-01,化学工业出版社,2477条评论
258.,http://product.dangdang.com/23953230.html,迷宫大冒险/幼儿智力 专注力开发与培养 视觉开发游戏书精美手绘本（套装共8册）,李继勇,2016-04-01,天地出版社,2729条评论
259.,http://product.dangdang.com/25148168.html,真果果天才儿童思维训练系列-密码故事（全4册）,真果果,2017-08-01,安徽美术出版社,1279条评论
260.,http://product.dangdang.com/23950152.html,邦臣小红花・动脑贴贴画（套装共12册）,北京小红花图书工作室,2014-03-01,青岛出版社,706条评论
261.,http://product.dangdang.com/23616603.html,威利在哪里？（平装版，全5册）,马丁・汉德福特,2015-01-01,新星出版社,5383条评论
262.,http://product.dangdang.com/25222291.html,小笨熊贴贴乐*宝宝贴纸书1-8(小红花0-3岁),崔钟雷,2015-03-01,黑龙江美术出版社,1390条评论
263.,http://product.dangdang.com/20938383.html,手指谣（全三册）,陈伊丽,2010-08-01,新世纪出版社,13466条评论
264.,http://product.dangdang.com/23744240.html,儿童经典视觉启智绘本(全4册）,本信公久,2015-07-01,湖南少年儿童出版社,2369条评论
265.,http://product.dangdang.com/23781044.html,超萌地图绘本贴纸书（套装共4册）,成都地图出版社,2015-07-01,成都地图出版社,2877条评论
266.,http://product.dangdang.com/24191177.html,图画捉迷藏系列（全六册）,童光集萃出版社,2016-10-01,广西师范大学出版社,806条评论
267.,http://product.dangdang.com/23768165.html,趣味彩泥大全,童心,2015-09-01,化学工业出版社,2549条评论
268.,http://product.dangdang.com/25244353.html,迪士尼值得珍藏的冰雪奇缘枕边故事书,迪士尼公司,2018-03-01,人民邮电出版社,702条评论
269.,http://product.dangdang.com/23773865.html,5分钟玩出专注力（套装共4册）,丽莎・里根,2015-08-01,中国人口出版社,2244条评论
270.,http://product.dangdang.com/23335491.html,全脑思维升级训练2-6岁（全14册）,北京小红花图书工作室,2013-06-01,中国人口出版社,470条评论
271.,http://product.dangdang.com/25292552.html,"我的第一套认知贴纸书（全9册,含2250多个可反复粘贴贴纸，涵盖交通工具、超市、数字、食物、恐龙等9大主题）",韩国天才教育,2018-05-01,北京科学技术出版社,213条评论
272.,http://product.dangdang.com/25190695.html,思维导图:高效开发孩子的左右脑,孙易新,2017-11-01,北京时代华文书局,1239条评论
273.,http://product.dangdang.com/25304718.html,我的世界（附魔+对战）（2册）,MOJANG公司,2018-07-01,人民邮电出版社,843条评论
274.,http://product.dangdang.com/25242158.html,英国幼儿经典主题游戏,英国尤斯伯恩出版公司,2018-05-01,接力出版社,237条评论
275.,http://product.dangdang.com/25153932.html,公文式教育：打造天才大脑的益智手工第三辑（套装共4册）,日本公文出版,2017-08-01,中国民族摄影艺术出版社,705条评论
276.,http://product.dangdang.com/25261115.html,多湖辉新头脑开发丛书：4-5岁系列（套装共7册）,多湖,2018-04-01,浙江人民美术出版社,347条评论
277.,http://product.dangdang.com/24159058.html,迷宫大侦探 皮埃尔 寻找被盗的迷宫石,日本神垣博文,2017-01-01,北京联合出版公司,1722条评论
278.,http://product.dangdang.com/25181858.html,米菲宝宝视觉激发卡,迪克,2017-10-01,人民邮电出版社,638条评论
279.,http://product.dangdang.com/25201868.html,思维导图(全彩少儿版):记忆力与专注力训练,东尼・博赞,2018-02-01,化学工业出版社,1093条评论
280.,http://product.dangdang.com/23950137.html,邦臣小红花・头脑潜能开发：迷宫 3-4岁（套装共2册）,北京小红花图书工作室,2014-06-01,青岛出版社,2599条评论
281.,http://product.dangdang.com/25261117.html,多湖辉新头脑开发丛书：2-3岁系列（套装共8册）,多湖,2018-04-01,浙江人民美术出版社,365条评论
282.,http://product.dangdang.com/25272850.html,图画捉迷藏-年度精华版（全6册）,童光萃集出版社,2018-06-01,北京科学技术出版社,231条评论
283.,http://product.dangdang.com/23663372.html,挠挠大怪物,爱德华蒙松,2015-01-01,重庆出版社,3755条评论
284.,http://product.dangdang.com/20789702.html,快乐绒布贴贴书 城市,德里克・马修斯,2010-02-01,未来出版社,13240条评论
285.,http://product.dangdang.com/24003575.html,3Q潜能开发迪士尼贴乐园 米奇妙妙屋（2~3岁）（5册）,迪士尼公司,2016-06-01,人民邮电出版社,1391条评论
286.,http://product.dangdang.com/24184900.html,冰雪奇缘亮闪闪创意贴手工书,迪士尼公司,2017-01-01,人民邮电出版社,2751条评论
287.,http://product.dangdang.com/25083121.html,儿童创意小手工3D益智纸立方(3-6岁)(套装共3册)(附45个3D立体手工模型),天才宝宝,2014-11-01,中国言实出版社,1602条评论
288.,http://product.dangdang.com/23912198.html,韩国经典幼儿数学游戏3―4岁（全三册）套装,朴英勋,2016-02-01,接力出版社,699条评论
289.,http://product.dangdang.com/25224069.html,图画捉迷藏2018视觉颠覆版（全两册）,美国童光萃集出版社,2018-01-01,北京科学技术出版社,562条评论
290.,http://product.dangdang.com/25258528.html,大家来刷牙（新版）,莱斯利・麦奎尔◎文,2016-09-30,北京联合出版公司,863条评论
291.,http://product.dangdang.com/23439923.html,“超凡想象益智大书”系列（共三册）,尼克・沙拉特,2014-01-01,天天出版社有限责任公司,5706条评论
292.,http://product.dangdang.com/23760535.html,世界最美童话故事贴贴看・全8册,意大利格利宝多出版社,2015-08-01,中国纺织出版社,890条评论
293.,http://product.dangdang.com/23950168.html,邦臣小红花・3～6岁涂色贴纸书（套装共16册）,北京小红花图书工作室,2014-04-01,中国人口出版社,572条评论
294.,http://product.dangdang.com/21026704.html,新概念幼儿情景认知绘本（全10册）,哈里斯,2011-02-01,明天出版社,9520条评论
295.,http://product.dangdang.com/25262584.html,走遍中国（卡牌记忆游戏）,北斗儿童地理,2017-09-01,山东省地图出版社,562条评论
296.,http://product.dangdang.com/25211888.html,很美很美的猜谜书,法布里斯・马萨,2018-01-01,湖北科学技术出版社,1028条评论
297.,http://product.dangdang.com/22856510.html,左脑开发右脑开发（全8册）,北京小红花图书工作室,2013-12-01,青岛出版社,877条评论
298.,http://product.dangdang.com/25061976.html,超级飞侠 宝宝找不同套装（全4册） 极限挑战+空中炫舞+快乐飞行员+完美梦想,上海仙剑文化传媒股份有限公司,2015-12-01,山东美术出版社,1221条评论
299.,http://product.dangdang.com/23977654.html,德国幼儿智力发展启蒙训练书：嘀嘀，小汽车来了,斯蒂芬,2016-07-15,石油工业出版社,2960条评论
300.,http://product.dangdang.com/25244354.html,迪士尼值得珍藏的小公主苏菲亚枕边故事书,迪士尼公司,2018-03-01,人民邮电出版社,567条评论
301.,http://product.dangdang.com/25120642.html,全脑开发600题4-5岁（套装共2册）,歆音,2017-08-01,化学工业出版社,1223条评论
302.,http://product.dangdang.com/25262767.html,幼儿启蒙知识库贴纸书1+2合集（14册）,米希莱,2009-12-01,未来出版社,681条评论
303.,http://product.dangdang.com/25166853.html,邦臣小红花-脑力游戏・想象・逻辑・表达,北京小红花图书工作室,2017-09-01,中国人口出版社,814条评论
304.,http://product.dangdang.com/22856511.html,左脑开发右脑开发 5-6岁（全2册）,北京小红花图书工作室,2013-12-01,青岛出版社,4050条评论
305.,http://product.dangdang.com/23950139.html,邦臣小红花・头脑潜能开发：迷宫 5-6岁（套装共2册）,北京小红花图书工作室,2014-06-01,青岛出版社,2321条评论
306.,http://product.dangdang.com/24146654.html,乐高未来骑士团+乐高幻影忍者（套装2册）,乐高公司,2017-05-01,国家开放大学出版社,1435条评论
307.,http://product.dangdang.com/23560208.html,趣味宝宝贴纸书（全套共10册）,旖旎湾,2014-09-01,河北少年儿童出版社,2469条评论
308.,http://product.dangdang.com/25295732.html,《贴出观察力英国幼儿经典全景认知贴纸书・男孩游戏》（认知启蒙・联想记忆・手脑配合・创意激发・游戏互动）,奥克利・格雷厄姆,2018-07-01,天地出版社,419条评论
309.,http://product.dangdang.com/24021501.html,优雅女孩家居设计贴纸书（共4本）,梅根,2016-08-01,接力出版社,371条评论
310.,http://product.dangdang.com/25066747.html,邦臣小红花・小宝宝益智游戏盒系列（套装4盒） [适合于2岁以上幼儿],北京小红花图书工作室,2016-12-01,中国人口出版社,382条评论
311.,http://product.dangdang.com/23930689.html,世界建筑自己做,班内迪克特・勒・罗亚黑,2016-05-01,长江少年儿童出版社,2787条评论
312.,http://product.dangdang.com/25297319.html,德国经典专注力亲子游戏书 第一辑（全3册）,拉尔夫・布奇科,2018-03-01,天津人民出版社,1464条评论
313.,http://product.dangdang.com/25260092.html,天才儿童创造性思维培养系列  创造力训练（全6册）,真果果,2018-04-17,中国人口出版社,529条评论
314.,http://product.dangdang.com/25181187.html,儿童脑力开发大书（3册）,克里斯汀・罗伯森,2018-01-01,新蕾出版社,304条评论
315.,http://product.dangdang.com/23177198.html,脑筋急转弯（共4册）,小鱼,2013-02-01,浙江少年儿童出版社,8130条评论
316.,http://product.dangdang.com/25115005.html,英国幼儿经典思维创意贴纸书・全3册,爱丽丝・格里菲斯,2017-10-01,中国纺织出版社,754条评论
317.,http://product.dangdang.com/25327719.html,英国孩子都爱玩的全脑开发游戏书（套装共2册）,道恩・艾萨克,2018-09-01,中国商业出版社,338条评论
318.,http://product.dangdang.com/25107771.html,英国幼儿经典全景贴纸书第三辑,瑞贝卡,2017-05-01,接力出版社,377条评论
319.,http://product.dangdang.com/25093482.html,邦臣小红花・创意贴出来 : 全8册,北京小红花图书工作室,2017-06-01,中国人口出版社,683条评论
320.,http://product.dangdang.com/23228505.html,公文式教育―最简单的迷宫书（2、3岁）,日本公文出版,2013-05-01,连环画出版社,7198条评论
321.,http://product.dangdang.com/25478907.html,小小建筑师,多米尼克・埃拉尔,2018-10-15,辽宁少年儿童出版社,538条评论
322.,http://product.dangdang.com/22884958.html,手巧心灵：有趣的头脑开发创意游戏,Delphine,2012-10-08,连环画出版社,4876条评论
323.,http://product.dangdang.com/22524986.html,轻松培养儿童专注力,陈宜男,2011-09-01,河南科学技术出版社,10011条评论
324.,http://product.dangdang.com/25166792.html,公文式教育：思维训练游戏-逻辑力,日本公文出版,2017-10-01,中国民族摄影艺术出版社,1625条评论
325.,http://product.dangdang.com/25162859.html,公文式教育：我的第一本手工游戏书（套装共2册）,竹井史郎,2017-09-01,中国民族摄影艺术出版社,610条评论
326.,http://product.dangdang.com/23533761.html,让孩子痴迷的纸飞机（全2册 ）,Usborne出版社,2014-09-01,光明日报出版社,6716条评论
327.,http://product.dangdang.com/23835835.html,英国幼儿经典情景大迷宫：苹果迷宫,柯尔斯廷罗布森,2016-01-01,接力出版社,5015条评论
328.,http://product.dangdang.com/25176151.html,邦臣小红花・玩贴纸・走进数学 第1阶段,北京小红花图书工作室,2017-08-01,中信出版社,999条评论
329.,http://product.dangdang.com/23795358.html,英国幼儿经典全景贴纸书（交通工具+动物主题，全6册）,塔普林,2015-11-01,接力出版社,2081条评论
330.,http://product.dangdang.com/24105691.html,英国幼儿经典主题贴纸书（共4本）,菲奥娜,2016-08-01,接力出版社,351条评论
331.,http://product.dangdang.com/23927843.html,杜噜嘟嘟的假期,埃尔维,2016-03-01,光明日报出版社,1763条评论
332.,http://product.dangdang.com/25239575.html,宝宝全脑开发贴贴画,小小果树,2016-05-01,上海科学普及出版社,363条评论
333.,http://product.dangdang.com/25204293.html,超级飞侠3大家一起找不同（全4册）,上海仙剑文化传媒股份有限,2017-12-01,山东美术出版社,822条评论
334.,http://product.dangdang.com/25153931.html,公文式教育：儿童益智手工书（礼盒装共9册）,日本公文出版,2017-08-08,连环画出版社,225条评论
335.,http://product.dangdang.com/24135269.html,德国经典专注力培养纸板书. 恐龙时代,卡亚德,2017-01-01,化学工业出版社,1725条评论
336.,http://product.dangdang.com/23761994.html,启明星少儿全脑开发丛书：趣味迷宫6～7岁,林宜庭,2015-08-01,中国人口出版社,2579条评论
337.,http://product.dangdang.com/23704664.html,玩转头脑奥林匹克・创造力大爆炸（套装全三册）,陈伟新,2015-05-01,华东师范大学出版社,2404条评论
338.,http://product.dangdang.com/24003576.html,3Q潜能开发迪士尼贴乐园 赛车总动员（4~5岁）（5册）,迪士尼公司,2016-06-01,人民邮电出版社,713条评论
339.,http://product.dangdang.com/22811092.html,何秋光思维训练 儿童数学智力潜能开发5-6岁（全3册）2,何秋光,2012-08-01,接力出版社,10757条评论
340.,http://product.dangdang.com/25307999.html,英国幼儿经典专注力培养大画册（全六册）,英国尤斯伯恩出版公司,2018-07-01,接力出版社,369条评论
341.,http://product.dangdang.com/25121300.html,数学小九九益智游戏总动员：迷宫大冒险・趣味乘法口诀・图画捉迷藏,伊藤龙也,2017-08-01,吉林摄影出版社,1315条评论
342.,http://product.dangdang.com/23228499.html,公文式教育―最动脑的拼贴书（4、5岁）,日本公文出版,2013-05-01,连环画出版社,7330条评论
343.,http://product.dangdang.com/23950170.html,邦臣小红花-立体手工（套装共4册）,北京小红花图书工作室,2015-01-01,中国人口出版社,1145条评论
344.,http://product.dangdang.com/25166852.html,邦臣小红花-脑力游戏・观察・启智・记忆,北京小红花图书工作室,2017-09-01,中国人口出版社,706条评论
345.,http://product.dangdang.com/25123024.html,爆笑虫子 欢乐至上抓帧故事书（共6册）,前海拉瓦动漫,2017-05-01,浙江少年儿童出版社,346条评论
346.,http://product.dangdang.com/25229313.html,邦臣小红花・看里面玩捉迷藏翻翻发声书・全3册,北京小红花图书工作室,2017-02-01,中国人口出版社,84条评论
347.,http://product.dangdang.com/24013439.html,海底小纵队益智拼图（全6册）,海豚传媒,2016-09-01,长江少年儿童出版社,627条评论
348.,http://product.dangdang.com/25065419.html,海底小纵队迷宫大冒险（套装共4册）,海豚传媒,2017-05-01,长江少年儿童出版社,740条评论
349.,http://product.dangdang.com/25163660.html,儿童立体手工书――3D纸模大全 （全6册）,艾琳・马札,2017-05-01,江西高校出版社,256条评论
350.,http://product.dangdang.com/25201869.html,思维导图(全彩少儿版):学习技巧训练,东尼・博赞,2018-02-01,化学工业出版社,809条评论
351.,http://product.dangdang.com/23693337.html,儿童启蒙认知动脑贴纸书（套装共8册）,余非鱼,2015-02-01,测绘出版社,3553条评论
352.,http://product.dangdang.com/23678570.html,宝宝启蒙认知撕不烂贴纸书（全六册）,曾芳,2015-04-01,江西美术出版社,1625条评论
353.,http://product.dangdang.com/23977656.html,德国幼儿智力发展启蒙训练书：哇呜，繁忙的飞机场,斯蒂芬,2016-07-20,石油工业出版社,2360条评论
354.,http://product.dangdang.com/23634020.html,幼儿手工制作系列（套装共3册）,颜丹红,2014-12-01,化学工业出版社,1431条评论
355.,http://product.dangdang.com/23974491.html,小婴孩3岁智力全脑开发亲子互动阅读游戏童书（3岁爱阅读+3岁全脑开发+我3岁）共3册,教育2,2016-01-01,吉林出版集团有限责任公司,1603条评论
356.,http://product.dangdang.com/25166791.html,公文式教育：思维训练游戏-想象力,日本公文出版,2017-10-01,中国民族摄影艺术出版社,1506条评论
357.,http://product.dangdang.com/25122834.html,赛车总动员3・极速挑战・赛车嘉年华超值经典套装,美国迪士尼公司,2017-08-20,中信出版社,552条评论
358.,http://product.dangdang.com/23950087.html,邦臣小红花・宝宝趣味走迷宫+宝宝趣味找不同 (全8册),北京小红花图书工作室,2015-10-01,青岛出版社,610条评论
359.,http://product.dangdang.com/23734138.html,公文式教育：最益智的迷宫书（交通工具）（5-6岁）,日本公文出版,2015-08-01,中国民族摄影艺术出版社,3905条评论
360.,http://product.dangdang.com/25218623.html,小婴孩 4-5岁 贴纸游戏书 套装共6册,冯薇,2018-01-01,吉林出版集团股份有限公司,529条评论
361.,http://product.dangdang.com/23734136.html,公文式教育：最益智的迷宫书（动物乐园）（5-6岁）,日本公文出版,2015-08-01,中国民族摄影艺术出版社,3638条评论
362.,http://product.dangdang.com/23587174.html,什么是什么・游戏书（儿童版）（全十二册）,中国民族摄影艺术出版社,2014-11-01,长江少年儿童出版社,1179条评论
363.,http://product.dangdang.com/23977658.html,德国幼儿智力发展启蒙训练书：哇呜，热热闹闹的工地,海豚传媒,2016-07-20,石油工业出版社,2150条评论
364.,http://product.dangdang.com/23950138.html,邦臣小红花・头脑潜能开发：迷宫 4-5岁（套装共2册）,长江少年儿童出版社,2014-06-01,青岛出版社,1939条评论
365.,http://product.dangdang.com/25083832.html,I FIND・迷宫大冒险・全7册,斯蒂芬,2017-08-01,中国纺织出版社,353条评论
366.,http://product.dangdang.com/24135266.html,德国经典专注力培养纸板书. 动物世界,石油工业出版社,2017-01-01,化学工业出版社,2027条评论
367.,http://product.dangdang.com/25257386.html,越玩越聪明的小学生益智游戏精选--侦探推理游戏,北京小红花图书工作室,2018-05-01,化学工业出版社,964条评论
368.,http://product.dangdang.com/24019810.html,玩出来的专注力（低幼版）：热闹的户外,青岛出版社,2016-09-30,中信出版社,971条评论
369.,http://product.dangdang.com/23855771.html,与大师一起艺术创想・中国传统文化（共8册）,B.M动漫工作室,2016-01-01,天天出版社有限责任公司,608条评论
370.,http://product.dangdang.com/23578301.html,儿童象棋基础教程(启蒙篇),中国纺织出版社,2014-10-01,化学工业出版社,5696条评论
371.,http://product.dangdang.com/25261224.html,嘿，一起来玩吧！(全6册）,卡亚德,2018-04-01,北京联合出版有限公司,291条评论
372.,http://product.dangdang.com/25209851.html,猜猜我是谁（全6册）,化学工业出版社,2018-01-01,北京时代华文书局,97条评论
373.,http://product.dangdang.com/25235301.html,邦臣小红花・我的行为指导互动游戏书・这样做对吗,罗非鱼,2018-01-01,中国人口出版社,483条评论
374.,http://product.dangdang.com/23595266.html,我的第一本手工书,化学工业出版社,2014-10-01,新世纪出版社,4069条评论
375.,http://product.dangdang.com/23485299.html,从小爱动手：给孩子的130 堂创意实验课（全四册）,菲奥娜・瓦特,2014-06-01,广西师范大学出版社,874条评论
376.,http://product.dangdang.com/24159111.html,法国孩子的创想手工课・第一辑・玩出动手力（套装）,中信出版社,2016-12-23,中信出版社,528条评论
377.,http://product.dangdang.com/25238636.html,专注力训练贴贴画.0-3岁表达能力,天天出版社,2017-05-01,河北美术出版社,623条评论
378.,http://product.dangdang.com/25196006.html,我的世界生存贴纸书,天天出版社有限责任公司,2018-01-01,人民邮电出版社,616条评论
379.,http://product.dangdang.com/22811093.html,何秋光思维训练 儿童数学智力潜能开发5-6岁（全3册）1,,2012-08-01,接力出版社,15725条评论
380.,http://product.dangdang.com/23762001.html,启明星少儿全脑开发丛书：益智迷宫7～8岁,化学工业出版社,2015-08-01,中国人口出版社,2963条评论
381.,http://product.dangdang.com/25260733.html,越玩越聪明的小学生益智游戏精选--逻辑思维游戏,罗非鱼,2018-05-01,化学工业出版社,985条评论
382.,http://product.dangdang.com/23950102.html,邦臣小红花-0-6岁多元智能神奇贴纸（套装全16册）,北京小红花图书工作室,2014-12-01,青岛出版社,219条评论
383.,http://product.dangdang.com/23950131.html,邦臣小红花：我来贴贴纸（套装全18册）,北京小红花图书工作室,2014-06-01,青岛出版社,389条评论
384.,http://product.dangdang.com/24230115.html,全脑思维升级训练 全8册（智力开发+左脑开发+右脑开发+语言能力培养+艺术能力+数学能力+生活能力+感觉能力培养）,童悦早教,2016-12-01,广东旅游出版社,372条评论
385.,http://product.dangdang.com/23175597.html,幼儿手工课堂系列（全六册）,真果果,2013-01-01,中国人口出版社,9563条评论
386.,http://product.dangdang.com/25181189.html,儿童脑力开发大书――点点点 连线大挑战,克里斯汀・罗伯森,2018-01-01,新蕾出版社,686条评论
387.,http://product.dangdang.com/22856529.html,神奇贴纸 4-5岁 （全3册）,北京小红花图书工作室,2013-12-01,青岛出版社,3116条评论
388.,http://product.dangdang.com/23798440.html,全脑开发游戏 4～6岁（套装共8册）,曹德志,2015-09-01,吉林美术出版社,368条评论
389.,http://product.dangdang.com/22924183.html,DIY做贺卡 (全两盒）,真果果,2012-08-01,中国人口出版社,3490条评论
390.,http://product.dangdang.com/24157087.html,HelloKitty凯蒂猫从零开始培养专注力（4册）,三丽鸥公司,2017-01-01,人民邮电出版社,570条评论
391.,http://product.dangdang.com/24005793.html,疯狂纸飞机折纸游戏（套装共4册）,富尔曼,2016-09-01,河北少年儿童出版社,699条评论
392.,http://product.dangdang.com/24135267.html,德国经典专注力培养纸板书. 开心农场,卡亚德,2017-01-01,化学工业出版社,1791条评论
393.,http://product.dangdang.com/25314347.html,天才儿童创造性思维培养系列：专注力训练（全6册）,真果果,2018-07-01,中国人口出版社,38551条评论
394.,http://product.dangdang.com/25120519.html,乐高漫游故事汇：未来骑士团+幻影忍者（赠乐高玩具）（套装共2册）,AMEET工作室,2017-10-01,国家开放大学出版社,337条评论
395.,http://product.dangdang.com/23950122.html,邦臣小红花・童话贴纸书（套装全10册）,北京小红花图书工作室,2014-12-01,青岛出版社,1028条评论
396.,http://product.dangdang.com/25204243.html,超级飞侠3欢乐贴纸大世界（全6册）,上海仙剑文化传媒股份有限公司,2017-12-01,山东美术出版社,366条评论
397.,http://product.dangdang.com/23761997.html,启明星少儿全脑开发丛书：益智迷宫3～4岁,林宜庭,2015-08-01,中国人口出版社,1780条评论
398.,http://product.dangdang.com/23903142.html,图画捉迷藏・2016精华版（全2册）,童光萃集出版社,2016-01-01,北京科学技术出版社,4681条评论
399.,http://product.dangdang.com/22570572.html,我的第一本艺术书,迪金斯,2012-01-01,光明日报出版社,17378条评论
400.,http://product.dangdang.com/23974489.html,小婴孩1岁智力全脑开发亲子互动阅读游戏童书：1岁爱阅读+1岁全脑开发+我1岁（套装共3册）,教育2,2016-01-01,吉林出版集团有限责任公司,1218条评论
401.,http://product.dangdang.com/25120142.html,长长的贴纸地带：摩登伦敦+极地探险+雨林探秘+浪漫巴黎（全四册）,罗伯特・塞缪尔,2017-08-01,花山文艺出版社,284条评论
402.,http://product.dangdang.com/23950144.html,邦臣小红花・宝宝连线（套装共4册）,北京小红花图书工作室,2014-06-01,青岛出版社,1270条评论
403.,http://product.dangdang.com/25167044.html,邦臣小红花・我爱做手工（折纸书+剪纸书 共2册）,北京小红花图书工作室,2017-08-01,中国人口出版社,551条评论
404.,http://product.dangdang.com/25343887.html,图画捉迷藏・迷你经典版套装（全四册）,美国童光萃集出版社,2018-09-01,北京科学技术出版社,386条评论
405.,http://product.dangdang.com/25184708.html,学前记忆力培养游戏书（套装4册）,薛月英,2017-09-01,化学工业出版社,331条评论
406.,http://product.dangdang.com/23931169.html,斯凯瑞快乐启智系列（全2册）,美国斯凯瑞,2016-04-01,湖南少年儿童出版社,588条评论
407.,http://product.dangdang.com/25174378.html,儿童创意线描.提高篇,张慧玲,2017-10-01,化学工业出版社,1057条评论
408.,http://product.dangdang.com/24194613.html,小马宝莉让孩子痴迷的IQ脑力游戏书（4册）,孩之宝公司,2017-03-01,人民邮电出版社,563条评论
409.,http://product.dangdang.com/23977653.html,德国幼儿智力发展启蒙训练书：嘀嘀，施工乐园来了,伊莎贝拉,2016-07-15,石油工业出版社,1786条评论
410.,http://product.dangdang.com/25261116.html,多湖辉新头脑开发丛书：3-4岁系列（套装共8册）,多湖,2018-04-01,浙江人民美术出版社,199条评论
411.,http://product.dangdang.com/22560781.html,"宝宝快乐连线书(全4册):提高孩子动手动脑能力,在游戏中猎取更多知识  适合3-6岁",孔燕萍,2012-08-01,北方妇女儿童出版社,1742条评论
412.,http://product.dangdang.com/25204244.html,超级飞侠创意贴纸游戏书（全4册）,上海仙剑文化传播股份有限公司,2017-05-01,山东美术出版社,189条评论
413.,http://product.dangdang.com/24167287.html,幼儿认知启蒙1000贴纸书. 超炫汽车,沙丁猫,2017-01-01,化学工业出版社,1438条评论
414.,http://product.dangdang.com/25166794.html,公文式教育：思维训练游戏-辨别力,日本公文出版,2017-10-01,中国民族摄影艺术出版社,1147条评论
415.,http://product.dangdang.com/22811091.html,何秋光思维训练 儿童数学智力潜能开发5-6岁（全3册）3,何秋光,2012-08-01,接力出版社,11207条评论
416.,http://product.dangdang.com/23761999.html,启明星少儿全脑开发丛书：益智迷宫5～6岁,林宜庭,2015-08-01,中国人口出版社,1684条评论
417.,http://product.dangdang.com/23654052.html,皮皮鲁创意大冒险,郑渊洁,2015-03-01,天津人民出版社,1691条评论
418.,http://product.dangdang.com/25215795.html,中国少年儿童智力挑战全书：快乐数独,谢道台,2018-01-01,浙江少年儿童出版社,1207条评论
419.,http://product.dangdang.com/25279252.html,邦臣小红花・小脸变变变：全4册,小红花图书工作室,2018-03-01,中信出版社,79条评论
420.,http://product.dangdang.com/24146652.html,乐高全能游戏大挑战系列（套装2册）,乐高公司,2016-12-01,国家开放大学出版社,895条评论
421.,http://product.dangdang.com/23285537.html,My music 音乐听辨游戏大发现（共2册）,游妍丽,2013-06-01,电子工业出版社,3489条评论
422.,http://product.dangdang.com/25212275.html,我是杜噜嘟嘟 2018年新版,埃尔维・杜莱,2016-03-01,光明日报出版社,1426条评论
423.,http://product.dangdang.com/25100207.html,汽车泡泡贴：全4册,于清峰,2017-09-01,中国纺织出版社,506条评论
424.,http://product.dangdang.com/23773352.html,简单好玩的剪纸手工入门书--儿童趣味剪纸,王云,2015-09-01,化学工业出版社,1673条评论
425.,http://product.dangdang.com/25229362.html,全脑思维训练游戏书（套装4册）,沐渔文化,2018-02-01,化学工业出版社,269条评论
426.,http://product.dangdang.com/25266058.html,公文式教育：思维训练游戏进阶版-逻辑力,日本公文出版,2018-04-01,中国民族摄影艺术出版社,881条评论
427.,http://product.dangdang.com/25176150.html,邦臣小红花・玩贴纸・走进数学 第2阶段,北京小红花图书工作室,2017-08-01,中信出版社,666条评论
428.,http://product.dangdang.com/22856528.html,神奇贴纸（全9册）,北京小红花图书工作室,2013-12-01,青岛出版社,1076条评论
429.,http://product.dangdang.com/24019811.html,玩出来的专注力（低幼版）：可爱的动物,菲奥娜・瓦特,2016-09-30,中信出版社,993条评论
430.,http://product.dangdang.com/24167288.html,幼儿认知启蒙1000贴纸书. 神秘恐龙,沙丁猫,2017-01-01,化学工业出版社,1386条评论
431.,http://product.dangdang.com/24034192.html,3Q潜能开发贴纸游戏�B托马斯和朋友(5册）,美太公司,2016-09-01,人民邮电出版社,419条评论
432.,http://product.dangdang.com/25204862.html,超级观察力科普游戏书系列（套装共4册）,罗曼,2017-12-01,北京时代华文书局,242条评论
433.,http://product.dangdang.com/25156073.html,赛车总动员 小车迷贴纸游戏书（6册）,迪士尼公司,2017-09-01,人民邮电出版社,472条评论
434.,http://product.dangdang.com/23669733.html,IQ益智游戏大百科（共5册）,秋山仁,2015-01-01,浙江少年儿童出版社,561条评论
435.,http://product.dangdang.com/23353034.html,儿童围棋基础教程（启蒙篇）,吴秉铁,2013-10-01,化学工业出版社,2307条评论
436.,http://product.dangdang.com/25311754.html,尤斯伯恩英国幼儿经典全景贴纸书（自然・动物卷）（共六册）,英国尤斯伯恩出版公司,2018-07-02,接力出版社,298条评论
437.,http://product.dangdang.com/23395988.html,轻松培养儿童专注力2,陈宜男,2013-11-01,河南科学技术出版社,3256条评论
438.,http://product.dangdang.com/24159110.html,法国孩子的创想手工课・第二辑・玩出创造力（套装）,弗吉尼亚・阿拉加・马勒布,2016-12-31,中信出版社,342条评论
439.,http://product.dangdang.com/24174030.html,好奇狗陪你学:专注力训练（套装，7册）,好奇狗专注力训练游戏团队,2017-01-01,浙江少年儿童出版社,614条评论
440.,http://product.dangdang.com/25271991.html,让孩子痴迷的创意折纸书（全2册）,厄斯伯恩出版社,2017-07-01,九州出版社,1008条评论
441.,http://product.dangdang.com/23761990.html,启明星少儿全脑开发丛书：趣味迷宫（套装共5册）,林宜庭,2015-08-01,中国人口出版社,319条评论
442.,http://product.dangdang.com/23835834.html,英国幼儿经典情景大迷宫：扭来扭去换位子,菲尔克拉克,2016-01-01,接力出版社,3341条评论
443.,http://product.dangdang.com/24027163.html,真果果认知游戏书（全4册）,真果果,2016-09-05,中国人口出版社,401条评论
444.,http://product.dangdang.com/24019809.html,玩出来的专注力（低幼版）：我的家,菲奥娜・瓦特,2016-09-30,中信出版社,795条评论
445.,http://product.dangdang.com/23398668.html,给孩子的艺术创意大书（全8册）,科斯诺,2014-01-01,湖南少年儿童出版社,5626条评论
446.,http://product.dangdang.com/23585759.html,恐龙王国迷宫大冒险,有贺,2014-10-01,河北教育出版社,1962条评论
447.,http://product.dangdang.com/23687554.html,语文数学贴纸游戏（小班套装）（含数学2册、语文2册，共4册）（赠送贴纸1200张）（包含识字、数数、10以内加减、比较、常识认知等）,旖旎湾,2015-05-01,河北少年儿童出版社,1268条评论
448.,http://product.dangdang.com/23941434.html,闪亮公主贴纸书（全套共6册）,朱雯霏,2016-04-01,江西高校出版社,570条评论
449.,http://product.dangdang.com/23991200.html,真果果学习力1（全六册）,真果果,2016-06-20,青岛出版社,877条评论
450.,http://product.dangdang.com/25244597.html,小猪佩奇趣味贴纸游戏书（第二辑）：佩奇的装扮游戏,英国快乐瓢虫出版公司,2018-04-01,安徽少年儿童出版社,726条评论
451.,http://product.dangdang.com/25081885.html,无敌纸飞机（全2册 ）,Usborne出版社,2017-07-01,九州出版社,615条评论
452.,http://product.dangdang.com/25180482.html,小马宝莉玩不够的百变贴纸书（2册）,孩之宝公司,2017-10-15,人民邮电出版社,387条评论
453.,http://product.dangdang.com/24185499.html,高阶版图画捉迷藏（全4册，全新第3版）,美国童光萃集出版社,2016-07-01,北京科学技术出版社,225条评论
454.,http://product.dangdang.com/23623567.html,魔法毛根游戏书2―毛根小手工套装（套装全3册）,张辉,2015-01-01,江西高校出版社,471条评论
455.,http://product.dangdang.com/25179174.html,专注力训练288图(套装共8册) [,智趣文化,2017-08-01,中国和平出版社,325条评论
456.,http://product.dangdang.com/23713946.html,魔力思维训练营（3~4岁 套装全8册） 数学阶梯 数学闯关 妙趣认知 创意涂色 创意手工 奇幻迷宫 自然探索 视觉挑战,applebee,2015-05-01,江苏科学技术出版社,217条评论
457.,http://product.dangdang.com/23991202.html,真果果学习力2（全六册）,真果果,2016-06-20,青岛出版社,639条评论
458.,http://product.dangdang.com/24045316.html,翻绳大全,有木昭久,2016-10-01,南海出版公司,1448条评论
459.,http://product.dangdang.com/25309736.html,邦臣小红花-宝宝启蒙认知贴纸书(套装共5册)・2-5岁,北京小红花图书工作室,2018-07-01,中国人口出版社,545条评论
460.,http://product.dangdang.com/23389348.html,与大师一起艺术创想・第二辑（共四册）,露西,2013-12-12,天天出版社,2713条评论
461.,http://product.dangdang.com/23521972.html,DK精品 有趣的大脑潜力训练（平装3册，提升创造力、神奇的大脑、感知和记忆）,约翰・伍德沃德,2011-09-01,科学普及出版社,884条评论
462.,http://product.dangdang.com/25235300.html,邦臣小红花・我的行为指导互动游戏书・这样做安全吗,北京小红花图书工作室,2018-01-01,中国人口出版社,333条评论
463.,http://product.dangdang.com/25182890.html,汪汪队一起贴贴贴,上海致远,2017-09-01,哈尔滨出版社,1007条评论
464.,http://product.dangdang.com/23929160.html,海底小纵队梦幻贴纸书：动感潜水艇,Vampire,2016-04-01,长江少年儿童出版社,3225条评论
465.,http://product.dangdang.com/23761992.html,启明星少儿全脑开发丛书：趣味迷宫4～5岁,林宜庭,2015-08-01,中国人口出版社,1554条评论
466.,http://product.dangdang.com/25066750.html,邦臣小红花・小宝宝益智游戏盒系列：我的拼图游戏 [适合于2岁以上幼儿],北京小红花图书工作室,2016-12-01,中国人口出版社,948条评论
467.,http://product.dangdang.com/23591230.html,成语接龙游戏大全（全面覆盖小学生常用成语） ,周勇,2014-11-01,机械工业出版社,2160条评论
468.,http://product.dangdang.com/24039088.html,【中信童书】法国孩子的创想手工课系列套装（共6册）,阿利克斯・安塞尔姆,2017-01-19,中信出版社,274条评论
469.,http://product.dangdang.com/23761995.html,启明星少儿全脑开发丛书：趣味迷宫7～8岁,林宜庭,2015-08-01,中国人口出版社,3240条评论
470.,http://product.dangdang.com/24034193.html,3Q潜能开发贴纸游戏�B小马宝莉(5册）,孩之宝公司,2016-09-01,人民邮电出版社,343条评论
471.,http://product.dangdang.com/25181188.html,儿童脑力开发大书――转转转 迷宫大冒险,克里斯汀・罗伯森・萨姆�B史密斯,2018-01-01,新蕾出版社,535条评论
472.,http://product.dangdang.com/25114044.html,公文式教育：益智立体手工书,日本公文出版,2017-08-01,中国民族摄影艺术出版社,952条评论
473.,http://product.dangdang.com/25306847.html,多湖辉新头脑开发丛书：入园准备系列（套装共6册）,多湖,2018-07-01,浙江人民美术出版社,185条评论
474.,http://product.dangdang.com/23909204.html,幼儿园情景手工大全：迷你城市,格林图书,2016-02-01,长江少年儿童出版社,1004条评论
475.,http://product.dangdang.com/23669726.html,手工大王彩纸宝盒：折纸大全,幼狮文化,2015-01-01,浙江少年儿童出版社,2171条评论
476.,http://product.dangdang.com/25329465.html,汪汪队立大功儿童安全救援大迷宫（全4册）（56幅全景大迷宫；56次汪汪队救援重现；56种安全自救本领！玩迷宫，赢徽章，安全自护，像狗狗们这样做！）,美国尼克儿童频道,2018-09-01,天地出版社,400条评论
477.,http://product.dangdang.com/23991201.html,真果果学习力3（全六册）,真果果,2016-06-20,青岛出版社,736条评论
478.,http://product.dangdang.com/24031002.html,《宝贝熊益智互动书.第2辑》,安娜,2015-05-01,北京联合出版公司,533条评论
479.,http://product.dangdang.com/23922648.html,斯凯瑞快乐启智系列・忙忙碌碌镇益智游戏书,美国斯凯瑞出版公司,2016-01-20,湖南少年儿童出版社,1621条评论
480.,http://product.dangdang.com/25168775.html,公文式教育：成长游戏（涂一涂+画一画+剪一剪+贴一贴 共2册）,日本公文出版,2017-06-01,中国民族摄影艺术出版社,323条评论
481.,http://product.dangdang.com/25220747.html,中国少年儿童智力挑战全书：脑筋急转弯・奇思妙想（彩绘注音版）,小鱼,2018-01-01,浙江少年儿童出版社,1014条评论
482.,http://product.dangdang.com/25305199.html,99游戏提升孩子专注力（全3册，含迷宫、涂色、连连看）,许正典,2018-08-01,青岛出版社,348条评论
483.,http://product.dangdang.com/25152988.html,新思维头脑风暴 （套装共2册）,龚勋,2015-07-01,辽宁少年儿童出版社,789条评论
484.,http://product.dangdang.com/25279040.html,数独（全8册）,李志峰,2016-07-01,哈尔滨出版社,377条评论
485.,http://product.dangdang.com/23395986.html,轻松培养儿童专注力3,陈宜男,2013-11-01,河南科学技术出版社,2783条评论
486.,http://product.dangdang.com/25157591.html,超可爱儿童手工图库--剪纸220例,稚子文化,2017-09-01,化学工业出版社,776条评论
487.,http://product.dangdang.com/23714611.html,皮皮鲁送你100条命幼儿版贴纸书,郑渊洁,2015-06-01,天津人民出版社,1834条评论
488.,http://product.dangdang.com/25081225.html,儿童记忆力训练游戏书游戏书（套装共5册）,智趣文化,2017-05-01,中国和平出版社,577条评论
489.,http://product.dangdang.com/23687555.html,语文数学贴纸游戏（中班套装）（含数学2册、语文2册，共4册）（赠送贴纸1200张）（包含识字、识词、阅读、数数、图形、加减、时间等相关内容）,旖旎湾,2015-05-01,河北少年儿童出版社,1248条评论
490.,http://product.dangdang.com/25245341.html,专注力训练书：迷宫探险家+大家一起找不同,上海仙剑文化传媒股份有限公司,2017-07-08,山东美术出版社,268条评论
491.,http://product.dangdang.com/23922649.html,斯凯瑞快乐启智系列・忙忙碌碌镇互动贴纸书,美国斯凯瑞出版公司,2016-01-20,湖南少年儿童出版社,2772条评论
492.,http://product.dangdang.com/23978690.html,中国少儿必读金典（全优新版）：全脑思维游戏（实用有趣的脑力提升训练书，培养提高学生多项智能：数理概念空间感知图形识辨等）,龚勋,2016-06-01,天地出版社,1889条评论
493.,http://product.dangdang.com/21019185.html,好宝宝边玩边学贴纸书（全8册）,广东幼狮,2011-01-01,浙江少年儿童出版社,5279条评论
494.,http://product.dangdang.com/25122833.html,赛车总动员3・极速挑战・全明星赛车贴纸大书,美国迪士尼公司,2017-08-20,中信出版社,475条评论
495.,http://product.dangdang.com/25244355.html,迪士尼数理逻辑训练  119个游戏练出聪明大脑,迪士尼公司,2018-01-01,人民邮电出版社,424条评论
496.,http://product.dangdang.com/25282366.html,少儿陶艺教学200课（增订版）,黄华高,2018-08-01,浙江人民美术出版社,156条评论
497.,http://product.dangdang.com/25063109.html,越玩越聪明的数独（套装共6册）,余非鱼,2016-06-01,海豚出版社,538条评论
498.,http://product.dangdang.com/25290661.html,灯灯思维训练营（全套六册）,北京鱼子酱文化,2018-07-01,长江文艺出版社,208条评论
499.,http://product.dangdang.com/25226279.html,迪士尼专注力训练 208个游戏玩出专注力,迪士尼公司,2018-01-01,人民邮电出版社,399条评论
500.,http://product.dangdang.com/25178434.html,魔法学院的奇幻之旅：用GoC编程绘图（基础篇）,江涛,2017-01-01,广东高等教育出版社,740条评论
